OID_,NAME,ZONE_CODE,COUNT,AREA,AvgNDVI_MIN,AvgNDVI_MAX,AvgNDVI_RANGE,AvgNDVI_MEAN,AvgNDVI_STD,AvgNDVI_SUM,AvgNDVI_MEDIAN,AvgNDVI_PCT90,Date,AvgNDVI_Year,AvgNDVI_Month,MERGE_SRC
1,Nekatambe,1,5882.000000000000000,0.034248350858000,108.666664123535000,190.000000000000000,81.333335876464800,171.312252126393000,12.176026742774300,1007658.667007440000000,175.000000000000000,183.333328247070000,2015_01,2015,1,C:\Users\kem99059\Desktop\Zambezi\Climate\eMODIS_NDVI_C6\NDVI\MonthlyAvgNDVI.gdb\C_AvgNDVI_2015_01_WMA
2,Nemananga,2,3134.000000000000000,0.018247931246000,131.000000000000000,189.333328247070000,58.333328247070300,170.536162624103000,11.885462615787400,534460.333663939000000,174.666671752930000,182.666671752930000,2015_01,2015,1,C:\Users\kem99059\Desktop\Zambezi\Climate\eMODIS_NDVI_C6\NDVI\MonthlyAvgNDVI.gdb\C_AvgNDVI_2015_01_WMA
3,Sidinda,3,8465.000000000000000,0.049288046585000,140.000000000000000,190.000000000000000,50.000000000000000,174.109667415361000,6.749009960576290,1473838.334671030000000,175.000000000000000,182.000000000000000,2015_01,2015,1,C:\Users\kem99059\Desktop\Zambezi\Climate\eMODIS_NDVI_C6\NDVI\MonthlyAvgNDVI.gdb\C_AvgNDVI_2015_01_WMA
4,Simangani,4,7246.000000000000000,0.042190334974000,127.000000000000000,190.000000000000000,63.000000000000000,173.814426286294000,8.387820760034310,1259459.332870490000000,175.000000000000000,183.333328247070000,2015_01,2015,1,C:\Users\kem99059\Desktop\Zambezi\Climate\eMODIS_NDVI_C6\NDVI\MonthlyAvgNDVI.gdb\C_AvgNDVI_2015_01_WMA
5,Unknown 16,5,1665.000000000000000,0.009694577385000,99.000000000000000,185.666671752930000,86.666671752929700,167.605004878230000,12.325560925192800,279062.333122253000000,170.000000000000000,179.000000000000000,2015_01,2015,1,C:\Users\kem99059\Desktop\Zambezi\Climate\eMODIS_NDVI_C6\NDVI\MonthlyAvgNDVI.gdb\C_AvgNDVI_2015_01_WMA
6,Chidobe,6,1918.000000000000000,0.011167687342000,134.000000000000000,188.333328247070000,54.333328247070300,164.615224319156000,11.211670821379500,315732.000244141000000,166.000000000000000,178.333328247070000,2015_01,2015,1,C:\Users\kem99059\Desktop\Zambezi\Climate\eMODIS_NDVI_C6\NDVI\MonthlyAvgNDVI.gdb\C_AvgNDVI_2015_01_WMA
7,Jambezi,7,3848.000000000000000,0.022405245512000,134.333328247070000,190.000000000000000,55.666671752929700,172.610793563779000,9.426676741830340,664206.333633423000000,175.666671752930000,181.666671752930000,2015_01,2015,1,C:\Users\kem99059\Desktop\Zambezi\Climate\eMODIS_NDVI_C6\NDVI\MonthlyAvgNDVI.gdb\C_AvgNDVI_2015_01_WMA
8,Kachecheti,8,2626.000000000000000,0.015290066194000,131.333328247070000,189.333328247070000,58.000000000000000,164.198781590922000,10.988647125241100,431186.000457762000000,164.666671752930000,178.333328247070000,2015_01,2015,1,C:\Users\kem99059\Desktop\Zambezi\Climate\eMODIS_NDVI_C6\NDVI\MonthlyAvgNDVI.gdb\C_AvgNDVI_2015_01_WMA
9,Mabale,9,1780.000000000000000,0.010364172820000,134.000000000000000,190.000000000000000,56.000000000000000,174.186704134138000,7.993468508132110,310052.333358765000000,175.666671752930000,183.333328247070000,2015_01,2015,1,C:\Users\kem99059\Desktop\Zambezi\Climate\eMODIS_NDVI_C6\NDVI\MonthlyAvgNDVI.gdb\C_AvgNDVI_2015_01_WMA
10,Nekatambe,1,5882.000000000000000,0.034248350858000,105.000000000000000,188.666671752930000,83.666671752929700,168.826646276252000,11.174482390923600,993038.333396912000000,171.666671752930000,180.966667175293000,2015_02,2015,2,C:\Users\kem99059\Desktop\Zambezi\Climate\eMODIS_NDVI_C6\NDVI\MonthlyAvgNDVI.gdb\C_AvgNDVI_2015_02_WMA
11,Nemananga,2,3134.000000000000000,0.018247931246000,139.333328247070000,189.333328247070000,50.000000000000000,169.452031396648000,9.010654730158830,531062.666397095000000,171.333328247070000,180.000000000000000,2015_02,2015,2,C:\Users\kem99059\Desktop\Zambezi\Climate\eMODIS_NDVI_C6\NDVI\MonthlyAvgNDVI.gdb\C_AvgNDVI_2015_02_WMA
12,Sidinda,3,8465.000000000000000,0.049288046585000,140.666671752930000,189.000000000000000,48.333328247070300,171.375034481438000,5.858232580729850,1450689.666885370000000,171.666671752930000,178.333328247070000,2015_02,2015,2,C:\Users\kem99059\Desktop\Zambezi\Climate\eMODIS_NDVI_C6\NDVI\MonthlyAvgNDVI.gdb\C_AvgNDVI_2015_02_WMA
13,Simangani,4,7246.000000000000000,0.042190334974000,132.333328247070000,188.333328247070000,56.000000000000000,169.637087169945000,7.852943493934770,1229190.333633420000000,171.000000000000000,178.666671752930000,2015_02,2015,2,C:\Users\kem99059\Desktop\Zambezi\Climate\eMODIS_NDVI_C6\NDVI\MonthlyAvgNDVI.gdb\C_AvgNDVI_2015_02_WMA
14,Unknown 16,5,1665.000000000000000,0.009694577385000,98.333335876464800,187.000000000000000,88.666664123535200,167.115115310623000,10.760295052858200,278246.666992187000000,169.000000000000000,177.666671752930000,2015_02,2015,2,C:\Users\kem99059\Desktop\Zambezi\Climate\eMODIS_NDVI_C6\NDVI\MonthlyAvgNDVI.gdb\C_AvgNDVI_2015_02_WMA
15,Chidobe,6,1918.000000000000000,0.011167687342000,138.666671752930000,185.333328247070000,46.666656494140600,162.255822047451000,9.110968602691350,311206.666687011000000,163.000000000000000,173.666671752930000,2015_02,2015,2,C:\Users\kem99059\Desktop\Zambezi\Climate\eMODIS_NDVI_C6\NDVI\MonthlyAvgNDVI.gdb\C_AvgNDVI_2015_02_WMA
16,Jambezi,7,3848.000000000000000,0.022405245512000,143.000000000000000,190.000000000000000,47.000000000000000,171.042359595983000,7.761419380936830,658170.999725342000000,172.833335876465000,179.333328247070000,2015_02,2015,2,C:\Users\kem99059\Desktop\Zambezi\Climate\eMODIS_NDVI_C6\NDVI\MonthlyAvgNDVI.gdb\C_AvgNDVI_2015_02_WMA
17,Kachecheti,8,2626.000000000000000,0.015290066194000,132.000000000000000,188.666671752930000,56.666671752929700,162.231403946422000,9.531008366452720,426019.666763305000000,162.000000000000000,175.000000000000000,2015_02,2015,2,C:\Users\kem99059\Desktop\Zambezi\Climate\eMODIS_NDVI_C6\NDVI\MonthlyAvgNDVI.gdb\C_AvgNDVI_2015_02_WMA
18,Mabale,9,1780.000000000000000,0.010364172820000,153.333328247070000,188.666671752930000,35.333343505859400,174.427528004164000,5.928311173517250,310480.999847412000000,175.000000000000000,181.666671752930000,2015_02,2015,2,C:\Users\kem99059\Desktop\Zambezi\Climate\eMODIS_NDVI_C6\NDVI\MonthlyAvgNDVI.gdb\C_AvgNDVI_2015_02_WMA
19,Nekatambe,1,5882.000000000000000,0.034248350858000,107.000000000000000,187.333328247070000,80.333328247070300,159.845630708011000,10.899375016576100,940211.999824524000000,161.333328247070000,172.333328247070000,2015_03,2015,3,C:\Users\kem99059\Desktop\Zambezi\Climate\eMODIS_NDVI_C6\NDVI\MonthlyAvgNDVI.gdb\C_AvgNDVI_2015_03_WMA
20,Nemananga,2,3134.000000000000000,0.018247931246000,130.333328247070000,188.000000000000000,57.666671752929700,162.259625540163000,9.535242967172010,508521.666442871000000,162.666671752930000,174.333328247070000,2015_03,2015,3,C:\Users\kem99059\Desktop\Zambezi\Climate\eMODIS_NDVI_C6\NDVI\MonthlyAvgNDVI.gdb\C_AvgNDVI_2015_03_WMA
21,Sidinda,3,8465.000000000000000,0.049288046585000,136.666671752930000,187.666671752930000,51.000000000000000,163.308879703132000,5.920830860348650,1382409.666687010000000,163.000000000000000,170.333328247070000,2015_03,2015,3,C:\Users\kem99059\Desktop\Zambezi\Climate\eMODIS_NDVI_C6\NDVI\MonthlyAvgNDVI.gdb\C_AvgNDVI_2015_03_WMA
22,Simangani,4,7246.000000000000000,0.042190334974000,129.333328247070000,189.000000000000000,59.666671752929700,158.356564539952000,8.222962021821260,1147451.666656490000000,159.333328247070000,168.000000000000000,2015_03,2015,3,C:\Users\kem99059\Desktop\Zambezi\Climate\eMODIS_NDVI_C6\NDVI\MonthlyAvgNDVI.gdb\C_AvgNDVI_2015_03_WMA
23,Unknown 16,5,1665.000000000000000,0.009694577385000,99.000000000000000,178.000000000000000,79.000000000000000,156.116516617326000,9.448469570566110,259934.000167847000000,157.000000000000000,167.000000000000000,2015_03,2015,3,C:\Users\kem99059\Desktop\Zambezi\Climate\eMODIS_NDVI_C6\NDVI\MonthlyAvgNDVI.gdb\C_AvgNDVI_2015_03_WMA
24,Chidobe,6,1918.000000000000000,0.011167687342000,132.000000000000000,186.666671752930000,54.666671752929700,155.419881842557000,8.998096761436580,298095.333374024000000,154.666671752930000,166.666671752930000,2015_03,2015,3,C:\Users\kem99059\Desktop\Zambezi\Climate\eMODIS_NDVI_C6\NDVI\MonthlyAvgNDVI.gdb\C_AvgNDVI_2015_03_WMA
25,Jambezi,7,3848.000000000000000,0.022405245512000,138.333328247070000,189.000000000000000,50.666671752929700,162.930699984893000,7.707755601847840,626957.333541870000000,163.000000000000000,171.666671752930000,2015_03,2015,3,C:\Users\kem99059\Desktop\Zambezi\Climate\eMODIS_NDVI_C6\NDVI\MonthlyAvgNDVI.gdb\C_AvgNDVI_2015_03_WMA
26,Kachecheti,8,2626.000000000000000,0.015290066194000,126.666664123535000,187.333328247070000,60.666664123535200,154.879030234924000,9.425889124906630,406712.333396912000000,154.000000000000000,167.000000000000000,2015_03,2015,3,C:\Users\kem99059\Desktop\Zambezi\Climate\eMODIS_NDVI_C6\NDVI\MonthlyAvgNDVI.gdb\C_AvgNDVI_2015_03_WMA
27,Mabale,9,1780.000000000000000,0.010364172820000,147.000000000000000,188.333328247070000,41.333328247070300,169.485393232710000,7.480835146040120,301683.999954224000000,170.333328247070000,178.666671752930000,2015_03,2015,3,C:\Users\kem99059\Desktop\Zambezi\Climate\eMODIS_NDVI_C6\NDVI\MonthlyAvgNDVI.gdb\C_AvgNDVI_2015_03_WMA
28,Nekatambe,1,5882.000000000000000,0.034248350858000,104.000000000000000,189.000000000000000,85.000000000000000,159.291284193437000,10.422785145213300,936951.333625794000000,160.333328247070000,171.000000000000000,2015_04,2015,4,C:\Users\kem99059\Desktop\Zambezi\Climate\eMODIS_NDVI_C6\NDVI\MonthlyAvgNDVI.gdb\C_AvgNDVI_2015_04_WMA
29,Nemananga,2,3134.000000000000000,0.018247931246000,134.333328247070000,188.333328247070000,54.000000000000000,163.498723680682000,9.589798937842560,512405.000015258000000,164.000000000000000,175.333328247070000,2015_04,2015,4,C:\Users\kem99059\Desktop\Zambezi\Climate\eMODIS_NDVI_C6\NDVI\MonthlyAvgNDVI.gdb\C_AvgNDVI_2015_04_WMA
30,Sidinda,3,8465.000000000000000,0.049288046585000,136.666671752930000,189.333328247070000,52.666656494140600,166.070525724678000,6.544469849269670,1405787.000259400000000,165.666671752930000,174.666671752930000,2015_04,2015,4,C:\Users\kem99059\Desktop\Zambezi\Climate\eMODIS_NDVI_C6\NDVI\MonthlyAvgNDVI.gdb\C_AvgNDVI_2015_04_WMA
31,Simangani,4,7246.000000000000000,0.042190334974000,130.000000000000000,188.000000000000000,58.000000000000000,158.602355262110000,8.092897548941160,1149232.666229250000000,158.666671752930000,168.666671752930000,2015_04,2015,4,C:\Users\kem99059\Desktop\Zambezi\Climate\eMODIS_NDVI_C6\NDVI\MonthlyAvgNDVI.gdb\C_AvgNDVI_2015_04_WMA
32,Unknown 16,5,1665.000000000000000,0.009694577385000,97.000000000000000,183.666671752930000,86.666671752929700,151.484083978693000,9.257126525863900,252220.999824524000000,151.666671752930000,162.199996948242000,2015_04,2015,4,C:\Users\kem99059\Desktop\Zambezi\Climate\eMODIS_NDVI_C6\NDVI\MonthlyAvgNDVI.gdb\C_AvgNDVI_2015_04_WMA
33,Chidobe,6,1918.000000000000000,0.011167687342000,133.333328247070000,189.333328247070000,56.000000000000000,157.089503004852000,8.980703589468070,301297.666763306000000,156.000000000000000,169.000000000000000,2015_04,2015,4,C:\Users\kem99059\Desktop\Zambezi\Climate\eMODIS_NDVI_C6\NDVI\MonthlyAvgNDVI.gdb\C_AvgNDVI_2015_04_WMA
34,Jambezi,7,3848.000000000000000,0.022405245512000,137.333328247070000,188.666671752930000,51.333343505859400,163.547210594224000,7.514609669634150,629329.666366576000000,163.666671752930000,173.333328247070000,2015_04,2015,4,C:\Users\kem99059\Desktop\Zambezi\Climate\eMODIS_NDVI_C6\NDVI\MonthlyAvgNDVI.gdb\C_AvgNDVI_2015_04_WMA
35,Kachecheti,8,2626.000000000000000,0.015290066194000,127.333335876465000,189.000000000000000,61.666664123535200,156.274942817892000,9.433553598072000,410377.999839784000000,155.666671752930000,168.333328247070000,2015_04,2015,4,C:\Users\kem99059\Desktop\Zambezi\Climate\eMODIS_NDVI_C6\NDVI\MonthlyAvgNDVI.gdb\C_AvgNDVI_2015_04_WMA
36,Mabale,9,1780.000000000000000,0.010364172820000,135.666671752930000,188.000000000000000,52.333328247070300,165.745318217759000,10.114490869203800,295026.666427612000000,166.000000000000000,179.000000000000000,2015_04,2015,4,C:\Users\kem99059\Desktop\Zambezi\Climate\eMODIS_NDVI_C6\NDVI\MonthlyAvgNDVI.gdb\C_AvgNDVI_2015_04_WMA
37,Nekatambe,1,5882.000000000000000,0.034248350858000,100.000000000000000,181.333328247070000,81.333328247070300,152.196985271341000,7.750359684210840,895222.667366025000000,153.000000000000000,161.000000000000000,2015_05,2015,5,C:\Users\kem99059\Desktop\Zambezi\Climate\eMODIS_NDVI_C6\NDVI\MonthlyAvgNDVI.gdb\C_AvgNDVI_2015_05_WMA
38,Nemananga,2,3134.000000000000000,0.018247931246000,136.666671752930000,186.333328247070000,49.666656494140600,159.063284483850000,8.266959660955630,498504.333572386000000,158.666671752930000,170.000000000000000,2015_05,2015,5,C:\Users\kem99059\Desktop\Zambezi\Climate\eMODIS_NDVI_C6\NDVI\MonthlyAvgNDVI.gdb\C_AvgNDVI_2015_05_WMA
39,Sidinda,3,8465.000000000000000,0.049288046585000,134.333328247070000,183.333328247070000,49.000000000000000,159.514825790956000,5.241703375459640,1350293.000320440000000,159.666671752930000,165.666671752930000,2015_05,2015,5,C:\Users\kem99059\Desktop\Zambezi\Climate\eMODIS_NDVI_C6\NDVI\MonthlyAvgNDVI.gdb\C_AvgNDVI_2015_05_WMA
40,Simangani,4,7246.000000000000000,0.042190334974000,131.333328247070000,186.333328247070000,55.000000000000000,151.186861851582000,6.705200585948250,1095500.000976560000000,151.000000000000000,159.333328247070000,2015_05,2015,5,C:\Users\kem99059\Desktop\Zambezi\Climate\eMODIS_NDVI_C6\NDVI\MonthlyAvgNDVI.gdb\C_AvgNDVI_2015_05_WMA
41,Unknown 16,5,1665.000000000000000,0.009694577385000,95.666664123535200,178.000000000000000,82.333335876464800,143.845845998587000,6.760865536005600,239503.333587647000000,144.000000000000000,150.666671752930000,2015_05,2015,5,C:\Users\kem99059\Desktop\Zambezi\Climate\eMODIS_NDVI_C6\NDVI\MonthlyAvgNDVI.gdb\C_AvgNDVI_2015_05_WMA
42,Chidobe,6,1918.000000000000000,0.011167687342000,138.000000000000000,185.666671752930000,47.666671752929700,157.879735809422000,7.980389444126730,302813.333282471000000,157.666671752930000,167.666671752930000,2015_05,2015,5,C:\Users\kem99059\Desktop\Zambezi\Climate\eMODIS_NDVI_C6\NDVI\MonthlyAvgNDVI.gdb\C_AvgNDVI_2015_05_WMA
43,Jambezi,7,3848.000000000000000,0.022405245512000,136.666671752930000,180.000000000000000,43.333328247070300,157.570772686520000,5.677719788680330,606332.333297728000000,157.666671752930000,164.666671752930000,2015_05,2015,5,C:\Users\kem99059\Desktop\Zambezi\Climate\eMODIS_NDVI_C6\NDVI\MonthlyAvgNDVI.gdb\C_AvgNDVI_2015_05_WMA
44,Kachecheti,8,2626.000000000000000,0.015290066194000,135.333328247070000,180.666671752930000,45.333343505859400,158.114622785768000,7.439737072230490,415208.999435426000000,158.333328247070000,167.666671752930000,2015_05,2015,5,C:\Users\kem99059\Desktop\Zambezi\Climate\eMODIS_NDVI_C6\NDVI\MonthlyAvgNDVI.gdb\C_AvgNDVI_2015_05_WMA
45,Mabale,9,1780.000000000000000,0.010364172820000,138.666671752930000,180.000000000000000,41.333328247070300,157.476030011123000,7.959125408198330,280307.333419800000000,158.333328247070000,167.333328247070000,2015_05,2015,5,C:\Users\kem99059\Desktop\Zambezi\Climate\eMODIS_NDVI_C6\NDVI\MonthlyAvgNDVI.gdb\C_AvgNDVI_2015_05_WMA
46,Nekatambe,1,5882.000000000000000,0.034248350858000,99.000000000000000,165.000000000000000,66.000000000000000,139.165476329794000,4.968289734331490,818571.331771850000000,139.666671752930000,144.666671752930000,2015_06,2015,6,C:\Users\kem99059\Desktop\Zambezi\Climate\eMODIS_NDVI_C6\NDVI\MonthlyAvgNDVI.gdb\C_AvgNDVI_2015_06_WMA
47,Nemananga,2,3134.000000000000000,0.018247931246000,125.333335876465000,180.666671752930000,55.333335876464800,144.702935178035000,6.383915360652290,453498.998847963000000,144.000000000000000,153.333328247070000,2015_06,2015,6,C:\Users\kem99059\Desktop\Zambezi\Climate\eMODIS_NDVI_C6\NDVI\MonthlyAvgNDVI.gdb\C_AvgNDVI_2015_06_WMA
48,Sidinda,3,8465.000000000000000,0.049288046585000,124.000000000000000,162.666671752930000,38.666671752929700,144.510296782276000,4.536826319898800,1223279.662261970000000,144.333328247070000,150.333328247070000,2015_06,2015,6,C:\Users\kem99059\Desktop\Zambezi\Climate\eMODIS_NDVI_C6\NDVI\MonthlyAvgNDVI.gdb\C_AvgNDVI_2015_06_WMA
49,Simangani,4,7246.000000000000000,0.042190334974000,123.333335876465000,156.666671752930000,33.333335876464800,138.188287473337000,4.150156929661200,1001312.331031800000000,138.333328247070000,143.333328247070000,2015_06,2015,6,C:\Users\kem99059\Desktop\Zambezi\Climate\eMODIS_NDVI_C6\NDVI\MonthlyAvgNDVI.gdb\C_AvgNDVI_2015_06_WMA
50,Unknown 16,5,1665.000000000000000,0.009694577385000,99.666664123535200,167.000000000000000,67.333335876464800,135.265865374041000,4.927534810272400,225217.665847779000000,135.000000000000000,140.333328247070000,2015_06,2015,6,C:\Users\kem99059\Desktop\Zambezi\Climate\eMODIS_NDVI_C6\NDVI\MonthlyAvgNDVI.gdb\C_AvgNDVI_2015_06_WMA
51,Chidobe,6,1918.000000000000000,0.011167687342000,129.666671752930000,185.000000000000000,55.333328247070300,149.189607280138000,8.702149559749210,286145.666763305000000,148.333328247070000,161.000000000000000,2015_06,2015,6,C:\Users\kem99059\Desktop\Zambezi\Climate\eMODIS_NDVI_C6\NDVI\MonthlyAvgNDVI.gdb\C_AvgNDVI_2015_06_WMA
52,Jambezi,7,3848.000000000000000,0.022405245512000,126.666664123535000,163.333328247070000,36.666664123535200,143.303447295127000,5.192956288518240,551431.665191650000000,143.000000000000000,150.333328247070000,2015_06,2015,6,C:\Users\kem99059\Desktop\Zambezi\Climate\eMODIS_NDVI_C6\NDVI\MonthlyAvgNDVI.gdb\C_AvgNDVI_2015_06_WMA
53,Kachecheti,8,2626.000000000000000,0.015290066194000,127.000000000000000,174.333328247070000,47.333328247070300,148.771896373926000,7.473564441661850,390674.999877929000000,148.333328247070000,158.000000000000000,2015_06,2015,6,C:\Users\kem99059\Desktop\Zambezi\Climate\eMODIS_NDVI_C6\NDVI\MonthlyAvgNDVI.gdb\C_AvgNDVI_2015_06_WMA
54,Mabale,9,1780.000000000000000,0.010364172820000,129.333328247070000,165.333328247070000,36.000000000000000,144.152246882407000,6.928616259791490,256590.999450684000000,143.333328247070000,154.000000000000000,2015_06,2015,6,C:\Users\kem99059\Desktop\Zambezi\Climate\eMODIS_NDVI_C6\NDVI\MonthlyAvgNDVI.gdb\C_AvgNDVI_2015_06_WMA
55,Nekatambe,1,5882.000000000000000,0.034248350858000,105.666664123535000,151.000000000000000,45.333335876464800,133.474781289307000,3.720273120744140,785098.663543702000000,134.000000000000000,137.333328247070000,2015_07,2015,7,C:\Users\kem99059\Desktop\Zambezi\Climate\eMODIS_NDVI_C6\NDVI\MonthlyAvgNDVI.gdb\C_AvgNDVI_2015_07_WMA
56,Nemananga,2,3134.000000000000000,0.018247931246000,121.333335876465000,155.666671752930000,34.333335876464800,136.375770522594000,4.142134549782100,427401.664817809000000,136.333328247070000,141.566668701172000,2015_07,2015,7,C:\Users\kem99059\Desktop\Zambezi\Climate\eMODIS_NDVI_C6\NDVI\MonthlyAvgNDVI.gdb\C_AvgNDVI_2015_07_WMA
57,Sidinda,3,8465.000000000000000,0.049288046585000,123.000000000000000,153.666671752930000,30.666671752929700,136.624492181552000,3.498652028983030,1156526.326316840000000,136.333328247070000,141.000000000000000,2015_07,2015,7,C:\Users\kem99059\Desktop\Zambezi\Climate\eMODIS_NDVI_C6\NDVI\MonthlyAvgNDVI.gdb\C_AvgNDVI_2015_07_WMA
58,Simangani,4,7246.000000000000000,0.042190334974000,121.666664123535000,155.333328247070000,33.666664123535200,133.349893814748000,3.102723247287420,966253.330581665000000,133.666671752930000,136.666671752930000,2015_07,2015,7,C:\Users\kem99059\Desktop\Zambezi\Climate\eMODIS_NDVI_C6\NDVI\MonthlyAvgNDVI.gdb\C_AvgNDVI_2015_07_WMA
59,Unknown 16,5,1665.000000000000000,0.009694577385000,99.000000000000000,161.666671752930000,62.666671752929700,132.312312266490000,4.356459303910530,220299.999923706000000,132.333328247070000,136.333328247070000,2015_07,2015,7,C:\Users\kem99059\Desktop\Zambezi\Climate\eMODIS_NDVI_C6\NDVI\MonthlyAvgNDVI.gdb\C_AvgNDVI_2015_07_WMA
60,Chidobe,6,1918.000000000000000,0.011167687342000,125.000000000000000,164.333328247070000,39.333328247070300,139.599756127478000,7.014227237258980,267752.332252502000000,138.666671752930000,150.000000000000000,2015_07,2015,7,C:\Users\kem99059\Desktop\Zambezi\Climate\eMODIS_NDVI_C6\NDVI\MonthlyAvgNDVI.gdb\C_AvgNDVI_2015_07_WMA
61,Jambezi,7,3848.000000000000000,0.022405245512000,124.000000000000000,156.000000000000000,32.000000000000000,135.810983340606000,3.993117186073930,522600.663894653000000,135.666671752930000,141.000000000000000,2015_07,2015,7,C:\Users\kem99059\Desktop\Zambezi\Climate\eMODIS_NDVI_C6\NDVI\MonthlyAvgNDVI.gdb\C_AvgNDVI_2015_07_WMA
62,Kachecheti,8,2626.000000000000000,0.015290066194000,123.333335876465000,162.666671752930000,39.333335876464800,139.546204040365000,6.249955981833350,366448.331809997000000,139.000000000000000,146.666671752930000,2015_07,2015,7,C:\Users\kem99059\Desktop\Zambezi\Climate\eMODIS_NDVI_C6\NDVI\MonthlyAvgNDVI.gdb\C_AvgNDVI_2015_07_WMA
63,Mabale,9,1780.000000000000000,0.010364172820000,127.333335876465000,157.666671752930000,30.333335876464800,137.620973317007000,5.197332858306170,244965.332504272000000,137.166664123535000,145.000000000000000,2015_07,2015,7,C:\Users\kem99059\Desktop\Zambezi\Climate\eMODIS_NDVI_C6\NDVI\MonthlyAvgNDVI.gdb\C_AvgNDVI_2015_07_WMA
64,Nekatambe,1,5882.000000000000000,0.034248350858000,104.666664123535000,145.666671752930000,41.000007629394500,130.568797111836000,3.104115583408420,768005.664611817000000,131.000000000000000,134.000000000000000,2015_08,2015,8,C:\Users\kem99059\Desktop\Zambezi\Climate\eMODIS_NDVI_C6\NDVI\MonthlyAvgNDVI.gdb\C_AvgNDVI_2015_08_WMA
65,Nemananga,2,3134.000000000000000,0.018247931246000,120.000000000000000,143.666671752930000,23.666671752929700,132.319824995322000,3.461776901688600,414690.331535339000000,132.000000000000000,136.333328247070000,2015_08,2015,8,C:\Users\kem99059\Desktop\Zambezi\Climate\eMODIS_NDVI_C6\NDVI\MonthlyAvgNDVI.gdb\C_AvgNDVI_2015_08_WMA
66,Sidinda,3,8465.000000000000000,0.049288046585000,121.333335876465000,147.333328247070000,25.999992370605500,131.916596974048000,2.529267123702250,1116673.993385310000000,131.666671752930000,135.000000000000000,2015_08,2015,8,C:\Users\kem99059\Desktop\Zambezi\Climate\eMODIS_NDVI_C6\NDVI\MonthlyAvgNDVI.gdb\C_AvgNDVI_2015_08_WMA
67,Simangani,4,7246.000000000000000,0.042190334974000,120.666664123535000,143.666671752930000,23.000007629394500,130.718787081427000,2.471091561694650,947188.331192016000000,131.000000000000000,133.333328247070000,2015_08,2015,8,C:\Users\kem99059\Desktop\Zambezi\Climate\eMODIS_NDVI_C6\NDVI\MonthlyAvgNDVI.gdb\C_AvgNDVI_2015_08_WMA
68,Unknown 16,5,1665.000000000000000,0.009694577385000,104.000000000000000,155.333328247070000,51.333328247070300,130.147947724947000,3.694082399361210,216696.332962036000000,130.333328247070000,133.333328247070000,2015_08,2015,8,C:\Users\kem99059\Desktop\Zambezi\Climate\eMODIS_NDVI_C6\NDVI\MonthlyAvgNDVI.gdb\C_AvgNDVI_2015_08_WMA
69,Chidobe,6,1918.000000000000000,0.011167687342000,122.000000000000000,147.000000000000000,25.000000000000000,132.851754631066000,4.322341249877180,254809.665382385000000,132.333328247070000,138.666671752930000,2015_08,2015,8,C:\Users\kem99059\Desktop\Zambezi\Climate\eMODIS_NDVI_C6\NDVI\MonthlyAvgNDVI.gdb\C_AvgNDVI_2015_08_WMA
70,Jambezi,7,3848.000000000000000,0.022405245512000,122.000000000000000,148.333328247070000,26.333328247070300,131.418398680657000,2.956728382673750,505697.998123168000000,131.333328247070000,135.000000000000000,2015_08,2015,8,C:\Users\kem99059\Desktop\Zambezi\Climate\eMODIS_NDVI_C6\NDVI\MonthlyAvgNDVI.gdb\C_AvgNDVI_2015_08_WMA
71,Kachecheti,8,2626.000000000000000,0.015290066194000,121.333335876465000,148.666671752930000,27.333335876464800,133.373317445405000,4.056610598766330,350238.331611634000000,133.000000000000000,138.000000000000000,2015_08,2015,8,C:\Users\kem99059\Desktop\Zambezi\Climate\eMODIS_NDVI_C6\NDVI\MonthlyAvgNDVI.gdb\C_AvgNDVI_2015_08_WMA
72,Mabale,9,1780.000000000000000,0.010364172820000,125.333335876465000,147.666671752930000,22.333335876464800,133.108613487844000,3.593820138180200,236933.332008362000000,133.000000000000000,138.000000000000000,2015_08,2015,8,C:\Users\kem99059\Desktop\Zambezi\Climate\eMODIS_NDVI_C6\NDVI\MonthlyAvgNDVI.gdb\C_AvgNDVI_2015_08_WMA
73,Nekatambe,1,5882.000000000000000,0.034248350858000,111.000000000000000,138.666671752930000,27.666671752929700,129.744303893005000,3.033222414930940,763155.995498658000000,130.333328247070000,133.000000000000000,2015_09,2015,9,C:\Users\kem99059\Desktop\Zambezi\Climate\eMODIS_NDVI_C6\NDVI\MonthlyAvgNDVI.gdb\C_AvgNDVI_2015_09_WMA
74,Nemananga,2,3134.000000000000000,0.018247931246000,120.666664123535000,144.333328247070000,23.666664123535200,131.112316236271000,3.465985340469430,410905.999084474000000,130.666671752930000,136.000000000000000,2015_09,2015,9,C:\Users\kem99059\Desktop\Zambezi\Climate\eMODIS_NDVI_C6\NDVI\MonthlyAvgNDVI.gdb\C_AvgNDVI_2015_09_WMA
75,Sidinda,3,8465.000000000000000,0.049288046585000,121.333335876465000,143.333328247070000,21.999992370605500,130.368417844192000,2.067690791142900,1103568.657051090000000,130.333328247070000,133.000000000000000,2015_09,2015,9,C:\Users\kem99059\Desktop\Zambezi\Climate\eMODIS_NDVI_C6\NDVI\MonthlyAvgNDVI.gdb\C_AvgNDVI_2015_09_WMA
76,Simangani,4,7246.000000000000000,0.042190334974000,121.000000000000000,138.000000000000000,17.000000000000000,129.460391299158000,2.196356335873560,938069.995353697000000,129.666671752930000,132.000000000000000,2015_09,2015,9,C:\Users\kem99059\Desktop\Zambezi\Climate\eMODIS_NDVI_C6\NDVI\MonthlyAvgNDVI.gdb\C_AvgNDVI_2015_09_WMA
77,Unknown 16,5,1665.000000000000000,0.009694577385000,102.666664123535000,149.000000000000000,46.333335876464800,129.021220759944000,3.304431628576220,214820.332565308000000,129.000000000000000,132.000000000000000,2015_09,2015,9,C:\Users\kem99059\Desktop\Zambezi\Climate\eMODIS_NDVI_C6\NDVI\MonthlyAvgNDVI.gdb\C_AvgNDVI_2015_09_WMA
78,Chidobe,6,1918.000000000000000,0.011167687342000,121.000000000000000,142.666671752930000,21.666671752929700,130.504170530158000,3.163076196508790,250306.999076843000000,130.333328247070000,134.666671752930000,2015_09,2015,9,C:\Users\kem99059\Desktop\Zambezi\Climate\eMODIS_NDVI_C6\NDVI\MonthlyAvgNDVI.gdb\C_AvgNDVI_2015_09_WMA
79,Jambezi,7,3848.000000000000000,0.022405245512000,122.000000000000000,143.333328247070000,21.333328247070300,130.060550312986000,2.666807292175680,500472.997604370000000,130.000000000000000,133.333328247070000,2015_09,2015,9,C:\Users\kem99059\Desktop\Zambezi\Climate\eMODIS_NDVI_C6\NDVI\MonthlyAvgNDVI.gdb\C_AvgNDVI_2015_09_WMA
80,Kachecheti,8,2626.000000000000000,0.015290066194000,120.666664123535000,142.666671752930000,22.000007629394500,131.018278289005000,2.821552987785960,344053.998786927000000,131.333328247070000,134.333328247070000,2015_09,2015,9,C:\Users\kem99059\Desktop\Zambezi\Climate\eMODIS_NDVI_C6\NDVI\MonthlyAvgNDVI.gdb\C_AvgNDVI_2015_09_WMA
81,Mabale,9,1780.000000000000000,0.010364172820000,125.000000000000000,142.666671752930000,17.666671752929700,131.519662154123000,2.994280802983250,234104.998634339000000,131.333328247070000,135.333328247070000,2015_09,2015,9,C:\Users\kem99059\Desktop\Zambezi\Climate\eMODIS_NDVI_C6\NDVI\MonthlyAvgNDVI.gdb\C_AvgNDVI_2015_09_WMA
82,Nekatambe,1,5882.000000000000000,0.034248350858000,112.000000000000000,174.000000000000000,62.000000000000000,131.451206934935000,4.931202323580130,773195.999191289000000,132.000000000000000,137.000000000000000,2015_10,2015,10,C:\Users\kem99059\Desktop\Zambezi\Climate\eMODIS_NDVI_C6\NDVI\MonthlyAvgNDVI.gdb\C_AvgNDVI_2015_10_WMA
83,Nemananga,2,3134.000000000000000,0.018247931246000,119.666664123535000,146.000000000000000,26.333335876464800,131.487343158247000,3.557626275343580,412081.333457946000000,131.666671752930000,135.666671752930000,2015_10,2015,10,C:\Users\kem99059\Desktop\Zambezi\Climate\eMODIS_NDVI_C6\NDVI\MonthlyAvgNDVI.gdb\C_AvgNDVI_2015_10_WMA
84,Sidinda,3,8465.000000000000000,0.049288046585000,120.000000000000000,168.000000000000000,48.000000000000000,132.060720499829000,2.906400311335540,1117893.999031060000000,131.666671752930000,135.333328247070000,2015_10,2015,10,C:\Users\kem99059\Desktop\Zambezi\Climate\eMODIS_NDVI_C6\NDVI\MonthlyAvgNDVI.gdb\C_AvgNDVI_2015_10_WMA
85,Simangani,4,7246.000000000000000,0.042190334974000,120.000000000000000,157.666671752930000,37.666671752929700,130.934952431872000,3.300129194478210,948754.665321347000000,131.000000000000000,134.333328247070000,2015_10,2015,10,C:\Users\kem99059\Desktop\Zambezi\Climate\eMODIS_NDVI_C6\NDVI\MonthlyAvgNDVI.gdb\C_AvgNDVI_2015_10_WMA
86,Unknown 16,5,1665.000000000000000,0.009694577385000,109.000000000000000,150.666671752930000,41.666671752929700,129.568768690871000,3.949070086946310,215731.999870301000000,129.666671752930000,133.666671752930000,2015_10,2015,10,C:\Users\kem99059\Desktop\Zambezi\Climate\eMODIS_NDVI_C6\NDVI\MonthlyAvgNDVI.gdb\C_AvgNDVI_2015_10_WMA
87,Chidobe,6,1918.000000000000000,0.011167687342000,120.666664123535000,150.000000000000000,29.333335876464800,131.299617866778000,4.008899842483160,251832.667068481000000,131.166664123535000,136.000000000000000,2015_10,2015,10,C:\Users\kem99059\Desktop\Zambezi\Climate\eMODIS_NDVI_C6\NDVI\MonthlyAvgNDVI.gdb\C_AvgNDVI_2015_10_WMA
88,Jambezi,7,3848.000000000000000,0.022405245512000,120.333335876465000,150.000000000000000,29.666664123535200,131.416666625692000,3.667885086341150,505691.333175662000000,131.000000000000000,136.000000000000000,2015_10,2015,10,C:\Users\kem99059\Desktop\Zambezi\Climate\eMODIS_NDVI_C6\NDVI\MonthlyAvgNDVI.gdb\C_AvgNDVI_2015_10_WMA
89,Kachecheti,8,2626.000000000000000,0.015290066194000,119.333335876465000,153.000000000000000,33.666664123535200,131.078827165776000,3.229705387650610,344213.000137329000000,131.333328247070000,134.666671752930000,2015_10,2015,10,C:\Users\kem99059\Desktop\Zambezi\Climate\eMODIS_NDVI_C6\NDVI\MonthlyAvgNDVI.gdb\C_AvgNDVI_2015_10_WMA
90,Mabale,9,1780.000000000000000,0.010364172820000,124.000000000000000,166.333328247070000,42.333328247070300,133.643071416791000,4.415916292162040,237884.667121888000000,133.333328247070000,139.000000000000000,2015_10,2015,10,C:\Users\kem99059\Desktop\Zambezi\Climate\eMODIS_NDVI_C6\NDVI\MonthlyAvgNDVI.gdb\C_AvgNDVI_2015_10_WMA
91,Nekatambe,1,5882.000000000000000,0.034248350858000,108.666664123535000,183.333328247070000,74.666664123535200,137.132267974988000,7.301094216604340,806612.000228881000000,138.333328247070000,145.000000000000000,2015_11,2015,11,C:\Users\kem99059\Desktop\Zambezi\Climate\eMODIS_NDVI_C6\NDVI\MonthlyAvgNDVI.gdb\C_AvgNDVI_2015_11_WMA
92,Nemananga,2,3134.000000000000000,0.018247931246000,120.666664123535000,164.666671752930000,44.000007629394500,136.864603124155000,5.188149409651230,428933.666191101000000,137.333328247070000,143.000000000000000,2015_11,2015,11,C:\Users\kem99059\Desktop\Zambezi\Climate\eMODIS_NDVI_C6\NDVI\MonthlyAvgNDVI.gdb\C_AvgNDVI_2015_11_WMA
93,Sidinda,3,8465.000000000000000,0.049288046585000,121.000000000000000,180.000000000000000,59.000000000000000,140.608899432304000,4.914111376058220,1190254.333694460000000,140.666671752930000,146.000000000000000,2015_11,2015,11,C:\Users\kem99059\Desktop\Zambezi\Climate\eMODIS_NDVI_C6\NDVI\MonthlyAvgNDVI.gdb\C_AvgNDVI_2015_11_WMA
94,Simangani,4,7246.000000000000000,0.042190334974000,118.666664123535000,171.000000000000000,52.333335876464800,137.062195279077000,5.343871417558770,993152.666992191000000,137.333328247070000,143.000000000000000,2015_11,2015,11,C:\Users\kem99059\Desktop\Zambezi\Climate\eMODIS_NDVI_C6\NDVI\MonthlyAvgNDVI.gdb\C_AvgNDVI_2015_11_WMA
95,Unknown 16,5,1665.000000000000000,0.009694577385000,102.333335876465000,159.333328247070000,56.999992370605500,135.710911133912000,5.823552146591340,225958.667037964000000,136.666671752930000,141.666671752930000,2015_11,2015,11,C:\Users\kem99059\Desktop\Zambezi\Climate\eMODIS_NDVI_C6\NDVI\MonthlyAvgNDVI.gdb\C_AvgNDVI_2015_11_WMA
96,Chidobe,6,1918.000000000000000,0.011167687342000,121.666664123535000,169.666671752930000,48.000007629394500,135.415710787331000,5.157618000650470,259727.333290100000000,135.333328247070000,141.666671752930000,2015_11,2015,11,C:\Users\kem99059\Desktop\Zambezi\Climate\eMODIS_NDVI_C6\NDVI\MonthlyAvgNDVI.gdb\C_AvgNDVI_2015_11_WMA
97,Jambezi,7,3848.000000000000000,0.022405245512000,122.333335876465000,167.666671752930000,45.333335876464800,137.206340877033000,5.537367237088700,527969.999694824000000,136.666671752930000,144.333328247070000,2015_11,2015,11,C:\Users\kem99059\Desktop\Zambezi\Climate\eMODIS_NDVI_C6\NDVI\MonthlyAvgNDVI.gdb\C_AvgNDVI_2015_11_WMA
98,Kachecheti,8,2626.000000000000000,0.015290066194000,121.000000000000000,158.000000000000000,37.000000000000000,135.130743856205000,4.877035885126790,354853.333366394000000,135.333328247070000,141.000000000000000,2015_11,2015,11,C:\Users\kem99059\Desktop\Zambezi\Climate\eMODIS_NDVI_C6\NDVI\MonthlyAvgNDVI.gdb\C_AvgNDVI_2015_11_WMA
99,Mabale,9,1780.000000000000000,0.010364172820000,123.333335876465000,159.666671752930000,36.333335876464800,137.503557895275000,6.249108810982060,244756.333053589000000,137.000000000000000,145.666671752930000,2015_11,2015,11,C:\Users\kem99059\Desktop\Zambezi\Climate\eMODIS_NDVI_C6\NDVI\MonthlyAvgNDVI.gdb\C_AvgNDVI_2015_11_WMA
100,Nekatambe,1,5882.000000000000000,0.034248350858000,106.666664123535000,182.333328247070000,75.666664123535200,151.285843852749000,12.366314570619200,889863.333541871000000,152.666671752930000,167.000000000000000,2015_12,2015,12,C:\Users\kem99059\Desktop\Zambezi\Climate\eMODIS_NDVI_C6\NDVI\MonthlyAvgNDVI.gdb\C_AvgNDVI_2015_12_WMA
101,Nemananga,2,3134.000000000000000,0.018247931246000,125.666664123535000,185.666671752930000,60.000007629394500,158.299191723831000,12.460995209036600,496109.666862487000000,160.500000000000000,173.333328247070000,2015_12,2015,12,C:\Users\kem99059\Desktop\Zambezi\Climate\eMODIS_NDVI_C6\NDVI\MonthlyAvgNDVI.gdb\C_AvgNDVI_2015_12_WMA
102,Sidinda,3,8465.000000000000000,0.049288046585000,131.000000000000000,190.000000000000000,59.000000000000000,162.271667716606000,8.256115746450520,1373629.667221070000000,163.000000000000000,172.000000000000000,2015_12,2015,12,C:\Users\kem99059\Desktop\Zambezi\Climate\eMODIS_NDVI_C6\NDVI\MonthlyAvgNDVI.gdb\C_AvgNDVI_2015_12_WMA
103,Simangani,4,7246.000000000000000,0.042190334974000,123.666664123535000,184.000000000000000,60.333335876464800,153.692842100787000,8.856516613512290,1113658.333862300000000,154.333328247070000,164.333328247070000,2015_12,2015,12,C:\Users\kem99059\Desktop\Zambezi\Climate\eMODIS_NDVI_C6\NDVI\MonthlyAvgNDVI.gdb\C_AvgNDVI_2015_12_WMA
104,Unknown 16,5,1665.000000000000000,0.009694577385000,109.666664123535000,174.333328247070000,64.666664123535200,152.701902111156000,9.280068958811050,254248.667015075000000,154.000000000000000,163.000000000000000,2015_12,2015,12,C:\Users\kem99059\Desktop\Zambezi\Climate\eMODIS_NDVI_C6\NDVI\MonthlyAvgNDVI.gdb\C_AvgNDVI_2015_12_WMA
105,Chidobe,6,1918.000000000000000,0.011167687342000,127.333335876465000,180.333328247070000,52.999992370605500,154.066041061353000,10.141218941462800,295498.666755676000000,154.833335876465000,167.000000000000000,2015_12,2015,12,C:\Users\kem99059\Desktop\Zambezi\Climate\eMODIS_NDVI_C6\NDVI\MonthlyAvgNDVI.gdb\C_AvgNDVI_2015_12_WMA
106,Jambezi,7,3848.000000000000000,0.022405245512000,132.000000000000000,190.000000000000000,58.000000000000000,159.713271000281000,9.254088758639970,614576.666809082000000,160.333328247070000,171.000000000000000,2015_12,2015,12,C:\Users\kem99059\Desktop\Zambezi\Climate\eMODIS_NDVI_C6\NDVI\MonthlyAvgNDVI.gdb\C_AvgNDVI_2015_12_WMA
107,Kachecheti,8,2626.000000000000000,0.015290066194000,130.666671752930000,184.666671752930000,54.000000000000000,156.280020249680000,10.185025170983900,410391.333175659000000,156.333328247070000,169.333328247070000,2015_12,2015,12,C:\Users\kem99059\Desktop\Zambezi\Climate\eMODIS_NDVI_C6\NDVI\MonthlyAvgNDVI.gdb\C_AvgNDVI_2015_12_WMA
108,Mabale,9,1780.000000000000000,0.010364172820000,128.000000000000000,184.666671752930000,56.666671752929700,151.852247173866000,11.211070202086600,270296.999969482000000,150.000000000000000,167.333328247070000,2015_12,2015,12,C:\Users\kem99059\Desktop\Zambezi\Climate\eMODIS_NDVI_C6\NDVI\MonthlyAvgNDVI.gdb\C_AvgNDVI_2015_12_WMA
109,Nekatambe,1,5882.000000000000000,0.034248350858000,115.333335876465000,187.333328247070000,71.999992370605500,155.312308737227000,15.538724463869600,913546.999992371000000,158.333328247070000,173.666671752930000,2016_1,201,1,C:\Users\kem99059\Desktop\Zambezi\Climate\eMODIS_NDVI_C6\NDVI\MonthlyAvgNDVI.gdb\C_AvgNDVI_2016_1_WMA
110,Nemananga,2,3134.000000000000000,0.018247931246000,124.666664123535000,186.000000000000000,61.333335876464800,157.368538582028000,11.336676943750700,493192.999916077000000,159.333328247070000,170.666671752930000,2016_1,201,1,C:\Users\kem99059\Desktop\Zambezi\Climate\eMODIS_NDVI_C6\NDVI\MonthlyAvgNDVI.gdb\C_AvgNDVI_2016_1_WMA
111,Sidinda,3,8465.000000000000000,0.049288046585000,129.333328247070000,188.333328247070000,59.000000000000000,162.903209286557000,9.223374296487140,1378975.666610710000000,163.666671752930000,174.333328247070000,2016_1,201,1,C:\Users\kem99059\Desktop\Zambezi\Climate\eMODIS_NDVI_C6\NDVI\MonthlyAvgNDVI.gdb\C_AvgNDVI_2016_1_WMA
112,Simangani,4,7246.000000000000000,0.042190334974000,123.666664123535000,186.000000000000000,62.333335876464800,156.969224344917000,10.372426208685500,1137398.999603270000000,157.333328247070000,170.000000000000000,2016_1,201,1,C:\Users\kem99059\Desktop\Zambezi\Climate\eMODIS_NDVI_C6\NDVI\MonthlyAvgNDVI.gdb\C_AvgNDVI_2016_1_WMA
113,Unknown 16,5,1665.000000000000000,0.009694577385000,105.333335876465000,182.333328247070000,76.999992370605500,152.646646608462000,9.578629929279240,254156.666603089000000,153.666671752930000,163.666671752930000,2016_1,201,1,C:\Users\kem99059\Desktop\Zambezi\Climate\eMODIS_NDVI_C6\NDVI\MonthlyAvgNDVI.gdb\C_AvgNDVI_2016_1_WMA
114,Chidobe,6,1918.000000000000000,0.011167687342000,126.333335876465000,188.333328247070000,61.999992370605500,160.033715869637000,12.536579152596300,306944.667037963000000,159.666671752930000,177.000000000000000,2016_1,201,1,C:\Users\kem99059\Desktop\Zambezi\Climate\eMODIS_NDVI_C6\NDVI\MonthlyAvgNDVI.gdb\C_AvgNDVI_2016_1_WMA
115,Jambezi,7,3848.000000000000000,0.022405245512000,133.333328247070000,187.666671752930000,54.333343505859400,162.244109564164000,10.053811638039000,624315.333602905000000,163.000000000000000,175.333328247070000,2016_1,201,1,C:\Users\kem99059\Desktop\Zambezi\Climate\eMODIS_NDVI_C6\NDVI\MonthlyAvgNDVI.gdb\C_AvgNDVI_2016_1_WMA
116,Kachecheti,8,2626.000000000000000,0.015290066194000,127.666664123535000,187.666671752930000,60.000007629394500,158.103198778511000,10.287200495157300,415178.999992371000000,158.666671752930000,171.333328247070000,2016_1,201,1,C:\Users\kem99059\Desktop\Zambezi\Climate\eMODIS_NDVI_C6\NDVI\MonthlyAvgNDVI.gdb\C_AvgNDVI_2016_1_WMA
117,Mabale,9,1780.000000000000000,0.010364172820000,128.333328247070000,187.666671752930000,59.333343505859400,158.395880058374000,11.544100313095700,281944.666503906000000,158.000000000000000,174.333328247070000,2016_1,201,1,C:\Users\kem99059\Desktop\Zambezi\Climate\eMODIS_NDVI_C6\NDVI\MonthlyAvgNDVI.gdb\C_AvgNDVI_2016_1_WMA
118,Nekatambe,1,5882.000000000000000,0.034248350858000,114.000000000000000,188.333328247070000,74.333328247070300,160.494559629480000,15.081147958455400,944028.999740599000000,163.666671752930000,178.333328247070000,2016_2,201,2,C:\Users\kem99059\Desktop\Zambezi\Climate\eMODIS_NDVI_C6\NDVI\MonthlyAvgNDVI.gdb\C_AvgNDVI_2016_2_WMA
119,Nemananga,2,3134.000000000000000,0.018247931246000,126.666664123535000,190.000000000000000,63.333335876464800,158.275260574740000,10.966960799241300,496034.666641235000000,158.666671752930000,172.333328247070000,2016_2,201,2,C:\Users\kem99059\Desktop\Zambezi\Climate\eMODIS_NDVI_C6\NDVI\MonthlyAvgNDVI.gdb\C_AvgNDVI_2016_2_WMA
120,Sidinda,3,8465.000000000000000,0.049288046585000,128.333328247070000,188.666671752930000,60.333343505859400,165.006024835072000,9.110797530039440,1396776.000228890000000,165.333328247070000,176.666671752930000,2016_2,201,2,C:\Users\kem99059\Desktop\Zambezi\Climate\eMODIS_NDVI_C6\NDVI\MonthlyAvgNDVI.gdb\C_AvgNDVI_2016_2_WMA
121,Simangani,4,7246.000000000000000,0.042190334974000,118.000000000000000,189.000000000000000,71.000000000000000,160.285720863100000,11.751792589570300,1161430.333374020000000,160.666671752930000,175.666671752930000,2016_2,201,2,C:\Users\kem99059\Desktop\Zambezi\Climate\eMODIS_NDVI_C6\NDVI\MonthlyAvgNDVI.gdb\C_AvgNDVI_2016_2_WMA
122,Unknown 16,5,1665.000000000000000,0.009694577385000,105.333335876465000,179.333328247070000,73.999992370605500,152.896896912171000,10.246731674249200,254573.333358765000000,154.000000000000000,164.666671752930000,2016_2,201,2,C:\Users\kem99059\Desktop\Zambezi\Climate\eMODIS_NDVI_C6\NDVI\MonthlyAvgNDVI.gdb\C_AvgNDVI_2016_2_WMA
123,Chidobe,6,1918.000000000000000,0.011167687342000,131.333328247070000,186.666671752930000,55.333343505859400,161.829509914108000,9.433008612392070,310389.000015259000000,161.666671752930000,174.000000000000000,2016_2,201,2,C:\Users\kem99059\Desktop\Zambezi\Climate\eMODIS_NDVI_C6\NDVI\MonthlyAvgNDVI.gdb\C_AvgNDVI_2016_2_WMA
124,Jambezi,7,3848.000000000000000,0.022405245512000,130.333328247070000,188.333328247070000,58.000000000000000,164.519923628492000,10.648357125484700,633072.666122436000000,165.666671752930000,177.666671752930000,2016_2,201,2,C:\Users\kem99059\Desktop\Zambezi\Climate\eMODIS_NDVI_C6\NDVI\MonthlyAvgNDVI.gdb\C_AvgNDVI_2016_2_WMA
125,Kachecheti,8,2626.000000000000000,0.015290066194000,130.000000000000000,188.000000000000000,58.000000000000000,158.513836020290000,9.175449803388520,416257.333389282000000,158.333328247070000,170.333328247070000,2016_2,201,2,C:\Users\kem99059\Desktop\Zambezi\Climate\eMODIS_NDVI_C6\NDVI\MonthlyAvgNDVI.gdb\C_AvgNDVI_2016_2_WMA
126,Mabale,9,1780.000000000000000,0.010364172820000,138.666671752930000,189.333328247070000,50.666656494140600,167.237265751871000,9.372320745498910,297682.333038330000000,168.000000000000000,179.333328247070000,2016_2,201,2,C:\Users\kem99059\Desktop\Zambezi\Climate\eMODIS_NDVI_C6\NDVI\MonthlyAvgNDVI.gdb\C_AvgNDVI_2016_2_WMA
127,Nekatambe,1,5882.000000000000000,0.034248350858000,105.666664123535000,188.666671752930000,83.000007629394500,164.551569771661000,13.787990730040400,967892.333396912000000,166.666671752930000,180.666671752930000,2016_3,201,3,C:\Users\kem99059\Desktop\Zambezi\Climate\eMODIS_NDVI_C6\NDVI\MonthlyAvgNDVI.gdb\C_AvgNDVI_2016_3_WMA
128,Nemananga,2,3134.000000000000000,0.018247931246000,131.333328247070000,188.333328247070000,57.000000000000000,168.174962718698000,9.296680334834710,527060.333160399000000,169.000000000000000,179.333328247070000,2016_3,201,3,C:\Users\kem99059\Desktop\Zambezi\Climate\eMODIS_NDVI_C6\NDVI\MonthlyAvgNDVI.gdb\C_AvgNDVI_2016_3_WMA
129,Sidinda,3,8465.000000000000000,0.049288046585000,135.333328247070000,189.333328247070000,54.000000000000000,174.402362597715000,6.437151770849340,1476315.999389660000000,175.666671752930000,181.333328247070000,2016_3,201,3,C:\Users\kem99059\Desktop\Zambezi\Climate\eMODIS_NDVI_C6\NDVI\MonthlyAvgNDVI.gdb\C_AvgNDVI_2016_3_WMA
130,Simangani,4,7246.000000000000000,0.042190334974000,126.666664123535000,189.333328247070000,62.666664123535200,170.120204285367000,9.207795282887270,1232691.000251770000000,171.333328247070000,181.000000000000000,2016_3,201,3,C:\Users\kem99059\Desktop\Zambezi\Climate\eMODIS_NDVI_C6\NDVI\MonthlyAvgNDVI.gdb\C_AvgNDVI_2016_3_WMA
131,Unknown 16,5,1665.000000000000000,0.009694577385000,106.000000000000000,184.666671752930000,78.666671752929700,165.083684042624000,9.461013799018690,274864.333930969000000,166.000000000000000,175.866668701172000,2016_3,201,3,C:\Users\kem99059\Desktop\Zambezi\Climate\eMODIS_NDVI_C6\NDVI\MonthlyAvgNDVI.gdb\C_AvgNDVI_2016_3_WMA
132,Chidobe,6,1918.000000000000000,0.011167687342000,130.000000000000000,186.666671752930000,56.666671752929700,165.031282578071000,8.299972102671350,316529.999984740000000,164.666671752930000,176.333328247070000,2016_3,201,3,C:\Users\kem99059\Desktop\Zambezi\Climate\eMODIS_NDVI_C6\NDVI\MonthlyAvgNDVI.gdb\C_AvgNDVI_2016_3_WMA
133,Jambezi,7,3848.000000000000000,0.022405245512000,133.000000000000000,189.000000000000000,56.000000000000000,171.202183079075000,8.015527447830160,658786.000488281000000,172.666671752930000,180.000000000000000,2016_3,201,3,C:\Users\kem99059\Desktop\Zambezi\Climate\eMODIS_NDVI_C6\NDVI\MonthlyAvgNDVI.gdb\C_AvgNDVI_2016_3_WMA
134,Kachecheti,8,2626.000000000000000,0.015290066194000,138.666671752930000,187.333328247070000,48.666656494140600,166.398959140240000,8.000939394986450,436963.666702271000000,166.333328247070000,177.000000000000000,2016_3,201,3,C:\Users\kem99059\Desktop\Zambezi\Climate\eMODIS_NDVI_C6\NDVI\MonthlyAvgNDVI.gdb\C_AvgNDVI_2016_3_WMA
135,Mabale,9,1780.000000000000000,0.010364172820000,138.666671752930000,189.333328247070000,50.666656494140600,170.059925156497000,8.233607373607710,302706.666778564000000,170.333328247070000,180.666671752930000,2016_3,201,3,C:\Users\kem99059\Desktop\Zambezi\Climate\eMODIS_NDVI_C6\NDVI\MonthlyAvgNDVI.gdb\C_AvgNDVI_2016_3_WMA
136,Nekatambe,1,5882.000000000000000,0.034248350858000,102.666664123535000,189.000000000000000,86.333335876464800,161.798821334813000,11.711925829400000,951700.667091370000000,163.333328247070000,175.333328247070000,2016_4,201,4,C:\Users\kem99059\Desktop\Zambezi\Climate\eMODIS_NDVI_C6\NDVI\MonthlyAvgNDVI.gdb\C_AvgNDVI_2016_4_WMA
137,Nemananga,2,3134.000000000000000,0.018247931246000,141.666671752930000,188.000000000000000,46.333328247070300,167.963624843459000,8.725047369610010,526398.000259400000000,169.333328247070000,178.000000000000000,2016_4,201,4,C:\Users\kem99059\Desktop\Zambezi\Climate\eMODIS_NDVI_C6\NDVI\MonthlyAvgNDVI.gdb\C_AvgNDVI_2016_4_WMA
138,Sidinda,3,8465.000000000000000,0.049288046585000,134.000000000000000,189.000000000000000,55.000000000000000,168.886670568999000,6.366069607988760,1429625.666366580000000,168.666671752930000,176.666671752930000,2016_4,201,4,C:\Users\kem99059\Desktop\Zambezi\Climate\eMODIS_NDVI_C6\NDVI\MonthlyAvgNDVI.gdb\C_AvgNDVI_2016_4_WMA
139,Simangani,4,7246.000000000000000,0.042190334974000,134.666671752930000,189.000000000000000,54.333328247070300,166.032247664946000,8.750352601896080,1203069.666580200000000,166.333328247070000,176.666671752930000,2016_4,201,4,C:\Users\kem99059\Desktop\Zambezi\Climate\eMODIS_NDVI_C6\NDVI\MonthlyAvgNDVI.gdb\C_AvgNDVI_2016_4_WMA
140,Unknown 16,5,1665.000000000000000,0.009694577385000,123.666664123535000,183.333328247070000,59.666664123535200,160.633233143116000,7.848244619026130,267454.333183289000000,161.000000000000000,170.666671752930000,2016_4,201,4,C:\Users\kem99059\Desktop\Zambezi\Climate\eMODIS_NDVI_C6\NDVI\MonthlyAvgNDVI.gdb\C_AvgNDVI_2016_4_WMA
141,Chidobe,6,1918.000000000000000,0.011167687342000,141.333328247070000,188.000000000000000,46.666671752929700,163.938998837914000,8.445895513707340,314434.999771119000000,163.333328247070000,175.333328247070000,2016_4,201,4,C:\Users\kem99059\Desktop\Zambezi\Climate\eMODIS_NDVI_C6\NDVI\MonthlyAvgNDVI.gdb\C_AvgNDVI_2016_4_WMA
142,Jambezi,7,3848.000000000000000,0.022405245512000,137.000000000000000,188.333328247070000,51.333328247070300,167.809338286116000,8.311926918465770,645730.333724975000000,169.000000000000000,177.333328247070000,2016_4,201,4,C:\Users\kem99059\Desktop\Zambezi\Climate\eMODIS_NDVI_C6\NDVI\MonthlyAvgNDVI.gdb\C_AvgNDVI_2016_4_WMA
143,Kachecheti,8,2626.000000000000000,0.015290066194000,140.333328247070000,188.666671752930000,48.333343505859400,165.500380801501000,8.688054716530890,434603.999984741000000,165.666671752930000,176.666671752930000,2016_4,201,4,C:\Users\kem99059\Desktop\Zambezi\Climate\eMODIS_NDVI_C6\NDVI\MonthlyAvgNDVI.gdb\C_AvgNDVI_2016_4_WMA
144,Mabale,9,1780.000000000000000,0.010364172820000,144.333328247070000,189.333328247070000,45.000000000000000,169.671722969313000,8.292313300645330,302015.666885376000000,171.000000000000000,179.666671752930000,2016_4,201,4,C:\Users\kem99059\Desktop\Zambezi\Climate\eMODIS_NDVI_C6\NDVI\MonthlyAvgNDVI.gdb\C_AvgNDVI_2016_4_WMA
145,Nekatambe,1,5882.000000000000000,0.034248350858000,98.666664123535200,183.333328247070000,84.666664123535200,148.509293723212000,8.892539624967320,873531.665679935000000,149.666671752930000,158.666671752930000,2016_5,201,5,C:\Users\kem99059\Desktop\Zambezi\Climate\eMODIS_NDVI_C6\NDVI\MonthlyAvgNDVI.gdb\C_AvgNDVI_2016_5_WMA
146,Nemananga,2,3134.000000000000000,0.018247931246000,129.333328247070000,184.000000000000000,54.666671752929700,150.595405111209000,8.594558466415110,471965.999618529000000,150.000000000000000,161.666671752930000,2016_5,201,5,C:\Users\kem99059\Desktop\Zambezi\Climate\eMODIS_NDVI_C6\NDVI\MonthlyAvgNDVI.gdb\C_AvgNDVI_2016_5_WMA
147,Sidinda,3,8465.000000000000000,0.049288046585000,126.333335876465000,182.000000000000000,55.666664123535200,148.510179195866000,5.575542413452850,1257138.666893010000000,148.333328247070000,155.333328247070000,2016_5,201,5,C:\Users\kem99059\Desktop\Zambezi\Climate\eMODIS_NDVI_C6\NDVI\MonthlyAvgNDVI.gdb\C_AvgNDVI_2016_5_WMA
148,Simangani,4,7246.000000000000000,0.042190334974000,126.000000000000000,179.000000000000000,53.000000000000000,148.403348826388000,7.226938236315050,1075330.665596010000000,148.333328247070000,157.666671752930000,2016_5,201,5,C:\Users\kem99059\Desktop\Zambezi\Climate\eMODIS_NDVI_C6\NDVI\MonthlyAvgNDVI.gdb\C_AvgNDVI_2016_5_WMA
149,Unknown 16,5,1665.000000000000000,0.009694577385000,122.666664123535000,174.000000000000000,51.333335876464800,142.819419700462000,6.449740828438000,237794.333801269000000,142.000000000000000,151.533334350586000,2016_5,201,5,C:\Users\kem99059\Desktop\Zambezi\Climate\eMODIS_NDVI_C6\NDVI\MonthlyAvgNDVI.gdb\C_AvgNDVI_2016_5_WMA
150,Chidobe,6,1918.000000000000000,0.011167687342000,128.666671752930000,180.333328247070000,51.666656494140600,147.966979192867000,8.653994542468080,283800.666091919000000,147.000000000000000,160.000000000000000,2016_5,201,5,C:\Users\kem99059\Desktop\Zambezi\Climate\eMODIS_NDVI_C6\NDVI\MonthlyAvgNDVI.gdb\C_AvgNDVI_2016_5_WMA
151,Jambezi,7,3848.000000000000000,0.022405245512000,128.000000000000000,180.666671752930000,52.666671752929700,148.086884992286000,6.676870866212250,569838.333450318000000,148.666671752930000,155.666671752930000,2016_5,201,5,C:\Users\kem99059\Desktop\Zambezi\Climate\eMODIS_NDVI_C6\NDVI\MonthlyAvgNDVI.gdb\C_AvgNDVI_2016_5_WMA
152,Kachecheti,8,2626.000000000000000,0.015290066194000,125.666664123535000,186.666671752930000,61.000007629394500,151.098121105581000,8.794210448601080,396783.666023255000000,150.666671752930000,162.333328247070000,2016_5,201,5,C:\Users\kem99059\Desktop\Zambezi\Climate\eMODIS_NDVI_C6\NDVI\MonthlyAvgNDVI.gdb\C_AvgNDVI_2016_5_WMA
153,Mabale,9,1780.000000000000000,0.010364172820000,135.333328247070000,181.666671752930000,46.333343505859400,154.360112256682000,8.234687851330730,274760.999816894000000,154.333328247070000,165.000000000000000,2016_5,201,5,C:\Users\kem99059\Desktop\Zambezi\Climate\eMODIS_NDVI_C6\NDVI\MonthlyAvgNDVI.gdb\C_AvgNDVI_2016_5_WMA
154,Nekatambe,1,5882.000000000000000,0.034248350858000,99.333335876464800,186.666671752930000,87.333335876464800,138.743624361954000,6.486536304352040,816089.998497012000000,139.333328247070000,146.000000000000000,2016_6,201,6,C:\Users\kem99059\Desktop\Zambezi\Climate\eMODIS_NDVI_C6\NDVI\MonthlyAvgNDVI.gdb\C_AvgNDVI_2016_6_WMA
155,Nemananga,2,3134.000000000000000,0.018247931246000,122.000000000000000,169.666671752930000,47.666671752929700,139.403850243818000,5.928510019114800,436891.666664124000000,138.666671752930000,147.666671752930000,2016_6,201,6,C:\Users\kem99059\Desktop\Zambezi\Climate\eMODIS_NDVI_C6\NDVI\MonthlyAvgNDVI.gdb\C_AvgNDVI_2016_6_WMA
156,Sidinda,3,8465.000000000000000,0.049288046585000,122.333335876465000,159.666671752930000,37.333335876464800,138.630005822854000,4.254699644264380,1173502.999290460000000,138.333328247070000,144.000000000000000,2016_6,201,6,C:\Users\kem99059\Desktop\Zambezi\Climate\eMODIS_NDVI_C6\NDVI\MonthlyAvgNDVI.gdb\C_AvgNDVI_2016_6_WMA
157,Simangani,4,7246.000000000000000,0.042190334974000,121.000000000000000,175.333328247070000,54.333328247070300,139.849848208952000,5.716216252499660,1013352.000122070000000,139.666671752930000,147.000000000000000,2016_6,201,6,C:\Users\kem99059\Desktop\Zambezi\Climate\eMODIS_NDVI_C6\NDVI\MonthlyAvgNDVI.gdb\C_AvgNDVI_2016_6_WMA
158,Unknown 16,5,1665.000000000000000,0.009694577385000,113.000000000000000,167.666671752930000,54.666671752929700,136.045845751147000,5.556405543410120,226516.333175660000000,135.000000000000000,142.666671752930000,2016_6,201,6,C:\Users\kem99059\Desktop\Zambezi\Climate\eMODIS_NDVI_C6\NDVI\MonthlyAvgNDVI.gdb\C_AvgNDVI_2016_6_WMA
159,Chidobe,6,1918.000000000000000,0.011167687342000,122.666664123535000,160.333328247070000,37.666664123535200,137.981577892125000,5.916305643932450,264648.666397095000000,137.666671752930000,146.000000000000000,2016_6,201,6,C:\Users\kem99059\Desktop\Zambezi\Climate\eMODIS_NDVI_C6\NDVI\MonthlyAvgNDVI.gdb\C_AvgNDVI_2016_6_WMA
160,Jambezi,7,3848.000000000000000,0.022405245512000,123.000000000000000,162.666671752930000,39.666671752929700,138.367377043266000,4.972733758385980,532437.666862489000000,138.333328247070000,144.333328247070000,2016_6,201,6,C:\Users\kem99059\Desktop\Zambezi\Climate\eMODIS_NDVI_C6\NDVI\MonthlyAvgNDVI.gdb\C_AvgNDVI_2016_6_WMA
161,Kachecheti,8,2626.000000000000000,0.015290066194000,121.666664123535000,165.000000000000000,43.333335876464800,140.618177095807000,6.375112759748220,369263.333053589000000,140.333328247070000,149.000000000000000,2016_6,201,6,C:\Users\kem99059\Desktop\Zambezi\Climate\eMODIS_NDVI_C6\NDVI\MonthlyAvgNDVI.gdb\C_AvgNDVI_2016_6_WMA
162,Mabale,9,1780.000000000000000,0.010364172820000,128.666671752930000,185.666671752930000,57.000000000000000,142.087453083510000,6.577182725994680,252915.666488648000000,141.333328247070000,150.666671752930000,2016_6,201,6,C:\Users\kem99059\Desktop\Zambezi\Climate\eMODIS_NDVI_C6\NDVI\MonthlyAvgNDVI.gdb\C_AvgNDVI_2016_6_WMA
163,Nekatambe,1,5882.000000000000000,0.034248350858000,102.000000000000000,161.666671752930000,59.666671752929700,132.774736222180000,4.297967943024140,780980.998458864000000,133.333328247070000,137.333328247070000,2016_7,201,7,C:\Users\kem99059\Desktop\Zambezi\Climate\eMODIS_NDVI_C6\NDVI\MonthlyAvgNDVI.gdb\C_AvgNDVI_2016_7_WMA
164,Nemananga,2,3134.000000000000000,0.018247931246000,121.000000000000000,153.333328247070000,32.333328247070300,133.615187868314000,3.746435810297140,418749.998779297000000,133.333328247070000,138.333328247070000,2016_7,201,7,C:\Users\kem99059\Desktop\Zambezi\Climate\eMODIS_NDVI_C6\NDVI\MonthlyAvgNDVI.gdb\C_AvgNDVI_2016_7_WMA
165,Sidinda,3,8465.000000000000000,0.049288046585000,120.333335876465000,151.000000000000000,30.666664123535200,133.276037964480000,3.002138644203870,1128181.661369320000000,133.000000000000000,137.000000000000000,2016_7,201,7,C:\Users\kem99059\Desktop\Zambezi\Climate\eMODIS_NDVI_C6\NDVI\MonthlyAvgNDVI.gdb\C_AvgNDVI_2016_7_WMA
166,Simangani,4,7246.000000000000000,0.042190334974000,121.000000000000000,149.000000000000000,28.000000000000000,133.872849014034000,3.629035245354960,970042.663955693000000,134.000000000000000,138.333328247070000,2016_7,201,7,C:\Users\kem99059\Desktop\Zambezi\Climate\eMODIS_NDVI_C6\NDVI\MonthlyAvgNDVI.gdb\C_AvgNDVI_2016_7_WMA
167,Unknown 16,5,1665.000000000000000,0.009694577385000,112.666664123535000,163.000000000000000,50.333335876464800,132.212612319350000,4.374941755545180,220133.999511719000000,131.666671752930000,136.666671752930000,2016_7,201,7,C:\Users\kem99059\Desktop\Zambezi\Climate\eMODIS_NDVI_C6\NDVI\MonthlyAvgNDVI.gdb\C_AvgNDVI_2016_7_WMA
168,Chidobe,6,1918.000000000000000,0.011167687342000,122.333335876465000,150.333328247070000,27.999992370605500,133.072818616881000,4.093221024080700,255233.666107177000000,133.000000000000000,138.099998474121000,2016_7,201,7,C:\Users\kem99059\Desktop\Zambezi\Climate\eMODIS_NDVI_C6\NDVI\MonthlyAvgNDVI.gdb\C_AvgNDVI_2016_7_WMA
169,Jambezi,7,3848.000000000000000,0.022405245512000,121.666664123535000,148.000000000000000,26.333335876464800,132.967774807540000,3.523311213686460,511659.997459413000000,133.000000000000000,137.333328247070000,2016_7,201,7,C:\Users\kem99059\Desktop\Zambezi\Climate\eMODIS_NDVI_C6\NDVI\MonthlyAvgNDVI.gdb\C_AvgNDVI_2016_7_WMA
170,Kachecheti,8,2626.000000000000000,0.015290066194000,121.333335876465000,148.666671752930000,27.333335876464800,134.599390432295000,4.122228108957280,353457.999275207000000,134.333328247070000,140.000000000000000,2016_7,201,7,C:\Users\kem99059\Desktop\Zambezi\Climate\eMODIS_NDVI_C6\NDVI\MonthlyAvgNDVI.gdb\C_AvgNDVI_2016_7_WMA
171,Mabale,9,1780.000000000000000,0.010364172820000,126.000000000000000,156.333328247070000,30.333328247070300,135.365168166429000,4.104105127370960,240949.999336243000000,135.333328247070000,140.666671752930000,2016_7,201,7,C:\Users\kem99059\Desktop\Zambezi\Climate\eMODIS_NDVI_C6\NDVI\MonthlyAvgNDVI.gdb\C_AvgNDVI_2016_7_WMA
172,Nekatambe,1,5882.000000000000000,0.034248350858000,111.000000000000000,152.333328247070000,41.333328247070300,130.126374060181000,3.423677982178320,765403.332221985000000,130.666671752930000,133.666671752930000,2016_8,201,8,C:\Users\kem99059\Desktop\Zambezi\Climate\eMODIS_NDVI_C6\NDVI\MonthlyAvgNDVI.gdb\C_AvgNDVI_2016_8_WMA
173,Nemananga,2,3134.000000000000000,0.018247931246000,120.000000000000000,150.000000000000000,30.000000000000000,131.263135473060000,3.318340208414760,411378.666572571000000,131.000000000000000,135.000000000000000,2016_8,201,8,C:\Users\kem99059\Desktop\Zambezi\Climate\eMODIS_NDVI_C6\NDVI\MonthlyAvgNDVI.gdb\C_AvgNDVI_2016_8_WMA
174,Sidinda,3,8465.000000000000000,0.049288046585000,119.666664123535000,154.333328247070000,34.666664123535200,130.959243673470000,2.690366493740690,1108569.997695920000000,130.666671752930000,134.000000000000000,2016_8,201,8,C:\Users\kem99059\Desktop\Zambezi\Climate\eMODIS_NDVI_C6\NDVI\MonthlyAvgNDVI.gdb\C_AvgNDVI_2016_8_WMA
175,Simangani,4,7246.000000000000000,0.042190334974000,120.000000000000000,153.333328247070000,33.333328247070300,130.757336960028000,2.930249069456480,947467.663612366000000,130.666671752930000,134.000000000000000,2016_8,201,8,C:\Users\kem99059\Desktop\Zambezi\Climate\eMODIS_NDVI_C6\NDVI\MonthlyAvgNDVI.gdb\C_AvgNDVI_2016_8_WMA
176,Unknown 16,5,1665.000000000000000,0.009694577385000,112.333335876465000,159.666671752930000,47.333335876464800,129.982782417733000,3.721911199529730,216421.332725525000000,130.000000000000000,133.333328247070000,2016_8,201,8,C:\Users\kem99059\Desktop\Zambezi\Climate\eMODIS_NDVI_C6\NDVI\MonthlyAvgNDVI.gdb\C_AvgNDVI_2016_8_WMA
177,Chidobe,6,1918.000000000000000,0.011167687342000,121.666664123535000,148.000000000000000,26.333335876464800,131.058220084691000,3.676547569611470,251369.666122437000000,131.000000000000000,135.666671752930000,2016_8,201,8,C:\Users\kem99059\Desktop\Zambezi\Climate\eMODIS_NDVI_C6\NDVI\MonthlyAvgNDVI.gdb\C_AvgNDVI_2016_8_WMA
178,Jambezi,7,3848.000000000000000,0.022405245512000,121.000000000000000,151.000000000000000,30.000000000000000,130.458939459121000,3.183770559036220,502005.999038697000000,130.333328247070000,134.333328247070000,2016_8,201,8,C:\Users\kem99059\Desktop\Zambezi\Climate\eMODIS_NDVI_C6\NDVI\MonthlyAvgNDVI.gdb\C_AvgNDVI_2016_8_WMA
179,Kachecheti,8,2626.000000000000000,0.015290066194000,120.000000000000000,153.666671752930000,33.666671752929700,131.549377711602000,3.212752255995950,345448.665870666000000,131.666671752930000,135.333328247070000,2016_8,201,8,C:\Users\kem99059\Desktop\Zambezi\Climate\eMODIS_NDVI_C6\NDVI\MonthlyAvgNDVI.gdb\C_AvgNDVI_2016_8_WMA
180,Mabale,9,1780.000000000000000,0.010364172820000,124.000000000000000,152.000000000000000,28.000000000000000,132.502434432640000,3.798785279907110,235854.333290100000000,132.333328247070000,137.000000000000000,2016_8,201,8,C:\Users\kem99059\Desktop\Zambezi\Climate\eMODIS_NDVI_C6\NDVI\MonthlyAvgNDVI.gdb\C_AvgNDVI_2016_8_WMA
181,Nekatambe,1,5882.000000000000000,0.034248350858000,112.000000000000000,143.666671752930000,31.666671752929700,128.843080353955000,3.138736278146250,757854.998641962000000,129.333328247070000,132.299995422363000,2016_9,201,9,C:\Users\kem99059\Desktop\Zambezi\Climate\eMODIS_NDVI_C6\NDVI\MonthlyAvgNDVI.gdb\C_AvgNDVI_2016_9_WMA
182,Nemananga,2,3134.000000000000000,0.018247931246000,119.000000000000000,140.333328247070000,21.333328247070300,130.068495520986000,2.648855845736820,407634.664962769000000,130.000000000000000,133.333328247070000,2016_9,201,9,C:\Users\kem99059\Desktop\Zambezi\Climate\eMODIS_NDVI_C6\NDVI\MonthlyAvgNDVI.gdb\C_AvgNDVI_2016_9_WMA
183,Sidinda,3,8465.000000000000000,0.049288046585000,119.666664123535000,146.666671752930000,27.000007629394500,130.155541702875000,2.145458077560430,1101766.660514830000000,130.000000000000000,132.666671752930000,2016_9,201,9,C:\Users\kem99059\Desktop\Zambezi\Climate\eMODIS_NDVI_C6\NDVI\MonthlyAvgNDVI.gdb\C_AvgNDVI_2016_9_WMA
184,Simangani,4,7246.000000000000000,0.042190334974000,119.333335876465000,139.333328247070000,19.999992370605500,129.356242128014000,2.264909424156880,937315.330459590000000,129.666671752930000,132.000000000000000,2016_9,201,9,C:\Users\kem99059\Desktop\Zambezi\Climate\eMODIS_NDVI_C6\NDVI\MonthlyAvgNDVI.gdb\C_AvgNDVI_2016_9_WMA
185,Unknown 16,5,1665.000000000000000,0.009694577385000,116.000000000000000,150.333328247070000,34.333328247070300,128.771971794793000,3.127539385682330,214405.333038330000000,129.000000000000000,131.333328247070000,2016_9,201,9,C:\Users\kem99059\Desktop\Zambezi\Climate\eMODIS_NDVI_C6\NDVI\MonthlyAvgNDVI.gdb\C_AvgNDVI_2016_9_WMA
186,Chidobe,6,1918.000000000000000,0.011167687342000,121.333335876465000,143.666671752930000,22.333335876464800,130.254257671527000,3.333707598018960,249827.666213989000000,130.000000000000000,135.000000000000000,2016_9,201,9,C:\Users\kem99059\Desktop\Zambezi\Climate\eMODIS_NDVI_C6\NDVI\MonthlyAvgNDVI.gdb\C_AvgNDVI_2016_9_WMA
187,Jambezi,7,3848.000000000000000,0.022405245512000,120.666664123535000,143.333328247070000,22.666664123535200,129.502944734141000,2.648203852834090,498327.331336975000000,129.333328247070000,133.000000000000000,2016_9,201,9,C:\Users\kem99059\Desktop\Zambezi\Climate\eMODIS_NDVI_C6\NDVI\MonthlyAvgNDVI.gdb\C_AvgNDVI_2016_9_WMA
188,Kachecheti,8,2626.000000000000000,0.015290066194000,120.000000000000000,141.000000000000000,21.000000000000000,130.281543077990000,2.603080038054500,342119.332122803000000,130.666671752930000,133.333328247070000,2016_9,201,9,C:\Users\kem99059\Desktop\Zambezi\Climate\eMODIS_NDVI_C6\NDVI\MonthlyAvgNDVI.gdb\C_AvgNDVI_2016_9_WMA
189,Mabale,9,1780.000000000000000,0.010364172820000,123.666664123535000,147.000000000000000,23.333335876464800,131.008239394627000,3.459818409796060,233194.666122436000000,130.666671752930000,135.333328247070000,2016_9,201,9,C:\Users\kem99059\Desktop\Zambezi\Climate\eMODIS_NDVI_C6\NDVI\MonthlyAvgNDVI.gdb\C_AvgNDVI_2016_9_WMA
190,Nekatambe,1,5882.000000000000000,0.034248350858000,110.000000000000000,167.333328247070000,57.333328247070300,128.827892804138000,3.789591819014510,757765.665473941000000,129.333328247070000,133.000000000000000,2016_10,2016,10,C:\Users\kem99059\Desktop\Zambezi\Climate\eMODIS_NDVI_C6\NDVI\MonthlyAvgNDVI.gdb\C_AvgNDVI_2016_10_WMA
191,Nemananga,2,3134.000000000000000,0.018247931246000,119.000000000000000,143.000000000000000,24.000000000000000,130.277281548769000,2.840949293517140,408289.000373841000000,130.666671752930000,133.666671752930000,2016_10,2016,10,C:\Users\kem99059\Desktop\Zambezi\Climate\eMODIS_NDVI_C6\NDVI\MonthlyAvgNDVI.gdb\C_AvgNDVI_2016_10_WMA
192,Sidinda,3,8465.000000000000000,0.049288046585000,120.666664123535000,144.333328247070000,23.666664123535200,131.092537894252000,2.365804052886160,1109698.333274840000000,131.000000000000000,134.000000000000000,2016_10,2016,10,C:\Users\kem99059\Desktop\Zambezi\Climate\eMODIS_NDVI_C6\NDVI\MonthlyAvgNDVI.gdb\C_AvgNDVI_2016_10_WMA
193,Simangani,4,7246.000000000000000,0.042190334974000,119.666664123535000,144.333328247070000,24.666664123535200,129.101020988825000,2.577728585204730,935465.998085024000000,129.333328247070000,132.000000000000000,2016_10,2016,10,C:\Users\kem99059\Desktop\Zambezi\Climate\eMODIS_NDVI_C6\NDVI\MonthlyAvgNDVI.gdb\C_AvgNDVI_2016_10_WMA
194,Unknown 16,5,1665.000000000000000,0.009694577385000,113.333335876465000,150.333328247070000,36.999992370605500,128.125525287250000,3.251619915045750,213328.999603271000000,128.333328247070000,131.000000000000000,2016_10,2016,10,C:\Users\kem99059\Desktop\Zambezi\Climate\eMODIS_NDVI_C6\NDVI\MonthlyAvgNDVI.gdb\C_AvgNDVI_2016_10_WMA
195,Chidobe,6,1918.000000000000000,0.011167687342000,120.333335876465000,148.333328247070000,27.999992370605500,130.170663819696000,3.457332415008440,249667.333206176000000,130.166664123535000,134.333328247070000,2016_10,2016,10,C:\Users\kem99059\Desktop\Zambezi\Climate\eMODIS_NDVI_C6\NDVI\MonthlyAvgNDVI.gdb\C_AvgNDVI_2016_10_WMA
196,Jambezi,7,3848.000000000000000,0.022405245512000,120.000000000000000,163.333328247070000,43.333328247070300,130.399428397355000,3.207039859094890,501777.000473021000000,130.000000000000000,134.666671752930000,2016_10,2016,10,C:\Users\kem99059\Desktop\Zambezi\Climate\eMODIS_NDVI_C6\NDVI\MonthlyAvgNDVI.gdb\C_AvgNDVI_2016_10_WMA
197,Kachecheti,8,2626.000000000000000,0.015290066194000,120.000000000000000,143.333328247070000,23.333328247070300,130.352373926492000,2.809450494439390,342305.333930968000000,130.666671752930000,133.333328247070000,2016_10,2016,10,C:\Users\kem99059\Desktop\Zambezi\Climate\eMODIS_NDVI_C6\NDVI\MonthlyAvgNDVI.gdb\C_AvgNDVI_2016_10_WMA
198,Mabale,9,1780.000000000000000,0.010364172820000,123.000000000000000,162.000000000000000,39.000000000000000,132.153932691424000,4.646871074136100,235234.000190735000000,131.666671752930000,137.666671752930000,2016_10,2016,10,C:\Users\kem99059\Desktop\Zambezi\Climate\eMODIS_NDVI_C6\NDVI\MonthlyAvgNDVI.gdb\C_AvgNDVI_2016_10_WMA
199,Nekatambe,1,5882.000000000000000,0.034248350858000,109.000000000000000,179.333328247070000,70.333328247070300,134.409497802900000,7.614127119593970,790596.666076657000000,134.666671752930000,143.333328247070000,2016_11,2016,11,C:\Users\kem99059\Desktop\Zambezi\Climate\eMODIS_NDVI_C6\NDVI\MonthlyAvgNDVI.gdb\C_AvgNDVI_2016_11_WMA
200,Nemananga,2,3134.000000000000000,0.018247931246000,117.333335876465000,169.666671752930000,52.333335876464800,132.238140773225000,5.501572319979310,414434.333183289000000,132.333328247070000,138.233329772949000,2016_11,2016,11,C:\Users\kem99059\Desktop\Zambezi\Climate\eMODIS_NDVI_C6\NDVI\MonthlyAvgNDVI.gdb\C_AvgNDVI_2016_11_WMA
201,Sidinda,3,8465.000000000000000,0.049288046585000,119.000000000000000,182.333328247070000,63.333328247070300,135.934002686449000,5.925720163641910,1150681.332740790000000,135.000000000000000,143.333328247070000,2016_11,2016,11,C:\Users\kem99059\Desktop\Zambezi\Climate\eMODIS_NDVI_C6\NDVI\MonthlyAvgNDVI.gdb\C_AvgNDVI_2016_11_WMA
202,Simangani,4,7246.000000000000000,0.042190334974000,117.333335876465000,171.666671752930000,54.333335876464800,132.166390602476000,4.904878465261060,957677.666305543000000,132.000000000000000,137.666671752930000,2016_11,2016,11,C:\Users\kem99059\Desktop\Zambezi\Climate\eMODIS_NDVI_C6\NDVI\MonthlyAvgNDVI.gdb\C_AvgNDVI_2016_11_WMA
203,Unknown 16,5,1665.000000000000000,0.009694577385000,108.666664123535000,152.333328247070000,43.666664123535200,130.578378144685000,4.783076703991820,217412.999610901000000,130.333328247070000,136.666671752930000,2016_11,2016,11,C:\Users\kem99059\Desktop\Zambezi\Climate\eMODIS_NDVI_C6\NDVI\MonthlyAvgNDVI.gdb\C_AvgNDVI_2016_11_WMA
204,Chidobe,6,1918.000000000000000,0.011167687342000,118.000000000000000,171.000000000000000,53.000000000000000,134.505039939045000,6.163216162475840,257980.666603088000000,134.000000000000000,140.666671752930000,2016_11,2016,11,C:\Users\kem99059\Desktop\Zambezi\Climate\eMODIS_NDVI_C6\NDVI\MonthlyAvgNDVI.gdb\C_AvgNDVI_2016_11_WMA
205,Jambezi,7,3848.000000000000000,0.022405245512000,119.666664123535000,178.000000000000000,58.333335876464800,133.440748355493000,6.290230739417260,513479.999671936000000,132.333328247070000,141.000000000000000,2016_11,2016,11,C:\Users\kem99059\Desktop\Zambezi\Climate\eMODIS_NDVI_C6\NDVI\MonthlyAvgNDVI.gdb\C_AvgNDVI_2016_11_WMA
206,Kachecheti,8,2626.000000000000000,0.015290066194000,118.333335876465000,172.666671752930000,54.333335876464800,133.277481491659000,5.661999064160530,349986.666397096000000,132.666671752930000,139.333328247070000,2016_11,2016,11,C:\Users\kem99059\Desktop\Zambezi\Climate\eMODIS_NDVI_C6\NDVI\MonthlyAvgNDVI.gdb\C_AvgNDVI_2016_11_WMA
207,Mabale,9,1780.000000000000000,0.010364172820000,121.000000000000000,167.000000000000000,46.000000000000000,135.708052440172000,7.077163263014460,241560.333343506000000,135.000000000000000,145.000000000000000,2016_11,2016,11,C:\Users\kem99059\Desktop\Zambezi\Climate\eMODIS_NDVI_C6\NDVI\MonthlyAvgNDVI.gdb\C_AvgNDVI_2016_11_WMA
208,Nekatambe,1,5882.000000000000000,0.034248350858000,109.000000000000000,187.000000000000000,78.000000000000000,154.787883979047000,13.965498801496600,910462.333564757000000,156.666671752930000,172.000000000000000,2016_12,2016,12,C:\Users\kem99059\Desktop\Zambezi\Climate\eMODIS_NDVI_C6\NDVI\MonthlyAvgNDVI.gdb\C_AvgNDVI_2016_12_WMA
209,Nemananga,2,3134.000000000000000,0.018247931246000,107.666664123535000,181.666671752930000,74.000007629394500,143.940012811930000,14.925602662446900,451108.000152589000000,140.666671752930000,167.233329772949000,2016_12,2016,12,C:\Users\kem99059\Desktop\Zambezi\Climate\eMODIS_NDVI_C6\NDVI\MonthlyAvgNDVI.gdb\C_AvgNDVI_2016_12_WMA
210,Sidinda,3,8465.000000000000000,0.049288046585000,118.666664123535000,186.666671752930000,68.000007629394500,151.631502298173000,11.262579169655500,1283560.666954040000000,151.333328247070000,166.666671752930000,2016_12,2016,12,C:\Users\kem99059\Desktop\Zambezi\Climate\eMODIS_NDVI_C6\NDVI\MonthlyAvgNDVI.gdb\C_AvgNDVI_2016_12_WMA
211,Simangani,4,7246.000000000000000,0.042190334974000,119.666664123535000,187.000000000000000,67.333335876464800,148.214785132328000,11.246378866412900,1073964.333068850000000,148.000000000000000,163.333328247070000,2016_12,2016,12,C:\Users\kem99059\Desktop\Zambezi\Climate\eMODIS_NDVI_C6\NDVI\MonthlyAvgNDVI.gdb\C_AvgNDVI_2016_12_WMA
212,Unknown 16,5,1665.000000000000000,0.009694577385000,111.333335876465000,182.333328247070000,70.999992370605500,149.260060073807000,12.523327693135300,248518.000022888000000,147.333328247070000,168.666671752930000,2016_12,2016,12,C:\Users\kem99059\Desktop\Zambezi\Climate\eMODIS_NDVI_C6\NDVI\MonthlyAvgNDVI.gdb\C_AvgNDVI_2016_12_WMA
213,Chidobe,6,1918.000000000000000,0.011167687342000,110.333335876465000,185.000000000000000,74.666664123535200,147.751303246173000,12.878088865889300,283386.999626159000000,147.000000000000000,165.333328247070000,2016_12,2016,12,C:\Users\kem99059\Desktop\Zambezi\Climate\eMODIS_NDVI_C6\NDVI\MonthlyAvgNDVI.gdb\C_AvgNDVI_2016_12_WMA
214,Jambezi,7,3848.000000000000000,0.022405245512000,113.333335876465000,182.333328247070000,68.999992370605500,146.691008355662000,12.226004341727300,564467.000152588000000,146.500000000000000,162.666671752930000,2016_12,2016,12,C:\Users\kem99059\Desktop\Zambezi\Climate\eMODIS_NDVI_C6\NDVI\MonthlyAvgNDVI.gdb\C_AvgNDVI_2016_12_WMA
215,Kachecheti,8,2626.000000000000000,0.015290066194000,111.000000000000000,186.000000000000000,75.000000000000000,143.801599474963000,12.638841723357200,377623.000221253000000,144.000000000000000,160.000000000000000,2016_12,2016,12,C:\Users\kem99059\Desktop\Zambezi\Climate\eMODIS_NDVI_C6\NDVI\MonthlyAvgNDVI.gdb\C_AvgNDVI_2016_12_WMA
216,Mabale,9,1780.000000000000000,0.010364172820000,115.666664123535000,188.333328247070000,72.666664123535200,153.890449493923000,11.072304633308100,273925.000099182000000,152.666671752930000,169.366662597656000,2016_12,2016,12,C:\Users\kem99059\Desktop\Zambezi\Climate\eMODIS_NDVI_C6\NDVI\MonthlyAvgNDVI.gdb\C_AvgNDVI_2016_12_WMA