OID_,NAME,ZONE_CODE,LST_COUNT,AREA,LST_MIN,LST_MAX,LST_RANGE,LST_MEAN,LST_STD,LST_SUM,LST_MEDIAN,LST_PCT90,Date,LST_Year,LST_Month,MERGE_SRC
1,Nekatambe,1,4.000000000000000,0.040000000000000,29.015748977661100,32.874015808105500,3.858266830444340,31.289370536804200,1.436973932694790,125.157482147217000,31.633858680725100,32.625984573364300,2015_01,2015,1,C:\Users\kem99059\Desktop\Zambezi\Climate\LST\LST.gdb\MOD_LSTD_M_2015_01_FLOAT_WMA
2,Nemananga,2,2.000000000000000,0.020000000000000,32.322834014892600,34.803150177002000,2.480316162109380,33.562992095947300,1.240158081054690,67.125984191894500,33.562992095947300,34.555118560791000,2015_01,2015,1,C:\Users\kem99059\Desktop\Zambezi\Climate\LST\LST.gdb\MOD_LSTD_M_2015_01_FLOAT_WMA
3,Sidinda,3,6.000000000000000,0.060000000000000,32.598426818847700,33.976379394531300,1.377952575683590,33.333333969116200,0.468413705065278,200.000003814697000,33.425197601318400,33.838582992553700,2015_01,2015,1,C:\Users\kem99059\Desktop\Zambezi\Climate\LST\LST.gdb\MOD_LSTD_M_2015_01_FLOAT_WMA
4,Simangani,4,5.000000000000000,0.050000000000000,31.220472335815400,34.251968383789100,3.031496047973630,32.322834777832000,1.142953421309880,161.614173889160000,32.047245025634800,33.700787353515600,2015_01,2015,1,C:\Users\kem99059\Desktop\Zambezi\Climate\LST\LST.gdb\MOD_LSTD_M_2015_01_FLOAT_WMA
5,Unknown 16,5,1.000000000000000,0.010000000000000,33.425197601318400,33.425197601318400,0.000000000000000,33.425197601318400,0.000000000000000,33.425197601318400,33.425197601318400,33.425197601318400,2015_01,2015,1,C:\Users\kem99059\Desktop\Zambezi\Climate\LST\LST.gdb\MOD_LSTD_M_2015_01_FLOAT_WMA
6,Chidobe,6,1.000000000000000,0.010000000000000,33.149604797363300,33.149604797363300,0.000000000000000,33.149604797363300,0.000000000000000,33.149604797363300,33.149604797363300,33.149604797363300,2015_01,2015,1,C:\Users\kem99059\Desktop\Zambezi\Climate\LST\LST.gdb\MOD_LSTD_M_2015_01_FLOAT_WMA
7,Jambezi,7,2.000000000000000,0.020000000000000,32.047245025634800,33.149604797363300,1.102359771728520,32.598424911499000,0.551179885864258,65.196849822998000,32.598424911499000,33.039368820190400,2015_01,2015,1,C:\Users\kem99059\Desktop\Zambezi\Climate\LST\LST.gdb\MOD_LSTD_M_2015_01_FLOAT_WMA
8,Kachecheti,8,2.000000000000000,0.020000000000000,32.598426818847700,33.700786590576200,1.102359771728520,33.149606704711900,0.551179885864258,66.299213409423800,33.149606704711900,33.590550613403300,2015_01,2015,1,C:\Users\kem99059\Desktop\Zambezi\Climate\LST\LST.gdb\MOD_LSTD_M_2015_01_FLOAT_WMA
9,Mabale,9,1.000000000000000,0.010000000000000,29.842519760131800,29.842519760131800,0.000000000000000,29.842519760131800,0.000000000000000,29.842519760131800,29.842519760131800,29.842519760131800,2015_01,2015,1,C:\Users\kem99059\Desktop\Zambezi\Climate\LST\LST.gdb\MOD_LSTD_M_2015_01_FLOAT_WMA
10,Nekatambe,1,4.000000000000000,0.040000000000000,29.015748977661100,33.425197601318400,4.409448623657230,31.151575565338100,1.634776958664850,124.606302261353000,31.082677841186500,32.929134559631400,2015_02,2015,2,C:\Users\kem99059\Desktop\Zambezi\Climate\LST\LST.gdb\MOD_LSTD_M_2015_02_FLOAT_WMA
11,Nemananga,2,2.000000000000000,0.020000000000000,31.496063232421900,31.771654129028300,0.275590896606445,31.633858680725100,0.137795448303223,63.267717361450200,31.633858680725100,31.744095039367700,2015_02,2015,2,C:\Users\kem99059\Desktop\Zambezi\Climate\LST\LST.gdb\MOD_LSTD_M_2015_02_FLOAT_WMA
12,Sidinda,3,6.000000000000000,0.060000000000000,31.771654129028300,33.976379394531300,2.204725265502930,32.874016125996900,0.811316336134208,197.244096755981000,32.874015808105500,33.838582992553700,2015_02,2015,2,C:\Users\kem99059\Desktop\Zambezi\Climate\LST\LST.gdb\MOD_LSTD_M_2015_02_FLOAT_WMA
13,Simangani,4,5.000000000000000,0.050000000000000,30.669290542602500,35.078739166259800,4.409448623657230,32.488188552856400,1.649864384782650,162.440942764282000,31.771654129028300,34.527558135986300,2015_02,2015,2,C:\Users\kem99059\Desktop\Zambezi\Climate\LST\LST.gdb\MOD_LSTD_M_2015_02_FLOAT_WMA
14,Unknown 16,5,1.000000000000000,0.010000000000000,32.047245025634800,32.047245025634800,0.000000000000000,32.047245025634800,0.000000000000000,32.047245025634800,32.047245025634800,32.047245025634800,2015_02,2015,2,C:\Users\kem99059\Desktop\Zambezi\Climate\LST\LST.gdb\MOD_LSTD_M_2015_02_FLOAT_WMA
15,Chidobe,6,1.000000000000000,0.010000000000000,32.322834014892600,32.322834014892600,0.000000000000000,32.322834014892600,0.000000000000000,32.322834014892600,32.322834014892600,32.322834014892600,2015_02,2015,2,C:\Users\kem99059\Desktop\Zambezi\Climate\LST\LST.gdb\MOD_LSTD_M_2015_02_FLOAT_WMA
16,Jambezi,7,2.000000000000000,0.020000000000000,31.220472335815400,31.220472335815400,0.000000000000000,31.220472335815400,0.000000000000000,62.440944671630900,31.220472335815400,31.220472335815400,2015_02,2015,2,C:\Users\kem99059\Desktop\Zambezi\Climate\LST\LST.gdb\MOD_LSTD_M_2015_02_FLOAT_WMA
17,Kachecheti,8,2.000000000000000,0.020000000000000,31.220472335815400,33.425197601318400,2.204725265502930,32.322834968566900,1.102362632751470,64.645669937133800,32.322834968566900,33.204725074768100,2015_02,2015,2,C:\Users\kem99059\Desktop\Zambezi\Climate\LST\LST.gdb\MOD_LSTD_M_2015_02_FLOAT_WMA
18,Mabale,9,1.000000000000000,0.010000000000000,29.015748977661100,29.015748977661100,0.000000000000000,29.015748977661100,0.000000000000000,29.015748977661100,29.015748977661100,29.015748977661100,2015_02,2015,2,C:\Users\kem99059\Desktop\Zambezi\Climate\LST\LST.gdb\MOD_LSTD_M_2015_02_FLOAT_WMA
19,Nekatambe,1,4.000000000000000,0.040000000000000,32.047245025634800,34.251968383789100,2.204723358154300,33.425196647644000,0.826771100362264,133.700786590576000,33.700786590576200,34.086613845825200,2015_03,2015,3,C:\Users\kem99059\Desktop\Zambezi\Climate\LST\LST.gdb\MOD_LSTD_M_2015_03_FLOAT_WMA
20,Nemananga,2,2.000000000000000,0.020000000000000,34.251968383789100,34.803150177002000,0.551181793212891,34.527559280395500,0.275590896606445,69.055118560791000,34.527559280395500,34.748031997680700,2015_03,2015,3,C:\Users\kem99059\Desktop\Zambezi\Climate\LST\LST.gdb\MOD_LSTD_M_2015_03_FLOAT_WMA
21,Sidinda,3,6.000000000000000,0.060000000000000,33.700786590576200,35.078739166259800,1.377952575683590,34.527558644612600,0.450037660292758,207.165351867676000,34.665353775024400,34.940944671630900,2015_03,2015,3,C:\Users\kem99059\Desktop\Zambezi\Climate\LST\LST.gdb\MOD_LSTD_M_2015_03_FLOAT_WMA
22,Simangani,4,5.000000000000000,0.050000000000000,33.425197601318400,35.354331970214800,1.929134368896480,34.417322540283200,0.751710849328653,172.086612701416000,34.527557373046900,35.244094848632800,2015_03,2015,3,C:\Users\kem99059\Desktop\Zambezi\Climate\LST\LST.gdb\MOD_LSTD_M_2015_03_FLOAT_WMA
23,Unknown 16,5,1.000000000000000,0.010000000000000,35.078739166259800,35.078739166259800,0.000000000000000,35.078739166259800,0.000000000000000,35.078739166259800,35.078739166259800,35.078739166259800,2015_03,2015,3,C:\Users\kem99059\Desktop\Zambezi\Climate\LST\LST.gdb\MOD_LSTD_M_2015_03_FLOAT_WMA
24,Chidobe,6,1.000000000000000,0.010000000000000,34.527557373046900,34.527557373046900,0.000000000000000,34.527557373046900,0.000000000000000,34.527557373046900,34.527557373046900,34.527557373046900,2015_03,2015,3,C:\Users\kem99059\Desktop\Zambezi\Climate\LST\LST.gdb\MOD_LSTD_M_2015_03_FLOAT_WMA
25,Jambezi,7,2.000000000000000,0.020000000000000,33.700786590576200,34.251968383789100,0.551181793212891,33.976377487182600,0.275590896606445,67.952754974365200,33.976377487182600,34.196850204467800,2015_03,2015,3,C:\Users\kem99059\Desktop\Zambezi\Climate\LST\LST.gdb\MOD_LSTD_M_2015_03_FLOAT_WMA
26,Kachecheti,8,2.000000000000000,0.020000000000000,34.803150177002000,36.181102752685500,1.377952575683590,35.492126464843800,0.688976287841797,70.984252929687500,35.492126464843800,36.043307495117200,2015_03,2015,3,C:\Users\kem99059\Desktop\Zambezi\Climate\LST\LST.gdb\MOD_LSTD_M_2015_03_FLOAT_WMA
27,Mabale,9,1.000000000000000,0.010000000000000,30.669290542602500,30.669290542602500,0.000000000000000,30.669290542602500,0.000000000000000,30.669290542602500,30.669290542602500,30.669290542602500,2015_03,2015,3,C:\Users\kem99059\Desktop\Zambezi\Climate\LST\LST.gdb\MOD_LSTD_M_2015_03_FLOAT_WMA
28,Nekatambe,1,4.000000000000000,0.040000000000000,28.464567184448200,30.118110656738300,1.653543472290040,29.360236167907700,0.596671077997063,117.440944671631000,29.429133415222200,29.952756118774400,2015_04,2015,4,C:\Users\kem99059\Desktop\Zambezi\Climate\LST\LST.gdb\MOD_LSTD_M_2015_04_FLOAT_WMA
29,Nemananga,2,2.000000000000000,0.020000000000000,28.464567184448200,28.464567184448200,0.000000000000000,28.464567184448200,0.000000000000000,56.929134368896500,28.464567184448200,28.464567184448200,2015_04,2015,4,C:\Users\kem99059\Desktop\Zambezi\Climate\LST\LST.gdb\MOD_LSTD_M_2015_04_FLOAT_WMA
30,Sidinda,3,6.000000000000000,0.060000000000000,28.740158081054700,29.566928863525400,0.826770782470703,29.107611656189000,0.304676337263131,174.645669937134000,29.153543472290000,29.429133415222200,2015_04,2015,4,C:\Users\kem99059\Desktop\Zambezi\Climate\LST\LST.gdb\MOD_LSTD_M_2015_04_FLOAT_WMA
31,Simangani,4,5.000000000000000,0.050000000000000,30.393701553344700,31.220472335815400,0.826770782470703,30.779527664184600,0.373828892801395,153.897638320923000,30.669290542602500,31.220472335815400,2015_04,2015,4,C:\Users\kem99059\Desktop\Zambezi\Climate\LST\LST.gdb\MOD_LSTD_M_2015_04_FLOAT_WMA
32,Unknown 16,5,1.000000000000000,0.010000000000000,31.496063232421900,31.496063232421900,0.000000000000000,31.496063232421900,0.000000000000000,31.496063232421900,31.496063232421900,31.496063232421900,2015_04,2015,4,C:\Users\kem99059\Desktop\Zambezi\Climate\LST\LST.gdb\MOD_LSTD_M_2015_04_FLOAT_WMA
33,Chidobe,6,1.000000000000000,0.010000000000000,28.464567184448200,28.464567184448200,0.000000000000000,28.464567184448200,0.000000000000000,28.464567184448200,28.464567184448200,28.464567184448200,2015_04,2015,4,C:\Users\kem99059\Desktop\Zambezi\Climate\LST\LST.gdb\MOD_LSTD_M_2015_04_FLOAT_WMA
34,Jambezi,7,2.000000000000000,0.020000000000000,28.464567184448200,28.740158081054700,0.275590896606445,28.602362632751500,0.137795448303223,57.204725265502900,28.602362632751500,28.712598991394000,2015_04,2015,4,C:\Users\kem99059\Desktop\Zambezi\Climate\LST\LST.gdb\MOD_LSTD_M_2015_04_FLOAT_WMA
35,Kachecheti,8,2.000000000000000,0.020000000000000,28.464567184448200,29.291337966918900,0.826770782470703,28.877952575683600,0.413385391235352,57.755905151367200,28.877952575683600,29.208660888671900,2015_04,2015,4,C:\Users\kem99059\Desktop\Zambezi\Climate\LST\LST.gdb\MOD_LSTD_M_2015_04_FLOAT_WMA
36,Mabale,9,1.000000000000000,0.010000000000000,27.637794494628900,27.637794494628900,0.000000000000000,27.637794494628900,0.000000000000000,27.637794494628900,27.637794494628900,27.637794494628900,2015_04,2015,4,C:\Users\kem99059\Desktop\Zambezi\Climate\LST\LST.gdb\MOD_LSTD_M_2015_04_FLOAT_WMA
37,Nekatambe,1,4.000000000000000,0.040000000000000,29.842519760131800,31.496063232421900,1.653543472290040,30.807086467742900,0.631457343889222,123.228345870972000,30.944881439209000,31.413385963439900,2015_05,2015,5,C:\Users\kem99059\Desktop\Zambezi\Climate\LST\LST.gdb\MOD_LSTD_M_2015_05_FLOAT_WMA
38,Nemananga,2,2.000000000000000,0.020000000000000,29.842519760131800,30.393701553344700,0.551181793212891,30.118110656738300,0.275590896606445,60.236221313476600,30.118110656738300,30.338583374023400,2015_05,2015,5,C:\Users\kem99059\Desktop\Zambezi\Climate\LST\LST.gdb\MOD_LSTD_M_2015_05_FLOAT_WMA
39,Sidinda,3,6.000000000000000,0.060000000000000,29.566928863525400,30.393701553344700,0.826772689819336,29.888451576232900,0.334388668630045,179.330709457397000,29.842519760131800,30.255906105041500,2015_05,2015,5,C:\Users\kem99059\Desktop\Zambezi\Climate\LST\LST.gdb\MOD_LSTD_M_2015_05_FLOAT_WMA
40,Simangani,4,5.000000000000000,0.050000000000000,31.496063232421900,31.771654129028300,0.275590896606445,31.661417770385700,0.135011414888382,158.307088851929000,31.771654129028300,31.771654129028300,2015_05,2015,5,C:\Users\kem99059\Desktop\Zambezi\Climate\LST\LST.gdb\MOD_LSTD_M_2015_05_FLOAT_WMA
41,Unknown 16,5,1.000000000000000,0.010000000000000,32.598426818847700,32.598426818847700,0.000000000000000,32.598426818847700,0.000000000000000,32.598426818847700,32.598426818847700,32.598426818847700,2015_05,2015,5,C:\Users\kem99059\Desktop\Zambezi\Climate\LST\LST.gdb\MOD_LSTD_M_2015_05_FLOAT_WMA
42,Chidobe,6,1.000000000000000,0.010000000000000,29.015748977661100,29.015748977661100,0.000000000000000,29.015748977661100,0.000000000000000,29.015748977661100,29.015748977661100,29.015748977661100,2015_05,2015,5,C:\Users\kem99059\Desktop\Zambezi\Climate\LST\LST.gdb\MOD_LSTD_M_2015_05_FLOAT_WMA
43,Jambezi,7,2.000000000000000,0.020000000000000,29.566928863525400,29.842519760131800,0.275590896606445,29.704724311828600,0.137795448303223,59.409448623657200,29.704724311828600,29.814960670471200,2015_05,2015,5,C:\Users\kem99059\Desktop\Zambezi\Climate\LST\LST.gdb\MOD_LSTD_M_2015_05_FLOAT_WMA
44,Kachecheti,8,2.000000000000000,0.020000000000000,29.566928863525400,30.118110656738300,0.551181793212891,29.842519760131800,0.275590896606445,59.685039520263700,29.842519760131800,30.062992477417000,2015_05,2015,5,C:\Users\kem99059\Desktop\Zambezi\Climate\LST\LST.gdb\MOD_LSTD_M_2015_05_FLOAT_WMA
45,Mabale,9,1.000000000000000,0.010000000000000,29.566928863525400,29.566928863525400,0.000000000000000,29.566928863525400,0.000000000000000,29.566928863525400,29.566928863525400,29.566928863525400,2015_05,2015,5,C:\Users\kem99059\Desktop\Zambezi\Climate\LST\LST.gdb\MOD_LSTD_M_2015_05_FLOAT_WMA
46,Nekatambe,1,4.000000000000000,0.040000000000000,26.811023712158200,27.913385391235400,1.102361679077150,27.499999523162800,0.413385550181132,109.999998092651000,27.637794494628900,27.830708122253400,2015_06,2015,6,C:\Users\kem99059\Desktop\Zambezi\Climate\LST\LST.gdb\MOD_LSTD_M_2015_06_FLOAT_WMA
47,Nemananga,2,2.000000000000000,0.020000000000000,27.362205505371100,27.637794494628900,0.275588989257812,27.500000000000000,0.137794494628906,55.000000000000000,27.500000000000000,27.610235595703100,2015_06,2015,6,C:\Users\kem99059\Desktop\Zambezi\Climate\LST\LST.gdb\MOD_LSTD_M_2015_06_FLOAT_WMA
48,Sidinda,3,6.000000000000000,0.060000000000000,26.811023712158200,27.637794494628900,0.826770782470703,27.178477923075400,0.304676720654813,163.070867538452000,27.224410057067900,27.500000000000000,2015_06,2015,6,C:\Users\kem99059\Desktop\Zambezi\Climate\LST\LST.gdb\MOD_LSTD_M_2015_06_FLOAT_WMA
49,Simangani,4,5.000000000000000,0.050000000000000,28.188976287841800,28.464567184448200,0.275590896606445,28.354330825805700,0.135011414888382,141.771654129028000,28.464567184448200,28.464567184448200,2015_06,2015,6,C:\Users\kem99059\Desktop\Zambezi\Climate\LST\LST.gdb\MOD_LSTD_M_2015_06_FLOAT_WMA
50,Unknown 16,5,1.000000000000000,0.010000000000000,28.740158081054700,28.740158081054700,0.000000000000000,28.740158081054700,0.000000000000000,28.740158081054700,28.740158081054700,28.740158081054700,2015_06,2015,6,C:\Users\kem99059\Desktop\Zambezi\Climate\LST\LST.gdb\MOD_LSTD_M_2015_06_FLOAT_WMA
51,Chidobe,6,1.000000000000000,0.010000000000000,26.535432815551800,26.535432815551800,0.000000000000000,26.535432815551800,0.000000000000000,26.535432815551800,26.535432815551800,26.535432815551800,2015_06,2015,6,C:\Users\kem99059\Desktop\Zambezi\Climate\LST\LST.gdb\MOD_LSTD_M_2015_06_FLOAT_WMA
52,Jambezi,7,2.000000000000000,0.020000000000000,26.811023712158200,27.362205505371100,0.551181793212891,27.086614608764600,0.275590896606445,54.173229217529300,27.086614608764600,27.307087326049800,2015_06,2015,6,C:\Users\kem99059\Desktop\Zambezi\Climate\LST\LST.gdb\MOD_LSTD_M_2015_06_FLOAT_WMA
53,Kachecheti,8,2.000000000000000,0.020000000000000,26.811023712158200,27.362205505371100,0.551181793212891,27.086614608764600,0.275590896606445,54.173229217529300,27.086614608764600,27.307087326049800,2015_06,2015,6,C:\Users\kem99059\Desktop\Zambezi\Climate\LST\LST.gdb\MOD_LSTD_M_2015_06_FLOAT_WMA
54,Mabale,9,1.000000000000000,0.010000000000000,26.259841918945300,26.259841918945300,0.000000000000000,26.259841918945300,0.000000000000000,26.259841918945300,26.259841918945300,26.259841918945300,2015_06,2015,6,C:\Users\kem99059\Desktop\Zambezi\Climate\LST\LST.gdb\MOD_LSTD_M_2015_06_FLOAT_WMA
55,Nekatambe,1,4.000000000000000,0.040000000000000,27.913385391235400,28.740158081054700,0.826772689819336,28.395669460296600,0.358003076269368,113.582677841187000,28.464567184448200,28.740158081054700,2015_07,2015,7,C:\Users\kem99059\Desktop\Zambezi\Climate\LST\LST.gdb\MOD_LSTD_M_2015_07_FLOAT_WMA
56,Nemananga,2,2.000000000000000,0.020000000000000,28.188976287841800,28.740158081054700,0.551181793212891,28.464567184448200,0.275590896606445,56.929134368896500,28.464567184448200,28.685039901733400,2015_07,2015,7,C:\Users\kem99059\Desktop\Zambezi\Climate\LST\LST.gdb\MOD_LSTD_M_2015_07_FLOAT_WMA
57,Sidinda,3,6.000000000000000,0.060000000000000,27.913385391235400,28.464567184448200,0.551181793212891,28.143044471740700,0.247350399595279,168.858266830444000,28.051180839538600,28.464567184448200,2015_07,2015,7,C:\Users\kem99059\Desktop\Zambezi\Climate\LST\LST.gdb\MOD_LSTD_M_2015_07_FLOAT_WMA
58,Simangani,4,5.000000000000000,0.050000000000000,28.740158081054700,29.566928863525400,0.826770782470703,29.181102371215800,0.281047848977255,145.905511856079000,29.291337966918900,29.456692504882800,2015_07,2015,7,C:\Users\kem99059\Desktop\Zambezi\Climate\LST\LST.gdb\MOD_LSTD_M_2015_07_FLOAT_WMA
59,Unknown 16,5,1.000000000000000,0.010000000000000,29.566928863525400,29.566928863525400,0.000000000000000,29.566928863525400,0.000000000000000,29.566928863525400,29.566928863525400,29.566928863525400,2015_07,2015,7,C:\Users\kem99059\Desktop\Zambezi\Climate\LST\LST.gdb\MOD_LSTD_M_2015_07_FLOAT_WMA
60,Chidobe,6,1.000000000000000,0.010000000000000,27.637794494628900,27.637794494628900,0.000000000000000,27.637794494628900,0.000000000000000,27.637794494628900,27.637794494628900,27.637794494628900,2015_07,2015,7,C:\Users\kem99059\Desktop\Zambezi\Climate\LST\LST.gdb\MOD_LSTD_M_2015_07_FLOAT_WMA
61,Jambezi,7,2.000000000000000,0.020000000000000,27.913385391235400,28.464567184448200,0.551181793212891,28.188976287841800,0.275590896606445,56.377952575683600,28.188976287841800,28.409449005127000,2015_07,2015,7,C:\Users\kem99059\Desktop\Zambezi\Climate\LST\LST.gdb\MOD_LSTD_M_2015_07_FLOAT_WMA
62,Kachecheti,8,2.000000000000000,0.020000000000000,27.913385391235400,28.464567184448200,0.551181793212891,28.188976287841800,0.275590896606445,56.377952575683600,28.188976287841800,28.409449005127000,2015_07,2015,7,C:\Users\kem99059\Desktop\Zambezi\Climate\LST\LST.gdb\MOD_LSTD_M_2015_07_FLOAT_WMA
63,Mabale,9,1.000000000000000,0.010000000000000,27.362205505371100,27.362205505371100,0.000000000000000,27.362205505371100,0.000000000000000,27.362205505371100,27.362205505371100,27.362205505371100,2015_07,2015,7,C:\Users\kem99059\Desktop\Zambezi\Climate\LST\LST.gdb\MOD_LSTD_M_2015_07_FLOAT_WMA
64,Nekatambe,1,4.000000000000000,0.040000000000000,32.047245025634800,33.149604797363300,1.102359771728520,32.667323112487800,0.407603062752447,130.669292449951000,32.736221313476600,33.066928100585900,2015_08,2015,8,C:\Users\kem99059\Desktop\Zambezi\Climate\LST\LST.gdb\MOD_LSTD_M_2015_08_FLOAT_WMA
65,Nemananga,2,2.000000000000000,0.020000000000000,33.700786590576200,34.251968383789100,0.551181793212891,33.976377487182600,0.275590896606445,67.952754974365200,33.976377487182600,34.196850204467800,2015_08,2015,8,C:\Users\kem99059\Desktop\Zambezi\Climate\LST\LST.gdb\MOD_LSTD_M_2015_08_FLOAT_WMA
66,Sidinda,3,6.000000000000000,0.060000000000000,32.874015808105500,33.425197601318400,0.551181793212891,33.195538202921600,0.247350458627251,199.173229217529000,33.287401199340800,33.425197601318400,2015_08,2015,8,C:\Users\kem99059\Desktop\Zambezi\Climate\LST\LST.gdb\MOD_LSTD_M_2015_08_FLOAT_WMA
67,Simangani,4,5.000000000000000,0.050000000000000,32.874015808105500,33.976379394531300,1.102363586425780,33.425196838378900,0.389744383648517,167.125984191895000,33.425197601318400,33.866142272949200,2015_08,2015,8,C:\Users\kem99059\Desktop\Zambezi\Climate\LST\LST.gdb\MOD_LSTD_M_2015_08_FLOAT_WMA
68,Unknown 16,5,1.000000000000000,0.010000000000000,33.976379394531300,33.976379394531300,0.000000000000000,33.976379394531300,0.000000000000000,33.976379394531300,33.976379394531300,33.976379394531300,2015_08,2015,8,C:\Users\kem99059\Desktop\Zambezi\Climate\LST\LST.gdb\MOD_LSTD_M_2015_08_FLOAT_WMA
69,Chidobe,6,1.000000000000000,0.010000000000000,33.700786590576200,33.700786590576200,0.000000000000000,33.700786590576200,0.000000000000000,33.700786590576200,33.700786590576200,33.700786590576200,2015_08,2015,8,C:\Users\kem99059\Desktop\Zambezi\Climate\LST\LST.gdb\MOD_LSTD_M_2015_08_FLOAT_WMA
70,Jambezi,7,2.000000000000000,0.020000000000000,32.874015808105500,33.700786590576200,0.826770782470703,33.287401199340800,0.413385391235352,66.574802398681600,33.287401199340800,33.618109512329100,2015_08,2015,8,C:\Users\kem99059\Desktop\Zambezi\Climate\LST\LST.gdb\MOD_LSTD_M_2015_08_FLOAT_WMA
71,Kachecheti,8,2.000000000000000,0.020000000000000,33.700786590576200,34.251968383789100,0.551181793212891,33.976377487182600,0.275590896606445,67.952754974365200,33.976377487182600,34.196850204467800,2015_08,2015,8,C:\Users\kem99059\Desktop\Zambezi\Climate\LST\LST.gdb\MOD_LSTD_M_2015_08_FLOAT_WMA
72,Mabale,9,1.000000000000000,0.010000000000000,32.322834014892600,32.322834014892600,0.000000000000000,32.322834014892600,0.000000000000000,32.322834014892600,32.322834014892600,32.322834014892600,2015_08,2015,8,C:\Users\kem99059\Desktop\Zambezi\Climate\LST\LST.gdb\MOD_LSTD_M_2015_08_FLOAT_WMA
73,Nekatambe,1,4.000000000000000,0.040000000000000,37.283466339111300,38.661418914794900,1.377952575683590,37.903543472290000,0.492027698526636,151.614173889160000,37.834644317627000,38.413386535644500,2015_09,2015,9,C:\Users\kem99059\Desktop\Zambezi\Climate\LST\LST.gdb\MOD_LSTD_M_2015_09_FLOAT_WMA
74,Nemananga,2,2.000000000000000,0.020000000000000,40.039371490478500,40.039371490478500,0.000000000000000,40.039371490478500,0.000000000000000,80.078742980957000,40.039371490478500,40.039371490478500,2015_09,2015,9,C:\Users\kem99059\Desktop\Zambezi\Climate\LST\LST.gdb\MOD_LSTD_M_2015_09_FLOAT_WMA
75,Sidinda,3,6.000000000000000,0.060000000000000,38.937007904052700,39.488189697265600,0.551181793212891,39.258530298868800,0.247350458627251,235.551181793213000,39.350393295288100,39.488189697265600,2015_09,2015,9,C:\Users\kem99059\Desktop\Zambezi\Climate\LST\LST.gdb\MOD_LSTD_M_2015_09_FLOAT_WMA
76,Simangani,4,5.000000000000000,0.050000000000000,37.834644317627000,40.314960479736300,2.480316162109380,38.992125701904300,0.860972898255141,194.960628509521000,38.937007904052700,39.984252166748100,2015_09,2015,9,C:\Users\kem99059\Desktop\Zambezi\Climate\LST\LST.gdb\MOD_LSTD_M_2015_09_FLOAT_WMA
77,Unknown 16,5,1.000000000000000,0.010000000000000,39.212596893310500,39.212596893310500,0.000000000000000,39.212596893310500,0.000000000000000,39.212596893310500,39.212596893310500,39.212596893310500,2015_09,2015,9,C:\Users\kem99059\Desktop\Zambezi\Climate\LST\LST.gdb\MOD_LSTD_M_2015_09_FLOAT_WMA
78,Chidobe,6,1.000000000000000,0.010000000000000,39.488189697265600,39.488189697265600,0.000000000000000,39.488189697265600,0.000000000000000,39.488189697265600,39.488189697265600,39.488189697265600,2015_09,2015,9,C:\Users\kem99059\Desktop\Zambezi\Climate\LST\LST.gdb\MOD_LSTD_M_2015_09_FLOAT_WMA
79,Jambezi,7,2.000000000000000,0.020000000000000,39.212596893310500,40.314960479736300,1.102363586425780,39.763778686523400,0.551181793212891,79.527557373046900,39.763778686523400,40.204724121093700,2015_09,2015,9,C:\Users\kem99059\Desktop\Zambezi\Climate\LST\LST.gdb\MOD_LSTD_M_2015_09_FLOAT_WMA
80,Kachecheti,8,2.000000000000000,0.020000000000000,39.212596893310500,40.039371490478500,0.826774597167969,39.625984191894500,0.413387298583984,79.251968383789100,39.625984191894500,39.956694030761700,2015_09,2015,9,C:\Users\kem99059\Desktop\Zambezi\Climate\LST\LST.gdb\MOD_LSTD_M_2015_09_FLOAT_WMA
81,Mabale,9,1.000000000000000,0.010000000000000,38.110237121582000,38.110237121582000,0.000000000000000,38.110237121582000,0.000000000000000,38.110237121582000,38.110237121582000,38.110237121582000,2015_09,2015,9,C:\Users\kem99059\Desktop\Zambezi\Climate\LST\LST.gdb\MOD_LSTD_M_2015_09_FLOAT_WMA
82,Nekatambe,1,4.000000000000000,0.040000000000000,42.244094848632800,43.897636413574200,1.653541564941410,43.070865631103500,0.584615226771943,172.283462524414000,43.070865631103500,43.649605178833000,2015_10,2015,10,C:\Users\kem99059\Desktop\Zambezi\Climate\LST\LST.gdb\MOD_LSTD_M_2015_10_FLOAT_WMA
83,Nemananga,2,2.000000000000000,0.020000000000000,45.000000000000000,45.000000000000000,0.000000000000000,45.000000000000000,0.000000000000000,90.000000000000000,45.000000000000000,45.000000000000000,2015_10,2015,10,C:\Users\kem99059\Desktop\Zambezi\Climate\LST\LST.gdb\MOD_LSTD_M_2015_10_FLOAT_WMA
84,Sidinda,3,6.000000000000000,0.060000000000000,45.000000000000000,45.000000000000000,0.000000000000000,45.000000000000000,0.000000000000000,270.000000000000000,45.000000000000000,45.000000000000000,2015_10,2015,10,C:\Users\kem99059\Desktop\Zambezi\Climate\LST\LST.gdb\MOD_LSTD_M_2015_10_FLOAT_WMA
85,Simangani,4,5.000000000000000,0.050000000000000,43.622047424316400,45.000000000000000,1.377952575683590,44.393700408935500,0.562096820139613,221.968502044678000,44.448818206787100,45.000000000000000,2015_10,2015,10,C:\Users\kem99059\Desktop\Zambezi\Climate\LST\LST.gdb\MOD_LSTD_M_2015_10_FLOAT_WMA
86,Unknown 16,5,1.000000000000000,0.010000000000000,45.000000000000000,45.000000000000000,0.000000000000000,45.000000000000000,0.000000000000000,45.000000000000000,45.000000000000000,45.000000000000000,2015_10,2015,10,C:\Users\kem99059\Desktop\Zambezi\Climate\LST\LST.gdb\MOD_LSTD_M_2015_10_FLOAT_WMA
87,Chidobe,6,1.000000000000000,0.010000000000000,45.000000000000000,45.000000000000000,0.000000000000000,45.000000000000000,0.000000000000000,45.000000000000000,45.000000000000000,45.000000000000000,2015_10,2015,10,C:\Users\kem99059\Desktop\Zambezi\Climate\LST\LST.gdb\MOD_LSTD_M_2015_10_FLOAT_WMA
88,Jambezi,7,2.000000000000000,0.020000000000000,45.000000000000000,45.000000000000000,0.000000000000000,45.000000000000000,0.000000000000000,90.000000000000000,45.000000000000000,45.000000000000000,2015_10,2015,10,C:\Users\kem99059\Desktop\Zambezi\Climate\LST\LST.gdb\MOD_LSTD_M_2015_10_FLOAT_WMA
89,Kachecheti,8,2.000000000000000,0.020000000000000,44.448818206787100,45.000000000000000,0.551181793212891,44.724409103393600,0.275590896606445,89.448818206787100,44.724409103393600,44.944881820678700,2015_10,2015,10,C:\Users\kem99059\Desktop\Zambezi\Climate\LST\LST.gdb\MOD_LSTD_M_2015_10_FLOAT_WMA
90,Mabale,9,1.000000000000000,0.010000000000000,43.346458435058600,43.346458435058600,0.000000000000000,43.346458435058600,0.000000000000000,43.346458435058600,43.346458435058600,43.346458435058600,2015_10,2015,10,C:\Users\kem99059\Desktop\Zambezi\Climate\LST\LST.gdb\MOD_LSTD_M_2015_10_FLOAT_WMA
91,Nekatambe,1,4.000000000000000,0.040000000000000,41.968502044677700,43.346458435058600,1.377956390380860,42.657480239868200,0.496829347888095,170.629920959473000,42.657480239868200,43.181103897094700,2015_11,2015,11,C:\Users\kem99059\Desktop\Zambezi\Climate\LST\LST.gdb\MOD_LSTD_M_2015_11_FLOAT_WMA
92,Nemananga,2,2.000000000000000,0.020000000000000,45.000000000000000,45.000000000000000,0.000000000000000,45.000000000000000,0.000000000000000,90.000000000000000,45.000000000000000,45.000000000000000,2015_11,2015,11,C:\Users\kem99059\Desktop\Zambezi\Climate\LST\LST.gdb\MOD_LSTD_M_2015_11_FLOAT_WMA
93,Sidinda,3,6.000000000000000,0.060000000000000,45.000000000000000,45.000000000000000,0.000000000000000,45.000000000000000,0.000000000000000,270.000000000000000,45.000000000000000,45.000000000000000,2015_11,2015,11,C:\Users\kem99059\Desktop\Zambezi\Climate\LST\LST.gdb\MOD_LSTD_M_2015_11_FLOAT_WMA
94,Simangani,4,5.000000000000000,0.050000000000000,43.897636413574200,45.000000000000000,1.102363586425780,44.393700408935500,0.505166291329424,221.968502044678000,44.173229217529300,45.000000000000000,2015_11,2015,11,C:\Users\kem99059\Desktop\Zambezi\Climate\LST\LST.gdb\MOD_LSTD_M_2015_11_FLOAT_WMA
95,Unknown 16,5,1.000000000000000,0.010000000000000,44.724411010742200,44.724411010742200,0.000000000000000,44.724411010742200,0.000000000000000,44.724411010742200,44.724411010742200,44.724411010742200,2015_11,2015,11,C:\Users\kem99059\Desktop\Zambezi\Climate\LST\LST.gdb\MOD_LSTD_M_2015_11_FLOAT_WMA
96,Chidobe,6,1.000000000000000,0.010000000000000,45.000000000000000,45.000000000000000,0.000000000000000,45.000000000000000,0.000000000000000,45.000000000000000,45.000000000000000,45.000000000000000,2015_11,2015,11,C:\Users\kem99059\Desktop\Zambezi\Climate\LST\LST.gdb\MOD_LSTD_M_2015_11_FLOAT_WMA
97,Jambezi,7,2.000000000000000,0.020000000000000,45.000000000000000,45.000000000000000,0.000000000000000,45.000000000000000,0.000000000000000,90.000000000000000,45.000000000000000,45.000000000000000,2015_11,2015,11,C:\Users\kem99059\Desktop\Zambezi\Climate\LST\LST.gdb\MOD_LSTD_M_2015_11_FLOAT_WMA
98,Kachecheti,8,2.000000000000000,0.020000000000000,45.000000000000000,45.000000000000000,0.000000000000000,45.000000000000000,0.000000000000000,90.000000000000000,45.000000000000000,45.000000000000000,2015_11,2015,11,C:\Users\kem99059\Desktop\Zambezi\Climate\LST\LST.gdb\MOD_LSTD_M_2015_11_FLOAT_WMA
99,Mabale,9,1.000000000000000,0.010000000000000,43.346458435058600,43.346458435058600,0.000000000000000,43.346458435058600,0.000000000000000,43.346458435058600,43.346458435058600,43.346458435058600,2015_11,2015,11,C:\Users\kem99059\Desktop\Zambezi\Climate\LST\LST.gdb\MOD_LSTD_M_2015_11_FLOAT_WMA
100,Nekatambe,1,4.000000000000000,0.040000000000000,36.456691741943400,39.212596893310500,2.755905151367190,37.627951622009300,1.038047331137470,150.511806488037000,37.421258926391600,38.799211120605500,2015_12,2015,12,C:\Users\kem99059\Desktop\Zambezi\Climate\LST\LST.gdb\MOD_LSTD_M_2015_12_FLOAT_WMA
101,Nemananga,2,2.000000000000000,0.020000000000000,35.905509948730500,38.385826110839800,2.480316162109380,37.145668029785200,1.240158081054690,74.291336059570300,37.145668029785200,38.137794494628900,2015_12,2015,12,C:\Users\kem99059\Desktop\Zambezi\Climate\LST\LST.gdb\MOD_LSTD_M_2015_12_FLOAT_WMA
102,Sidinda,3,6.000000000000000,0.060000000000000,37.007873535156300,38.661418914794900,1.653545379638670,37.513123830159500,0.644683647120621,225.078742980957000,37.145669937133800,38.385828018188500,2015_12,2015,12,C:\Users\kem99059\Desktop\Zambezi\Climate\LST\LST.gdb\MOD_LSTD_M_2015_12_FLOAT_WMA
103,Simangani,4,5.000000000000000,0.050000000000000,38.110237121582000,39.763778686523400,1.653541564941410,38.826771545410200,0.665994547600608,194.133857727051000,38.385826110839800,39.653543090820300,2015_12,2015,12,C:\Users\kem99059\Desktop\Zambezi\Climate\LST\LST.gdb\MOD_LSTD_M_2015_12_FLOAT_WMA
104,Unknown 16,5,1.000000000000000,0.010000000000000,40.039371490478500,40.039371490478500,0.000000000000000,40.039371490478500,0.000000000000000,40.039371490478500,40.039371490478500,40.039371490478500,2015_12,2015,12,C:\Users\kem99059\Desktop\Zambezi\Climate\LST\LST.gdb\MOD_LSTD_M_2015_12_FLOAT_WMA
105,Chidobe,6,1.000000000000000,0.010000000000000,34.251968383789100,34.251968383789100,0.000000000000000,34.251968383789100,0.000000000000000,34.251968383789100,34.251968383789100,34.251968383789100,2015_12,2015,12,C:\Users\kem99059\Desktop\Zambezi\Climate\LST\LST.gdb\MOD_LSTD_M_2015_12_FLOAT_WMA
106,Jambezi,7,2.000000000000000,0.020000000000000,37.007873535156300,37.007873535156300,0.000000000000000,37.007873535156300,0.000000000000000,74.015747070312500,37.007873535156300,37.007873535156300,2015_12,2015,12,C:\Users\kem99059\Desktop\Zambezi\Climate\LST\LST.gdb\MOD_LSTD_M_2015_12_FLOAT_WMA
107,Kachecheti,8,2.000000000000000,0.020000000000000,35.905509948730500,35.905509948730500,0.000000000000000,35.905509948730500,0.000000000000000,71.811019897460900,35.905509948730500,35.905509948730500,2015_12,2015,12,C:\Users\kem99059\Desktop\Zambezi\Climate\LST\LST.gdb\MOD_LSTD_M_2015_12_FLOAT_WMA
108,Mabale,9,1.000000000000000,0.010000000000000,36.181102752685500,36.181102752685500,0.000000000000000,36.181102752685500,0.000000000000000,36.181102752685500,36.181102752685500,36.181102752685500,2015_12,2015,12,C:\Users\kem99059\Desktop\Zambezi\Climate\LST\LST.gdb\MOD_LSTD_M_2015_12_FLOAT_WMA
109,Nekatambe,1,4.000000000000000,0.040000000000000,38.661418914794900,42.244094848632800,3.582675933837890,40.108268737793000,1.526669110486490,160.433074951172000,39.763780593872100,41.830709075927700,2016_01,2016,1,C:\Users\kem99059\Desktop\Zambezi\Climate\LST\LST.gdb\MOD_LSTD_M_2016_01_FLOAT_WMA
110,Nemananga,2,2.000000000000000,0.020000000000000,39.488189697265600,40.866142272949200,1.377952575683590,40.177165985107400,0.688976287841797,80.354331970214800,40.177165985107400,40.728347015380900,2016_01,2016,1,C:\Users\kem99059\Desktop\Zambezi\Climate\LST\LST.gdb\MOD_LSTD_M_2016_01_FLOAT_WMA
111,Sidinda,3,6.000000000000000,0.060000000000000,40.039371490478500,41.968502044677700,1.929130554199220,40.820210138956700,0.701117098752929,244.921260833740000,40.728345870971700,41.692913055419900,2016_01,2016,1,C:\Users\kem99059\Desktop\Zambezi\Climate\LST\LST.gdb\MOD_LSTD_M_2016_01_FLOAT_WMA
112,Simangani,4,5.000000000000000,0.050000000000000,38.661418914794900,42.795276641845700,4.133857727050780,41.196850585937500,1.462448575439360,205.984252929688000,41.692913055419900,42.574803924560500,2016_01,2016,1,C:\Users\kem99059\Desktop\Zambezi\Climate\LST\LST.gdb\MOD_LSTD_M_2016_01_FLOAT_WMA
113,Unknown 16,5,1.000000000000000,0.010000000000000,43.070865631103500,43.070865631103500,0.000000000000000,43.070865631103500,0.000000000000000,43.070865631103500,43.070865631103500,43.070865631103500,2016_01,2016,1,C:\Users\kem99059\Desktop\Zambezi\Climate\LST\LST.gdb\MOD_LSTD_M_2016_01_FLOAT_WMA
114,Chidobe,6,1.000000000000000,0.010000000000000,37.283466339111300,37.283466339111300,0.000000000000000,37.283466339111300,0.000000000000000,37.283466339111300,37.283466339111300,37.283466339111300,2016_01,2016,1,C:\Users\kem99059\Desktop\Zambezi\Climate\LST\LST.gdb\MOD_LSTD_M_2016_01_FLOAT_WMA
115,Jambezi,7,2.000000000000000,0.020000000000000,38.937007904052700,39.488189697265600,0.551181793212891,39.212598800659200,0.275590896606445,78.425197601318400,39.212598800659200,39.433071517944300,2016_01,2016,1,C:\Users\kem99059\Desktop\Zambezi\Climate\LST\LST.gdb\MOD_LSTD_M_2016_01_FLOAT_WMA
116,Kachecheti,8,2.000000000000000,0.020000000000000,38.385826110839800,39.488189697265600,1.102363586425780,38.937007904052700,0.551181793212891,77.874015808105500,38.937007904052700,39.377953338623000,2016_01,2016,1,C:\Users\kem99059\Desktop\Zambezi\Climate\LST\LST.gdb\MOD_LSTD_M_2016_01_FLOAT_WMA
117,Mabale,9,1.000000000000000,0.010000000000000,37.559055328369100,37.559055328369100,0.000000000000000,37.559055328369100,0.000000000000000,37.559055328369100,37.559055328369100,37.559055328369100,2016_01,2016,1,C:\Users\kem99059\Desktop\Zambezi\Climate\LST\LST.gdb\MOD_LSTD_M_2016_01_FLOAT_WMA
118,Nekatambe,1,4.000000000000000,0.040000000000000,32.047245025634800,34.803150177002000,2.755905151367190,33.218503952026400,1.108802542240190,132.874015808105000,33.011810302734400,34.472441101074200,2016_02,2016,2,C:\Users\kem99059\Desktop\Zambezi\Climate\LST\LST.gdb\MOD_LSTD_M_2016_02_FLOAT_WMA
119,Nemananga,2,2.000000000000000,0.020000000000000,35.354331970214800,36.456691741943400,1.102359771728520,35.905511856079100,0.551179885864258,71.811023712158200,35.905511856079100,36.346455764770500,2016_02,2016,2,C:\Users\kem99059\Desktop\Zambezi\Climate\LST\LST.gdb\MOD_LSTD_M_2016_02_FLOAT_WMA
120,Sidinda,3,6.000000000000000,0.060000000000000,35.078739166259800,37.834644317627000,2.755905151367190,36.272965113321900,0.989400299700203,217.637790679932000,36.318897247314500,37.421258926391600,2016_02,2016,2,C:\Users\kem99059\Desktop\Zambezi\Climate\LST\LST.gdb\MOD_LSTD_M_2016_02_FLOAT_WMA
121,Simangani,4,5.000000000000000,0.050000000000000,31.496063232421900,37.834644317627000,6.338581085205080,34.858267974853500,2.130440994396980,174.291339874268000,34.803150177002000,37.173227691650400,2016_02,2016,2,C:\Users\kem99059\Desktop\Zambezi\Climate\LST\LST.gdb\MOD_LSTD_M_2016_02_FLOAT_WMA
122,Unknown 16,5,1.000000000000000,0.010000000000000,37.283466339111300,37.283466339111300,0.000000000000000,37.283466339111300,0.000000000000000,37.283466339111300,37.283466339111300,37.283466339111300,2016_02,2016,2,C:\Users\kem99059\Desktop\Zambezi\Climate\LST\LST.gdb\MOD_LSTD_M_2016_02_FLOAT_WMA
123,Chidobe,6,1.000000000000000,0.010000000000000,32.598426818847700,32.598426818847700,0.000000000000000,32.598426818847700,0.000000000000000,32.598426818847700,32.598426818847700,32.598426818847700,2016_02,2016,2,C:\Users\kem99059\Desktop\Zambezi\Climate\LST\LST.gdb\MOD_LSTD_M_2016_02_FLOAT_WMA
124,Jambezi,7,2.000000000000000,0.020000000000000,33.976379394531300,34.803150177002000,0.826770782470703,34.389764785766600,0.413385391235352,68.779529571533200,34.389764785766600,34.720473098754900,2016_02,2016,2,C:\Users\kem99059\Desktop\Zambezi\Climate\LST\LST.gdb\MOD_LSTD_M_2016_02_FLOAT_WMA
125,Kachecheti,8,2.000000000000000,0.020000000000000,33.700786590576200,35.078739166259800,1.377952575683590,34.389762878418000,0.688976287841797,68.779525756835900,34.389762878418000,34.940943908691400,2016_02,2016,2,C:\Users\kem99059\Desktop\Zambezi\Climate\LST\LST.gdb\MOD_LSTD_M_2016_02_FLOAT_WMA
126,Mabale,9,1.000000000000000,0.010000000000000,32.322834014892600,32.322834014892600,0.000000000000000,32.322834014892600,0.000000000000000,32.322834014892600,32.322834014892600,32.322834014892600,2016_02,2016,2,C:\Users\kem99059\Desktop\Zambezi\Climate\LST\LST.gdb\MOD_LSTD_M_2016_02_FLOAT_WMA
127,Nekatambe,1,4.000000000000000,0.040000000000000,29.015748977661100,30.944881439209000,1.929132461547850,29.842519760131800,0.702620370566025,119.370079040527000,29.704724311828600,30.614172935485800,2016_03,2016,3,C:\Users\kem99059\Desktop\Zambezi\Climate\LST\LST.gdb\MOD_LSTD_M_2016_03_FLOAT_WMA
128,Nemananga,2,2.000000000000000,0.020000000000000,29.015748977661100,29.291337966918900,0.275588989257812,29.153543472290000,0.137794494628906,58.307086944580100,29.153543472290000,29.263779067993200,2016_03,2016,3,C:\Users\kem99059\Desktop\Zambezi\Climate\LST\LST.gdb\MOD_LSTD_M_2016_03_FLOAT_WMA
129,Sidinda,3,6.000000000000000,0.060000000000000,28.464567184448200,29.291337966918900,0.826770782470703,29.015748341878300,0.275590260824301,174.094490051270000,29.015748977661100,29.291337966918900,2016_03,2016,3,C:\Users\kem99059\Desktop\Zambezi\Climate\LST\LST.gdb\MOD_LSTD_M_2016_03_FLOAT_WMA
130,Simangani,4,5.000000000000000,0.050000000000000,29.015748977661100,29.566928863525400,0.551179885864258,29.456692886352500,0.220471954345703,147.283464431763000,29.566928863525400,29.566928863525400,2016_03,2016,3,C:\Users\kem99059\Desktop\Zambezi\Climate\LST\LST.gdb\MOD_LSTD_M_2016_03_FLOAT_WMA
131,Unknown 16,5,1.000000000000000,0.010000000000000,29.842519760131800,29.842519760131800,0.000000000000000,29.842519760131800,0.000000000000000,29.842519760131800,29.842519760131800,29.842519760131800,2016_03,2016,3,C:\Users\kem99059\Desktop\Zambezi\Climate\LST\LST.gdb\MOD_LSTD_M_2016_03_FLOAT_WMA
132,Chidobe,6,1.000000000000000,0.010000000000000,27.362205505371100,27.362205505371100,0.000000000000000,27.362205505371100,0.000000000000000,27.362205505371100,27.362205505371100,27.362205505371100,2016_03,2016,3,C:\Users\kem99059\Desktop\Zambezi\Climate\LST\LST.gdb\MOD_LSTD_M_2016_03_FLOAT_WMA
133,Jambezi,7,2.000000000000000,0.020000000000000,28.740158081054700,28.740158081054700,0.000000000000000,28.740158081054700,0.000000000000000,57.480316162109400,28.740158081054700,28.740158081054700,2016_03,2016,3,C:\Users\kem99059\Desktop\Zambezi\Climate\LST\LST.gdb\MOD_LSTD_M_2016_03_FLOAT_WMA
134,Kachecheti,8,2.000000000000000,0.020000000000000,28.188976287841800,28.740158081054700,0.551181793212891,28.464567184448200,0.275590896606445,56.929134368896500,28.464567184448200,28.685039901733400,2016_03,2016,3,C:\Users\kem99059\Desktop\Zambezi\Climate\LST\LST.gdb\MOD_LSTD_M_2016_03_FLOAT_WMA
135,Mabale,9,1.000000000000000,0.010000000000000,28.188976287841800,28.188976287841800,0.000000000000000,28.188976287841800,0.000000000000000,28.188976287841800,28.188976287841800,28.188976287841800,2016_03,2016,3,C:\Users\kem99059\Desktop\Zambezi\Climate\LST\LST.gdb\MOD_LSTD_M_2016_03_FLOAT_WMA
136,Nekatambe,1,4.000000000000000,0.040000000000000,30.669290542602500,32.874015808105500,2.204725265502930,31.771653652191200,0.779488092945363,127.086614608765000,31.771654129028300,32.543307304382300,2016_04,2016,4,C:\Users\kem99059\Desktop\Zambezi\Climate\LST\LST.gdb\MOD_LSTD_M_2016_04_FLOAT_WMA
137,Nemananga,2,2.000000000000000,0.020000000000000,32.322834014892600,32.598426818847700,0.275592803955078,32.460630416870100,0.137796401977539,64.921260833740200,32.460630416870100,32.570867538452100,2016_04,2016,4,C:\Users\kem99059\Desktop\Zambezi\Climate\LST\LST.gdb\MOD_LSTD_M_2016_04_FLOAT_WMA
138,Sidinda,3,6.000000000000000,0.060000000000000,31.771654129028300,32.874015808105500,1.102361679077150,32.552494366963700,0.370313588240866,195.314966201782000,32.598426818847700,32.874015808105500,2016_04,2016,4,C:\Users\kem99059\Desktop\Zambezi\Climate\LST\LST.gdb\MOD_LSTD_M_2016_04_FLOAT_WMA
139,Simangani,4,5.000000000000000,0.050000000000000,32.322834014892600,33.149604797363300,0.826770782470703,32.818897247314500,0.321390405411064,164.094486236572000,32.874015808105500,33.149604797363300,2016_04,2016,4,C:\Users\kem99059\Desktop\Zambezi\Climate\LST\LST.gdb\MOD_LSTD_M_2016_04_FLOAT_WMA
140,Unknown 16,5,1.000000000000000,0.010000000000000,34.527557373046900,34.527557373046900,0.000000000000000,34.527557373046900,0.000000000000000,34.527557373046900,34.527557373046900,34.527557373046900,2016_04,2016,4,C:\Users\kem99059\Desktop\Zambezi\Climate\LST\LST.gdb\MOD_LSTD_M_2016_04_FLOAT_WMA
141,Chidobe,6,1.000000000000000,0.010000000000000,32.322834014892600,32.322834014892600,0.000000000000000,32.322834014892600,0.000000000000000,32.322834014892600,32.322834014892600,32.322834014892600,2016_04,2016,4,C:\Users\kem99059\Desktop\Zambezi\Climate\LST\LST.gdb\MOD_LSTD_M_2016_04_FLOAT_WMA
142,Jambezi,7,2.000000000000000,0.020000000000000,31.496063232421900,32.322834014892600,0.826770782470703,31.909448623657200,0.413385391235352,63.818897247314500,31.909448623657200,32.240156936645500,2016_04,2016,4,C:\Users\kem99059\Desktop\Zambezi\Climate\LST\LST.gdb\MOD_LSTD_M_2016_04_FLOAT_WMA
143,Kachecheti,8,2.000000000000000,0.020000000000000,31.496063232421900,32.874015808105500,1.377952575683590,32.185039520263700,0.688976287841797,64.370079040527300,32.185039520263700,32.736220550537100,2016_04,2016,4,C:\Users\kem99059\Desktop\Zambezi\Climate\LST\LST.gdb\MOD_LSTD_M_2016_04_FLOAT_WMA
144,Mabale,9,1.000000000000000,0.010000000000000,29.842519760131800,29.842519760131800,0.000000000000000,29.842519760131800,0.000000000000000,29.842519760131800,29.842519760131800,29.842519760131800,2016_04,2016,4,C:\Users\kem99059\Desktop\Zambezi\Climate\LST\LST.gdb\MOD_LSTD_M_2016_04_FLOAT_WMA
145,Nekatambe,1,4.000000000000000,0.040000000000000,28.740158081054700,30.669290542602500,1.929132461547850,29.773622035980200,0.685522357890667,119.094488143921000,29.842519760131800,30.421259307861300,2016_05,2016,5,C:\Users\kem99059\Desktop\Zambezi\Climate\LST\LST.gdb\MOD_LSTD_M_2016_05_FLOAT_WMA
146,Nemananga,2,2.000000000000000,0.020000000000000,30.118110656738300,30.118110656738300,0.000000000000000,30.118110656738300,0.000000000000000,60.236221313476600,30.118110656738300,30.118110656738300,2016_05,2016,5,C:\Users\kem99059\Desktop\Zambezi\Climate\LST\LST.gdb\MOD_LSTD_M_2016_05_FLOAT_WMA
147,Sidinda,3,6.000000000000000,0.060000000000000,29.842519760131800,30.944881439209000,1.102361679077150,30.439632415771500,0.513532377368671,182.637794494629000,30.531496047973600,30.944881439209000,2016_05,2016,5,C:\Users\kem99059\Desktop\Zambezi\Climate\LST\LST.gdb\MOD_LSTD_M_2016_05_FLOAT_WMA
148,Simangani,4,5.000000000000000,0.050000000000000,30.393701553344700,31.771654129028300,1.377952575683590,30.944881820678700,0.461151317791471,154.724409103394000,30.944881439209000,31.440945053100600,2016_05,2016,5,C:\Users\kem99059\Desktop\Zambezi\Climate\LST\LST.gdb\MOD_LSTD_M_2016_05_FLOAT_WMA
149,Unknown 16,5,1.000000000000000,0.010000000000000,32.598426818847700,32.598426818847700,0.000000000000000,32.598426818847700,0.000000000000000,32.598426818847700,32.598426818847700,32.598426818847700,2016_05,2016,5,C:\Users\kem99059\Desktop\Zambezi\Climate\LST\LST.gdb\MOD_LSTD_M_2016_05_FLOAT_WMA
150,Chidobe,6,1.000000000000000,0.010000000000000,29.566928863525400,29.566928863525400,0.000000000000000,29.566928863525400,0.000000000000000,29.566928863525400,29.566928863525400,29.566928863525400,2016_05,2016,5,C:\Users\kem99059\Desktop\Zambezi\Climate\LST\LST.gdb\MOD_LSTD_M_2016_05_FLOAT_WMA
151,Jambezi,7,2.000000000000000,0.020000000000000,29.566928863525400,30.118110656738300,0.551181793212891,29.842519760131800,0.275590896606445,59.685039520263700,29.842519760131800,30.062992477417000,2016_05,2016,5,C:\Users\kem99059\Desktop\Zambezi\Climate\LST\LST.gdb\MOD_LSTD_M_2016_05_FLOAT_WMA
152,Kachecheti,8,2.000000000000000,0.020000000000000,29.015748977661100,30.118110656738300,1.102361679077150,29.566929817199700,0.551180839538574,59.133859634399400,29.566929817199700,30.007874488830600,2016_05,2016,5,C:\Users\kem99059\Desktop\Zambezi\Climate\LST\LST.gdb\MOD_LSTD_M_2016_05_FLOAT_WMA
153,Mabale,9,1.000000000000000,0.010000000000000,27.637794494628900,27.637794494628900,0.000000000000000,27.637794494628900,0.000000000000000,27.637794494628900,27.637794494628900,27.637794494628900,2016_05,2016,5,C:\Users\kem99059\Desktop\Zambezi\Climate\LST\LST.gdb\MOD_LSTD_M_2016_05_FLOAT_WMA
154,Nekatambe,1,4.000000000000000,0.040000000000000,26.811023712158200,28.464567184448200,1.653543472290040,27.775590419769300,0.600635668276084,111.102361679077000,27.913385391235400,28.299212646484400,2016_06,2016,6,C:\Users\kem99059\Desktop\Zambezi\Climate\LST\LST.gdb\MOD_LSTD_M_2016_06_FLOAT_WMA
155,Nemananga,2,2.000000000000000,0.020000000000000,28.188976287841800,28.740158081054700,0.551181793212891,28.464567184448200,0.275590896606445,56.929134368896500,28.464567184448200,28.685039901733400,2016_06,2016,6,C:\Users\kem99059\Desktop\Zambezi\Climate\LST\LST.gdb\MOD_LSTD_M_2016_06_FLOAT_WMA
156,Sidinda,3,6.000000000000000,0.060000000000000,27.913385391235400,28.740158081054700,0.826772689819336,28.372703552246100,0.304677199893736,170.236221313477000,28.326771736145000,28.740158081054700,2016_06,2016,6,C:\Users\kem99059\Desktop\Zambezi\Climate\LST\LST.gdb\MOD_LSTD_M_2016_06_FLOAT_WMA
157,Simangani,4,5.000000000000000,0.050000000000000,28.188976287841800,29.015748977661100,0.826772689819336,28.409449005127000,0.321391452153893,142.047245025635000,28.188976287841800,28.795276260376000,2016_06,2016,6,C:\Users\kem99059\Desktop\Zambezi\Climate\LST\LST.gdb\MOD_LSTD_M_2016_06_FLOAT_WMA
158,Unknown 16,5,1.000000000000000,0.010000000000000,29.566928863525400,29.566928863525400,0.000000000000000,29.566928863525400,0.000000000000000,29.566928863525400,29.566928863525400,29.566928863525400,2016_06,2016,6,C:\Users\kem99059\Desktop\Zambezi\Climate\LST\LST.gdb\MOD_LSTD_M_2016_06_FLOAT_WMA
159,Chidobe,6,1.000000000000000,0.010000000000000,28.188976287841800,28.188976287841800,0.000000000000000,28.188976287841800,0.000000000000000,28.188976287841800,28.188976287841800,28.188976287841800,2016_06,2016,6,C:\Users\kem99059\Desktop\Zambezi\Climate\LST\LST.gdb\MOD_LSTD_M_2016_06_FLOAT_WMA
160,Jambezi,7,2.000000000000000,0.020000000000000,27.913385391235400,28.464567184448200,0.551181793212891,28.188976287841800,0.275590896606445,56.377952575683600,28.188976287841800,28.409449005127000,2016_06,2016,6,C:\Users\kem99059\Desktop\Zambezi\Climate\LST\LST.gdb\MOD_LSTD_M_2016_06_FLOAT_WMA
161,Kachecheti,8,2.000000000000000,0.020000000000000,27.637794494628900,28.740158081054700,1.102363586425780,28.188976287841800,0.551181793212891,56.377952575683600,28.188976287841800,28.629921722412100,2016_06,2016,6,C:\Users\kem99059\Desktop\Zambezi\Climate\LST\LST.gdb\MOD_LSTD_M_2016_06_FLOAT_WMA
162,Mabale,9,1.000000000000000,0.010000000000000,26.535432815551800,26.535432815551800,0.000000000000000,26.535432815551800,0.000000000000000,26.535432815551800,26.535432815551800,26.535432815551800,2016_06,2016,6,C:\Users\kem99059\Desktop\Zambezi\Climate\LST\LST.gdb\MOD_LSTD_M_2016_06_FLOAT_WMA
163,Nekatambe,1,4.000000000000000,0.040000000000000,27.362205505371100,28.464567184448200,1.102361679077150,27.913385868072500,0.389743709298112,111.653543472290000,27.913385391235400,28.299212646484400,2016_07,2016,7,C:\Users\kem99059\Desktop\Zambezi\Climate\LST\LST.gdb\MOD_LSTD_M_2016_07_FLOAT_WMA
164,Nemananga,2,2.000000000000000,0.020000000000000,28.188976287841800,29.015748977661100,0.826772689819336,28.602362632751500,0.413386344909668,57.204725265502900,28.602362632751500,28.933071708679200,2016_07,2016,7,C:\Users\kem99059\Desktop\Zambezi\Climate\LST\LST.gdb\MOD_LSTD_M_2016_07_FLOAT_WMA
165,Sidinda,3,6.000000000000000,0.060000000000000,27.913385391235400,28.740158081054700,0.826772689819336,28.418635368347200,0.334388668630045,170.511812210083000,28.464567184448200,28.740158081054700,2016_07,2016,7,C:\Users\kem99059\Desktop\Zambezi\Climate\LST\LST.gdb\MOD_LSTD_M_2016_07_FLOAT_WMA
166,Simangani,4,5.000000000000000,0.050000000000000,28.188976287841800,29.291337966918900,1.102361679077150,28.574803161621100,0.373828949045762,142.874015808105000,28.464567184448200,28.960629653930700,2016_07,2016,7,C:\Users\kem99059\Desktop\Zambezi\Climate\LST\LST.gdb\MOD_LSTD_M_2016_07_FLOAT_WMA
167,Unknown 16,5,1.000000000000000,0.010000000000000,29.015748977661100,29.015748977661100,0.000000000000000,29.015748977661100,0.000000000000000,29.015748977661100,29.015748977661100,29.015748977661100,2016_07,2016,7,C:\Users\kem99059\Desktop\Zambezi\Climate\LST\LST.gdb\MOD_LSTD_M_2016_07_FLOAT_WMA
168,Chidobe,6,1.000000000000000,0.010000000000000,28.740158081054700,28.740158081054700,0.000000000000000,28.740158081054700,0.000000000000000,28.740158081054700,28.740158081054700,28.740158081054700,2016_07,2016,7,C:\Users\kem99059\Desktop\Zambezi\Climate\LST\LST.gdb\MOD_LSTD_M_2016_07_FLOAT_WMA
169,Jambezi,7,2.000000000000000,0.020000000000000,27.637794494628900,28.464567184448200,0.826772689819336,28.051180839538600,0.413386344909668,56.102361679077100,28.051180839538600,28.381889915466300,2016_07,2016,7,C:\Users\kem99059\Desktop\Zambezi\Climate\LST\LST.gdb\MOD_LSTD_M_2016_07_FLOAT_WMA
170,Kachecheti,8,2.000000000000000,0.020000000000000,28.188976287841800,29.015748977661100,0.826772689819336,28.602362632751500,0.413386344909668,57.204725265502900,28.602362632751500,28.933071708679200,2016_07,2016,7,C:\Users\kem99059\Desktop\Zambezi\Climate\LST\LST.gdb\MOD_LSTD_M_2016_07_FLOAT_WMA
171,Mabale,9,1.000000000000000,0.010000000000000,27.086614608764600,27.086614608764600,0.000000000000000,27.086614608764600,0.000000000000000,27.086614608764600,27.086614608764600,27.086614608764600,2016_07,2016,7,C:\Users\kem99059\Desktop\Zambezi\Climate\LST\LST.gdb\MOD_LSTD_M_2016_07_FLOAT_WMA
172,Nekatambe,1,4.000000000000000,0.040000000000000,31.496063232421900,32.874015808105500,1.377952575683590,32.185039520263700,0.496827760878102,128.740158081055000,32.185039520263700,32.708661270141600,2016_08,2016,8,C:\Users\kem99059\Desktop\Zambezi\Climate\LST\LST.gdb\MOD_LSTD_M_2016_08_FLOAT_WMA
173,Nemananga,2,2.000000000000000,0.020000000000000,32.874015808105500,33.700786590576200,0.826770782470703,33.287401199340800,0.413385391235352,66.574802398681600,33.287401199340800,33.618109512329100,2016_08,2016,8,C:\Users\kem99059\Desktop\Zambezi\Climate\LST\LST.gdb\MOD_LSTD_M_2016_08_FLOAT_WMA
174,Sidinda,3,6.000000000000000,0.060000000000000,32.047245025634800,33.425197601318400,1.377952575683590,32.828084309895800,0.537617336198797,196.968505859375000,32.874015808105500,33.425197601318400,2016_08,2016,8,C:\Users\kem99059\Desktop\Zambezi\Climate\LST\LST.gdb\MOD_LSTD_M_2016_08_FLOAT_WMA
175,Simangani,4,5.000000000000000,0.050000000000000,32.598426818847700,33.976379394531300,1.377952575683590,33.094488525390600,0.474144063200689,165.472442626953000,32.874015808105500,33.645669555664100,2016_08,2016,8,C:\Users\kem99059\Desktop\Zambezi\Climate\LST\LST.gdb\MOD_LSTD_M_2016_08_FLOAT_WMA
176,Unknown 16,5,1.000000000000000,0.010000000000000,33.976379394531300,33.976379394531300,0.000000000000000,33.976379394531300,0.000000000000000,33.976379394531300,33.976379394531300,33.976379394531300,2016_08,2016,8,C:\Users\kem99059\Desktop\Zambezi\Climate\LST\LST.gdb\MOD_LSTD_M_2016_08_FLOAT_WMA
177,Chidobe,6,1.000000000000000,0.010000000000000,33.425197601318400,33.425197601318400,0.000000000000000,33.425197601318400,0.000000000000000,33.425197601318400,33.425197601318400,33.425197601318400,2016_08,2016,8,C:\Users\kem99059\Desktop\Zambezi\Climate\LST\LST.gdb\MOD_LSTD_M_2016_08_FLOAT_WMA
178,Jambezi,7,2.000000000000000,0.020000000000000,32.047245025634800,33.149604797363300,1.102359771728520,32.598424911499000,0.551179885864258,65.196849822998000,32.598424911499000,33.039368820190400,2016_08,2016,8,C:\Users\kem99059\Desktop\Zambezi\Climate\LST\LST.gdb\MOD_LSTD_M_2016_08_FLOAT_WMA
179,Kachecheti,8,2.000000000000000,0.020000000000000,32.874015808105500,33.976379394531300,1.102363586425780,33.425197601318400,0.551181793212891,66.850395202636700,33.425197601318400,33.866143035888700,2016_08,2016,8,C:\Users\kem99059\Desktop\Zambezi\Climate\LST\LST.gdb\MOD_LSTD_M_2016_08_FLOAT_WMA
180,Mabale,9,1.000000000000000,0.010000000000000,32.047245025634800,32.047245025634800,0.000000000000000,32.047245025634800,0.000000000000000,32.047245025634800,32.047245025634800,32.047245025634800,2016_08,2016,8,C:\Users\kem99059\Desktop\Zambezi\Climate\LST\LST.gdb\MOD_LSTD_M_2016_08_FLOAT_WMA
181,Nekatambe,1,4.000000000000000,0.040000000000000,36.181102752685500,37.559055328369100,1.377952575683590,36.870079040527300,0.496827760878102,147.480316162109000,36.870079040527300,37.393700790405300,2016_09,2016,9,C:\Users\kem99059\Desktop\Zambezi\Climate\LST\LST.gdb\MOD_LSTD_M_2016_09_FLOAT_WMA
182,Nemananga,2,2.000000000000000,0.020000000000000,38.937007904052700,39.763778686523400,0.826770782470703,39.350393295288100,0.413385391235352,78.700786590576200,39.350393295288100,39.681101608276400,2016_09,2016,9,C:\Users\kem99059\Desktop\Zambezi\Climate\LST\LST.gdb\MOD_LSTD_M_2016_09_FLOAT_WMA
183,Sidinda,3,6.000000000000000,0.060000000000000,38.110237121582000,39.212596893310500,1.102359771728520,38.753281275431300,0.343721048565086,232.519687652588000,38.799213409423800,39.074802398681600,2016_09,2016,9,C:\Users\kem99059\Desktop\Zambezi\Climate\LST\LST.gdb\MOD_LSTD_M_2016_09_FLOAT_WMA
184,Simangani,4,5.000000000000000,0.050000000000000,37.283466339111300,39.212596893310500,1.929130554199220,37.944882202148400,0.710146050683541,189.724411010742000,37.834644317627000,38.771652984619100,2016_09,2016,9,C:\Users\kem99059\Desktop\Zambezi\Climate\LST\LST.gdb\MOD_LSTD_M_2016_09_FLOAT_WMA
185,Unknown 16,5,1.000000000000000,0.010000000000000,38.937007904052700,38.937007904052700,0.000000000000000,38.937007904052700,0.000000000000000,38.937007904052700,38.937007904052700,38.937007904052700,2016_09,2016,9,C:\Users\kem99059\Desktop\Zambezi\Climate\LST\LST.gdb\MOD_LSTD_M_2016_09_FLOAT_WMA
186,Chidobe,6,1.000000000000000,0.010000000000000,38.937007904052700,38.937007904052700,0.000000000000000,38.937007904052700,0.000000000000000,38.937007904052700,38.937007904052700,38.937007904052700,2016_09,2016,9,C:\Users\kem99059\Desktop\Zambezi\Climate\LST\LST.gdb\MOD_LSTD_M_2016_09_FLOAT_WMA
187,Jambezi,7,2.000000000000000,0.020000000000000,38.385826110839800,39.212596893310500,0.826770782470703,38.799211502075200,0.413385391235352,77.598423004150400,38.799211502075200,39.129919815063500,2016_09,2016,9,C:\Users\kem99059\Desktop\Zambezi\Climate\LST\LST.gdb\MOD_LSTD_M_2016_09_FLOAT_WMA
188,Kachecheti,8,2.000000000000000,0.020000000000000,38.661418914794900,39.488189697265600,0.826770782470703,39.074804306030300,0.413385391235352,78.149608612060500,39.074804306030300,39.405512619018600,2016_09,2016,9,C:\Users\kem99059\Desktop\Zambezi\Climate\LST\LST.gdb\MOD_LSTD_M_2016_09_FLOAT_WMA
189,Mabale,9,1.000000000000000,0.010000000000000,37.559055328369100,37.559055328369100,0.000000000000000,37.559055328369100,0.000000000000000,37.559055328369100,37.559055328369100,37.559055328369100,2016_09,2016,9,C:\Users\kem99059\Desktop\Zambezi\Climate\LST\LST.gdb\MOD_LSTD_M_2016_09_FLOAT_WMA
190,Nekatambe,1,4.000000000000000,0.040000000000000,41.968502044677700,43.622047424316400,1.653545379638670,42.864172935485800,0.596671738722437,171.456691741943000,42.933071136474600,43.456692886352500,2016_10,2016,10,C:\Users\kem99059\Desktop\Zambezi\Climate\LST\LST.gdb\MOD_LSTD_M_2016_10_FLOAT_WMA
191,Nemananga,2,2.000000000000000,0.020000000000000,45.000000000000000,45.000000000000000,0.000000000000000,45.000000000000000,0.000000000000000,90.000000000000000,45.000000000000000,45.000000000000000,2016_10,2016,10,C:\Users\kem99059\Desktop\Zambezi\Climate\LST\LST.gdb\MOD_LSTD_M_2016_10_FLOAT_WMA
192,Sidinda,3,6.000000000000000,0.060000000000000,45.000000000000000,45.000000000000000,0.000000000000000,45.000000000000000,0.000000000000000,270.000000000000000,45.000000000000000,45.000000000000000,2016_10,2016,10,C:\Users\kem99059\Desktop\Zambezi\Climate\LST\LST.gdb\MOD_LSTD_M_2016_10_FLOAT_WMA
193,Simangani,4,5.000000000000000,0.050000000000000,43.346458435058600,45.000000000000000,1.653541564941410,44.118110656738300,0.638038197399913,220.590553283691000,43.897636413574200,44.889764404296900,2016_10,2016,10,C:\Users\kem99059\Desktop\Zambezi\Climate\LST\LST.gdb\MOD_LSTD_M_2016_10_FLOAT_WMA
194,Unknown 16,5,1.000000000000000,0.010000000000000,45.000000000000000,45.000000000000000,0.000000000000000,45.000000000000000,0.000000000000000,45.000000000000000,45.000000000000000,45.000000000000000,2016_10,2016,10,C:\Users\kem99059\Desktop\Zambezi\Climate\LST\LST.gdb\MOD_LSTD_M_2016_10_FLOAT_WMA
195,Chidobe,6,1.000000000000000,0.010000000000000,45.000000000000000,45.000000000000000,0.000000000000000,45.000000000000000,0.000000000000000,45.000000000000000,45.000000000000000,45.000000000000000,2016_10,2016,10,C:\Users\kem99059\Desktop\Zambezi\Climate\LST\LST.gdb\MOD_LSTD_M_2016_10_FLOAT_WMA
196,Jambezi,7,2.000000000000000,0.020000000000000,45.000000000000000,45.000000000000000,0.000000000000000,45.000000000000000,0.000000000000000,90.000000000000000,45.000000000000000,45.000000000000000,2016_10,2016,10,C:\Users\kem99059\Desktop\Zambezi\Climate\LST\LST.gdb\MOD_LSTD_M_2016_10_FLOAT_WMA
197,Kachecheti,8,2.000000000000000,0.020000000000000,45.000000000000000,45.000000000000000,0.000000000000000,45.000000000000000,0.000000000000000,90.000000000000000,45.000000000000000,45.000000000000000,2016_10,2016,10,C:\Users\kem99059\Desktop\Zambezi\Climate\LST\LST.gdb\MOD_LSTD_M_2016_10_FLOAT_WMA
198,Mabale,9,1.000000000000000,0.010000000000000,43.622047424316400,43.622047424316400,0.000000000000000,43.622047424316400,0.000000000000000,43.622047424316400,43.622047424316400,43.622047424316400,2016_10,2016,10,C:\Users\kem99059\Desktop\Zambezi\Climate\LST\LST.gdb\MOD_LSTD_M_2016_10_FLOAT_WMA
199,Nekatambe,1,4.000000000000000,0.040000000000000,40.866142272949200,42.519683837890600,1.653541564941410,41.830708503723100,0.631456823617315,167.322834014893000,41.968503952026400,42.437007141113300,2016_11,2016,11,C:\Users\kem99059\Desktop\Zambezi\Climate\LST\LST.gdb\MOD_LSTD_M_2016_11_FLOAT_WMA
200,Nemananga,2,2.000000000000000,0.020000000000000,43.346458435058600,45.000000000000000,1.653541564941410,44.173229217529300,0.826770782470703,88.346458435058600,44.173229217529300,44.834645843505900,2016_11,2016,11,C:\Users\kem99059\Desktop\Zambezi\Climate\LST\LST.gdb\MOD_LSTD_M_2016_11_FLOAT_WMA
201,Sidinda,3,6.000000000000000,0.060000000000000,43.622047424316400,45.000000000000000,1.377952575683590,44.219160079956100,0.488261095171197,265.314960479736000,44.311023712158200,44.724409103393600,2016_11,2016,11,C:\Users\kem99059\Desktop\Zambezi\Climate\LST\LST.gdb\MOD_LSTD_M_2016_11_FLOAT_WMA
202,Simangani,4,5.000000000000000,0.050000000000000,42.795276641845700,45.000000000000000,2.204723358154300,43.456693267822300,0.881889152527165,217.283466339111000,42.795276641845700,44.559054565429700,2016_11,2016,11,C:\Users\kem99059\Desktop\Zambezi\Climate\LST\LST.gdb\MOD_LSTD_M_2016_11_FLOAT_WMA
203,Unknown 16,5,1.000000000000000,0.010000000000000,44.724411010742200,44.724411010742200,0.000000000000000,44.724411010742200,0.000000000000000,44.724411010742200,44.724411010742200,44.724411010742200,2016_11,2016,11,C:\Users\kem99059\Desktop\Zambezi\Climate\LST\LST.gdb\MOD_LSTD_M_2016_11_FLOAT_WMA
204,Chidobe,6,1.000000000000000,0.010000000000000,42.795276641845700,42.795276641845700,0.000000000000000,42.795276641845700,0.000000000000000,42.795276641845700,42.795276641845700,42.795276641845700,2016_11,2016,11,C:\Users\kem99059\Desktop\Zambezi\Climate\LST\LST.gdb\MOD_LSTD_M_2016_11_FLOAT_WMA
205,Jambezi,7,2.000000000000000,0.020000000000000,43.070865631103500,43.622047424316400,0.551181793212891,43.346456527710000,0.275590896606445,86.692913055419900,43.346456527710000,43.566929244995100,2016_11,2016,11,C:\Users\kem99059\Desktop\Zambezi\Climate\LST\LST.gdb\MOD_LSTD_M_2016_11_FLOAT_WMA
206,Kachecheti,8,2.000000000000000,0.020000000000000,44.173229217529300,44.448818206787100,0.275588989257812,44.311023712158200,0.137794494628906,88.622047424316400,44.311023712158200,44.421259307861300,2016_11,2016,11,C:\Users\kem99059\Desktop\Zambezi\Climate\LST\LST.gdb\MOD_LSTD_M_2016_11_FLOAT_WMA
207,Mabale,9,1.000000000000000,0.010000000000000,41.692913055419900,41.692913055419900,0.000000000000000,41.692913055419900,0.000000000000000,41.692913055419900,41.692913055419900,41.692913055419900,2016_11,2016,11,C:\Users\kem99059\Desktop\Zambezi\Climate\LST\LST.gdb\MOD_LSTD_M_2016_11_FLOAT_WMA
208,Nekatambe,1,4.000000000000000,0.040000000000000,34.251968383789100,37.559055328369100,3.307086944580080,35.836614608764600,1.207184152856310,143.346458435059000,35.767717361450200,37.145669555664100,2016_12,2016,12,C:\Users\kem99059\Desktop\Zambezi\Climate\LST\LST.gdb\MOD_LSTD_M_2016_12_FLOAT_WMA
209,Nemananga,2,2.000000000000000,0.020000000000000,36.456691741943400,40.314960479736300,3.858268737792970,38.385826110839800,1.929134368896480,76.771652221679700,38.385826110839800,39.929133605957000,2016_12,2016,12,C:\Users\kem99059\Desktop\Zambezi\Climate\LST\LST.gdb\MOD_LSTD_M_2016_12_FLOAT_WMA
210,Sidinda,3,6.000000000000000,0.060000000000000,38.110237121582000,39.488189697265600,1.377952575683590,38.799212773641000,0.521684056026371,232.795276641846000,38.937007904052700,39.350393295288100,2016_12,2016,12,C:\Users\kem99059\Desktop\Zambezi\Climate\LST\LST.gdb\MOD_LSTD_M_2016_12_FLOAT_WMA
211,Simangani,4,5.000000000000000,0.050000000000000,37.007873535156300,39.212596893310500,2.204723358154300,38.440943908691400,0.878437935709315,192.204719543457000,38.937007904052700,39.212596893310500,2016_12,2016,12,C:\Users\kem99059\Desktop\Zambezi\Climate\LST\LST.gdb\MOD_LSTD_M_2016_12_FLOAT_WMA
212,Unknown 16,5,1.000000000000000,0.010000000000000,40.314960479736300,40.314960479736300,0.000000000000000,40.314960479736300,0.000000000000000,40.314960479736300,40.314960479736300,40.314960479736300,2016_12,2016,12,C:\Users\kem99059\Desktop\Zambezi\Climate\LST\LST.gdb\MOD_LSTD_M_2016_12_FLOAT_WMA
213,Chidobe,6,1.000000000000000,0.010000000000000,36.732284545898400,36.732284545898400,0.000000000000000,36.732284545898400,0.000000000000000,36.732284545898400,36.732284545898400,36.732284545898400,2016_12,2016,12,C:\Users\kem99059\Desktop\Zambezi\Climate\LST\LST.gdb\MOD_LSTD_M_2016_12_FLOAT_WMA
214,Jambezi,7,2.000000000000000,0.020000000000000,38.110237121582000,38.661418914794900,0.551181793212891,38.385828018188500,0.275590896606445,76.771656036377000,38.385828018188500,38.606300735473600,2016_12,2016,12,C:\Users\kem99059\Desktop\Zambezi\Climate\LST\LST.gdb\MOD_LSTD_M_2016_12_FLOAT_WMA
215,Kachecheti,8,2.000000000000000,0.020000000000000,37.559055328369100,38.110237121582000,0.551181793212891,37.834646224975600,0.275590896606445,75.669292449951200,37.834646224975600,38.055118942260700,2016_12,2016,12,C:\Users\kem99059\Desktop\Zambezi\Climate\LST\LST.gdb\MOD_LSTD_M_2016_12_FLOAT_WMA
216,Mabale,9,1.000000000000000,0.010000000000000,35.629920959472700,35.629920959472700,0.000000000000000,35.629920959472700,0.000000000000000,35.629920959472700,35.629920959472700,35.629920959472700,2016_12,2016,12,C:\Users\kem99059\Desktop\Zambezi\Climate\LST\LST.gdb\MOD_LSTD_M_2016_12_FLOAT_WMA