OID_,NAME,ZONE_CODE,PRECIP_COUNT,PRECIP_AREA,PRECIP_MIN,PRECIP_MAX,PRECIP_RANGE,PRECIP_MEAN,PRECIP_STD,PRECIP_SUM,PRECIP_MEDIAN,PRECIP_PCT90,Date,PRECIP_Year,PRECIP_Month,MERGE_SRC
1,Nekatambe,1,15.000000000000000,0.037500001117587,128.267501831055000,140.730499267578000,12.462997436523400,134.439871215820000,3.313855694364010,2016.598068237300000,135.264587402344000,137.612954711914000,2015_01,2015,1,C:\Users\kem99059\Desktop\Zambezi\Climate\Precipitation_CHIRPS\ExtractByMsk\Precip.gdb\precip_chirps_v2_0_2015_01_WMA
2,Nemananga,2,7.000000000000000,0.017500000521541,130.126434326172000,150.379913330078000,20.253479003906300,139.793147495815000,6.196150070160070,978.552032470703000,140.102096557617000,146.898657226563000,2015_01,2015,1,C:\Users\kem99059\Desktop\Zambezi\Climate\Precipitation_CHIRPS\ExtractByMsk\Precip.gdb\precip_chirps_v2_0_2015_01_WMA
3,Sidinda,3,18.000000000000000,0.045000001341105,119.445747375488000,136.853790283203000,17.408042907714800,130.075490739611000,4.667887475417730,2341.358833312990000,129.615501403809000,136.262556457520000,2015_01,2015,1,C:\Users\kem99059\Desktop\Zambezi\Climate\Precipitation_CHIRPS\ExtractByMsk\Precip.gdb\precip_chirps_v2_0_2015_01_WMA
4,Simangani,4,17.000000000000000,0.042500001266599,116.373748779297000,134.558013916016000,18.184265136718800,124.617990830365000,5.618744362599390,2118.505844116210000,125.262603759766000,132.698690795898000,2015_01,2015,1,C:\Users\kem99059\Desktop\Zambezi\Climate\Precipitation_CHIRPS\ExtractByMsk\Precip.gdb\precip_chirps_v2_0_2015_01_WMA
5,Unknown 16,5,4.000000000000000,0.010000000298023,125.459045410156000,136.657043457031000,11.197998046875000,131.921722412109000,4.695352648317050,527.686889648438000,132.785400390625000,136.501870727539000,2015_01,2015,1,C:\Users\kem99059\Desktop\Zambezi\Climate\Precipitation_CHIRPS\ExtractByMsk\Precip.gdb\precip_chirps_v2_0_2015_01_WMA
6,Chidobe,6,3.000000000000000,0.007500000223517,136.631179809570000,141.975067138672000,5.343887329101560,138.896789550781000,2.256044431935880,416.690368652344000,138.084121704102000,141.196878051758000,2015_01,2015,1,C:\Users\kem99059\Desktop\Zambezi\Climate\Precipitation_CHIRPS\ExtractByMsk\Precip.gdb\precip_chirps_v2_0_2015_01_WMA
7,Jambezi,7,10.000000000000000,0.025000000745058,131.733566284180000,140.652572631836000,8.919006347656250,135.663684082031000,2.973296427545240,1356.636840820310000,135.049468994141000,139.731849670410000,2015_01,2015,1,C:\Users\kem99059\Desktop\Zambezi\Climate\Precipitation_CHIRPS\ExtractByMsk\Precip.gdb\precip_chirps_v2_0_2015_01_WMA
8,Kachecheti,8,5.000000000000000,0.012500000372529,143.042480468750000,147.820404052734000,4.777923583984380,145.369577026367000,1.785314732435540,726.847885131836000,145.400802612305000,147.409204101563000,2015_01,2015,1,C:\Users\kem99059\Desktop\Zambezi\Climate\Precipitation_CHIRPS\ExtractByMsk\Precip.gdb\precip_chirps_v2_0_2015_01_WMA
9,Mabale,9,5.000000000000000,0.012500000372529,125.627777099609000,134.755386352539000,9.127609252929690,129.611141967773000,3.095223224073100,648.055709838867000,130.002899169922000,132.967697143555000,2015_01,2015,1,C:\Users\kem99059\Desktop\Zambezi\Climate\Precipitation_CHIRPS\ExtractByMsk\Precip.gdb\precip_chirps_v2_0_2015_01_WMA
10,Nekatambe,1,15.000000000000000,0.037500001117587,82.280197143554700,110.304374694824000,28.024177551269500,97.393368530273400,7.565294227459910,1460.900527954100000,98.849922180175800,105.007032775879000,2015_02,2015,2,C:\Users\kem99059\Desktop\Zambezi\Climate\Precipitation_CHIRPS\ExtractByMsk\Precip.gdb\precip_chirps_v2_0_2015_02_WMA
11,Nemananga,2,7.000000000000000,0.017500000521541,93.928718566894500,107.345787048340000,13.417068481445300,101.254347664969000,4.093386578325470,708.780433654785000,101.685920715332000,105.897070312500000,2015_02,2015,2,C:\Users\kem99059\Desktop\Zambezi\Climate\Precipitation_CHIRPS\ExtractByMsk\Precip.gdb\precip_chirps_v2_0_2015_02_WMA
12,Sidinda,3,18.000000000000000,0.045000001341105,83.009048461914100,100.524055480957000,17.515007019043000,92.064519670274500,4.654085985162650,1657.161354064940000,91.220550537109400,97.917918395996100,2015_02,2015,2,C:\Users\kem99059\Desktop\Zambezi\Climate\Precipitation_CHIRPS\ExtractByMsk\Precip.gdb\precip_chirps_v2_0_2015_02_WMA
13,Simangani,4,17.000000000000000,0.042500001266599,81.166931152343800,94.089828491210900,12.922897338867200,86.040428161621100,3.769172324851510,1462.687278747560000,85.821220397949200,90.959097290039100,2015_02,2015,2,C:\Users\kem99059\Desktop\Zambezi\Climate\Precipitation_CHIRPS\ExtractByMsk\Precip.gdb\precip_chirps_v2_0_2015_02_WMA
14,Unknown 16,5,4.000000000000000,0.010000000298023,77.699279785156300,87.100616455078100,9.401336669921880,82.182817459106400,3.464361158272780,328.731269836426000,81.965686798095700,85.964083099365200,2015_02,2015,2,C:\Users\kem99059\Desktop\Zambezi\Climate\Precipitation_CHIRPS\ExtractByMsk\Precip.gdb\precip_chirps_v2_0_2015_02_WMA
15,Chidobe,6,3.000000000000000,0.007500000223517,84.993194580078100,89.221435546875000,4.228240966796880,87.196581522623700,1.730782274100520,261.589744567871000,87.375114440918000,88.852171325683600,2015_02,2015,2,C:\Users\kem99059\Desktop\Zambezi\Climate\Precipitation_CHIRPS\ExtractByMsk\Precip.gdb\precip_chirps_v2_0_2015_02_WMA
16,Jambezi,7,10.000000000000000,0.025000000745058,92.440643310546900,106.009048461914000,13.568405151367200,99.387299346923800,3.697051077738640,993.872993469238000,99.805953979492200,103.160437774658000,2015_02,2015,2,C:\Users\kem99059\Desktop\Zambezi\Climate\Precipitation_CHIRPS\ExtractByMsk\Precip.gdb\precip_chirps_v2_0_2015_02_WMA
17,Kachecheti,8,5.000000000000000,0.012500000372529,86.224113464355500,93.746864318847700,7.522750854492190,90.511436462402300,3.070511373249310,452.557182312012000,91.916442871093800,93.522410583496100,2015_02,2015,2,C:\Users\kem99059\Desktop\Zambezi\Climate\Precipitation_CHIRPS\ExtractByMsk\Precip.gdb\precip_chirps_v2_0_2015_02_WMA
18,Mabale,9,5.000000000000000,0.012500000372529,97.969314575195300,105.282043457031000,7.312728881835940,101.375610351563000,2.499132372864900,506.878051757813000,101.210014343262000,104.237838745117000,2015_02,2015,2,C:\Users\kem99059\Desktop\Zambezi\Climate\Precipitation_CHIRPS\ExtractByMsk\Precip.gdb\precip_chirps_v2_0_2015_02_WMA
19,Nekatambe,1,15.000000000000000,0.037500001117587,30.787895202636700,36.936103820800800,6.148208618164060,33.587505086263000,1.709471172137660,503.812576293945000,33.430709838867200,35.971233367919900,2015_03,2015,3,C:\Users\kem99059\Desktop\Zambezi\Climate\Precipitation_CHIRPS\ExtractByMsk\Precip.gdb\precip_chirps_v2_0_2015_03_WMA
20,Nemananga,2,7.000000000000000,0.017500000521541,32.416007995605500,38.627872467041000,6.211864471435550,35.949530465262300,1.834603196731880,251.646713256836000,36.427749633789100,37.586114501953100,2015_03,2015,3,C:\Users\kem99059\Desktop\Zambezi\Climate\Precipitation_CHIRPS\ExtractByMsk\Precip.gdb\precip_chirps_v2_0_2015_03_WMA
21,Sidinda,3,18.000000000000000,0.045000001341105,30.397682189941400,42.858402252197300,12.460720062255900,35.777079158359100,3.227631281306820,643.987424850464000,36.240596771240200,39.318875122070300,2015_03,2015,3,C:\Users\kem99059\Desktop\Zambezi\Climate\Precipitation_CHIRPS\ExtractByMsk\Precip.gdb\precip_chirps_v2_0_2015_03_WMA
22,Simangani,4,17.000000000000000,0.042500001266599,30.539049148559600,41.562870025634800,11.023820877075200,36.294883952421300,2.753985655292000,617.013027191162000,36.514717102050800,39.196619415283200,2015_03,2015,3,C:\Users\kem99059\Desktop\Zambezi\Climate\Precipitation_CHIRPS\ExtractByMsk\Precip.gdb\precip_chirps_v2_0_2015_03_WMA
23,Unknown 16,5,4.000000000000000,0.010000000298023,39.442222595214800,44.012809753418000,4.570587158203130,41.046695709228500,1.760774563570150,164.186782836914000,40.365875244140600,42.986515045166000,2015_03,2015,3,C:\Users\kem99059\Desktop\Zambezi\Climate\Precipitation_CHIRPS\ExtractByMsk\Precip.gdb\precip_chirps_v2_0_2015_03_WMA
24,Chidobe,6,3.000000000000000,0.007500000223517,39.585933685302700,43.485912322998000,3.899978637695310,41.451960245768200,1.596581259651460,124.355880737305000,41.284034729003900,43.045536804199200,2015_03,2015,3,C:\Users\kem99059\Desktop\Zambezi\Climate\Precipitation_CHIRPS\ExtractByMsk\Precip.gdb\precip_chirps_v2_0_2015_03_WMA
25,Jambezi,7,10.000000000000000,0.025000000745058,31.305412292480500,39.893104553222700,8.587692260742190,35.736677932739300,2.592449022568620,357.366779327393000,34.894462585449200,39.119845581054700,2015_03,2015,3,C:\Users\kem99059\Desktop\Zambezi\Climate\Precipitation_CHIRPS\ExtractByMsk\Precip.gdb\precip_chirps_v2_0_2015_03_WMA
26,Kachecheti,8,5.000000000000000,0.012500000372529,35.898284912109400,43.339878082275400,7.441593170166020,40.236772918701200,2.864956017617790,201.183864593506000,41.476760864257800,43.037950897216800,2015_03,2015,3,C:\Users\kem99059\Desktop\Zambezi\Climate\Precipitation_CHIRPS\ExtractByMsk\Precip.gdb\precip_chirps_v2_0_2015_03_WMA
27,Mabale,9,5.000000000000000,0.012500000372529,34.224784851074200,42.067852020263700,7.843067169189450,40.171447753906300,2.996827874411390,200.857238769531000,41.435062408447300,42.059766387939500,2015_03,2015,3,C:\Users\kem99059\Desktop\Zambezi\Climate\Precipitation_CHIRPS\ExtractByMsk\Precip.gdb\precip_chirps_v2_0_2015_03_WMA
28,Nekatambe,1,15.000000000000000,0.037500001117587,45.827079772949200,67.917640686035200,22.090560913085900,58.924188741048200,5.580377066636970,883.862831115723000,60.571117401123000,63.785018920898400,2015_04,2015,4,C:\Users\kem99059\Desktop\Zambezi\Climate\Precipitation_CHIRPS\ExtractByMsk\Precip.gdb\precip_chirps_v2_0_2015_04_WMA
29,Nemananga,2,7.000000000000000,0.017500000521541,56.845783233642600,66.807975769043000,9.962192535400390,60.270494733537900,3.123709688347740,421.893463134766000,58.991516113281300,63.976382446289100,2015_04,2015,4,C:\Users\kem99059\Desktop\Zambezi\Climate\Precipitation_CHIRPS\ExtractByMsk\Precip.gdb\precip_chirps_v2_0_2015_04_WMA
30,Sidinda,3,18.000000000000000,0.045000001341105,50.391914367675800,56.819717407226600,6.427803039550780,53.429833094279000,1.756179406717680,961.736995697022000,53.215812683105500,55.460428619384800,2015_04,2015,4,C:\Users\kem99059\Desktop\Zambezi\Climate\Precipitation_CHIRPS\ExtractByMsk\Precip.gdb\precip_chirps_v2_0_2015_04_WMA
31,Simangani,4,17.000000000000000,0.042500001266599,50.909942626953100,64.518325805664100,13.608383178710900,56.050724253935000,3.711466393594110,952.862312316895000,56.230407714843800,60.198046875000000,2015_04,2015,4,C:\Users\kem99059\Desktop\Zambezi\Climate\Precipitation_CHIRPS\ExtractByMsk\Precip.gdb\precip_chirps_v2_0_2015_04_WMA
32,Unknown 16,5,4.000000000000000,0.010000000298023,54.022613525390600,64.294242858886700,10.271629333496100,59.343934059143100,4.151828532882010,237.375736236572000,59.529439926147500,63.714916610717800,2015_04,2015,4,C:\Users\kem99059\Desktop\Zambezi\Climate\Precipitation_CHIRPS\ExtractByMsk\Precip.gdb\precip_chirps_v2_0_2015_04_WMA
33,Chidobe,6,3.000000000000000,0.007500000223517,66.364700317382800,69.635574340820300,3.270874023437500,67.662353515625000,1.418202602648830,202.987060546875000,66.986785888671900,69.105816650390600,2015_04,2015,4,C:\Users\kem99059\Desktop\Zambezi\Climate\Precipitation_CHIRPS\ExtractByMsk\Precip.gdb\precip_chirps_v2_0_2015_04_WMA
34,Jambezi,7,10.000000000000000,0.025000000745058,54.698680877685500,59.681488037109400,4.982807159423830,56.625551223754900,1.373421388141980,566.255512237549000,56.325582504272500,57.996971511840800,2015_04,2015,4,C:\Users\kem99059\Desktop\Zambezi\Climate\Precipitation_CHIRPS\ExtractByMsk\Precip.gdb\precip_chirps_v2_0_2015_04_WMA
35,Kachecheti,8,5.000000000000000,0.012500000372529,66.324226379394500,69.944541931152300,3.620315551757810,67.884143066406300,1.341758830417500,339.420715332031000,67.876983642578100,69.441361999511700,2015_04,2015,4,C:\Users\kem99059\Desktop\Zambezi\Climate\Precipitation_CHIRPS\ExtractByMsk\Precip.gdb\precip_chirps_v2_0_2015_04_WMA
36,Mabale,9,5.000000000000000,0.012500000372529,60.640983581543000,67.951553344726600,7.310569763183590,63.081823730468700,2.866056079106670,315.409118652344000,61.227462768554700,66.678475952148400,2015_04,2015,4,C:\Users\kem99059\Desktop\Zambezi\Climate\Precipitation_CHIRPS\ExtractByMsk\Precip.gdb\precip_chirps_v2_0_2015_04_WMA
37,Nekatambe,1,15.000000000000000,0.037500001117587,0.970377981662750,1.395792365074160,0.425414383411407,1.161554261048640,0.121404400303715,17.423313915729500,1.203473210334780,1.273799180984500,2015_05,2015,5,C:\Users\kem99059\Desktop\Zambezi\Climate\Precipitation_CHIRPS\ExtractByMsk\Precip.gdb\precip_chirps_v2_0_2015_05_WMA
38,Nemananga,2,7.000000000000000,0.017500000521541,1.331851601600650,1.498683452606200,0.166831851005554,1.423510994230000,0.059250468673095,9.964576959609990,1.446664094924930,1.477082443237310,2015_05,2015,5,C:\Users\kem99059\Desktop\Zambezi\Climate\Precipitation_CHIRPS\ExtractByMsk\Precip.gdb\precip_chirps_v2_0_2015_05_WMA
39,Sidinda,3,18.000000000000000,0.045000001341105,0.709380924701691,1.126761198043820,0.417380273342133,0.892065866125954,0.127541957960728,16.057185590267200,0.927726298570633,1.024816477298740,2015_05,2015,5,C:\Users\kem99059\Desktop\Zambezi\Climate\Precipitation_CHIRPS\ExtractByMsk\Precip.gdb\precip_chirps_v2_0_2015_05_WMA
40,Simangani,4,17.000000000000000,0.042500001266599,0.586317002773285,0.751747310161591,0.165430307388306,0.687046938082751,0.047105089200575,11.679797947406800,0.706544637680054,0.742760467529297,2015_05,2015,5,C:\Users\kem99059\Desktop\Zambezi\Climate\Precipitation_CHIRPS\ExtractByMsk\Precip.gdb\precip_chirps_v2_0_2015_05_WMA
41,Unknown 16,5,4.000000000000000,0.010000000298023,0.620446085929871,1.153496623039250,0.533050537109375,0.771173670887947,0.221418939342373,3.084694683551790,0.655375987291336,1.008289980888370,2015_05,2015,5,C:\Users\kem99059\Desktop\Zambezi\Climate\Precipitation_CHIRPS\ExtractByMsk\Precip.gdb\precip_chirps_v2_0_2015_05_WMA
42,Chidobe,6,3.000000000000000,0.007500000223517,1.257078409194950,1.544208168983460,0.287129759788513,1.405119736989340,0.117391057287059,4.215359210968020,1.414072632789610,1.518181061744690,2015_05,2015,5,C:\Users\kem99059\Desktop\Zambezi\Climate\Precipitation_CHIRPS\ExtractByMsk\Precip.gdb\precip_chirps_v2_0_2015_05_WMA
43,Jambezi,7,10.000000000000000,0.025000000745058,1.070668220520020,1.329602003097530,0.258933782577515,1.196878385543820,0.083423137416245,11.968783855438200,1.187545537948610,1.301058256626130,2015_05,2015,5,C:\Users\kem99059\Desktop\Zambezi\Climate\Precipitation_CHIRPS\ExtractByMsk\Precip.gdb\precip_chirps_v2_0_2015_05_WMA
44,Kachecheti,8,5.000000000000000,0.012500000372529,1.196749448776250,1.533903837203980,0.337154388427734,1.351215434074400,0.114262444692093,6.756077170372010,1.347213983535770,1.480860614776610,2015_05,2015,5,C:\Users\kem99059\Desktop\Zambezi\Climate\Precipitation_CHIRPS\ExtractByMsk\Precip.gdb\precip_chirps_v2_0_2015_05_WMA
45,Mabale,9,5.000000000000000,0.012500000372529,1.547534704208370,1.579521179199220,0.031986474990845,1.561755943298340,0.010981694908021,7.808779716491700,1.562598705291750,1.573984098434450,2015_05,2015,5,C:\Users\kem99059\Desktop\Zambezi\Climate\Precipitation_CHIRPS\ExtractByMsk\Precip.gdb\precip_chirps_v2_0_2015_05_WMA
46,Nekatambe,1,15.000000000000000,0.037500001117587,0.511194467544556,0.842607140541077,0.331412672996521,0.654653330643972,0.098538268845813,9.819799959659580,0.647603154182434,0.794757056236267,2015_06,2015,6,C:\Users\kem99059\Desktop\Zambezi\Climate\Precipitation_CHIRPS\ExtractByMsk\Precip.gdb\precip_chirps_v2_0_2015_06_WMA
47,Nemananga,2,7.000000000000000,0.017500000521541,0.592313170433044,0.637649476528168,0.045336306095123,0.621552177837917,0.013328962339384,4.350865244865420,0.625194966793060,0.632824254035950,2015_06,2015,6,C:\Users\kem99059\Desktop\Zambezi\Climate\Precipitation_CHIRPS\ExtractByMsk\Precip.gdb\precip_chirps_v2_0_2015_06_WMA
48,Sidinda,3,18.000000000000000,0.045000001341105,0.483417987823486,0.727329134941101,0.243911147117615,0.593382779094908,0.068979879981798,10.680890023708300,0.583679884672165,0.691605043411255,2015_06,2015,6,C:\Users\kem99059\Desktop\Zambezi\Climate\Precipitation_CHIRPS\ExtractByMsk\Precip.gdb\precip_chirps_v2_0_2015_06_WMA
49,Simangani,4,17.000000000000000,0.042500001266599,0.446213006973267,0.509590625762939,0.063377618789673,0.482556944384294,0.019418659108175,8.203468054533010,0.483439028263092,0.507935678958893,2015_06,2015,6,C:\Users\kem99059\Desktop\Zambezi\Climate\Precipitation_CHIRPS\ExtractByMsk\Precip.gdb\precip_chirps_v2_0_2015_06_WMA
50,Unknown 16,5,4.000000000000000,0.010000000298023,0.418023765087128,0.518381476402283,0.100357711315155,0.472626641392708,0.039121167601660,1.890506565570830,0.477050662040710,0.512716346979141,2015_06,2015,6,C:\Users\kem99059\Desktop\Zambezi\Climate\Precipitation_CHIRPS\ExtractByMsk\Precip.gdb\precip_chirps_v2_0_2015_06_WMA
51,Chidobe,6,3.000000000000000,0.007500000223517,0.508318245410919,0.536781072616577,0.028462827205658,0.520112514495850,0.012120290242349,1.560337543487550,0.515238225460052,0.532472503185272,2015_06,2015,6,C:\Users\kem99059\Desktop\Zambezi\Climate\Precipitation_CHIRPS\ExtractByMsk\Precip.gdb\precip_chirps_v2_0_2015_06_WMA
52,Jambezi,7,10.000000000000000,0.025000000745058,0.583719611167908,0.657897949218750,0.074178338050842,0.630121374130249,0.020814086272389,6.301213741302490,0.635184824466705,0.653831827640533,2015_06,2015,6,C:\Users\kem99059\Desktop\Zambezi\Climate\Precipitation_CHIRPS\ExtractByMsk\Precip.gdb\precip_chirps_v2_0_2015_06_WMA
53,Kachecheti,8,5.000000000000000,0.012500000372529,0.520169317722321,0.577715814113617,0.057546496391296,0.551101672649384,0.018593769661690,2.755508363246920,0.551392674446106,0.569979393482208,2015_06,2015,6,C:\Users\kem99059\Desktop\Zambezi\Climate\Precipitation_CHIRPS\ExtractByMsk\Precip.gdb\precip_chirps_v2_0_2015_06_WMA
54,Mabale,9,5.000000000000000,0.012500000372529,0.798335671424866,0.922093093395233,0.123757421970367,0.868610250949860,0.045108860755042,4.343051254749300,0.869072496891022,0.917357122898102,2015_06,2015,6,C:\Users\kem99059\Desktop\Zambezi\Climate\Precipitation_CHIRPS\ExtractByMsk\Precip.gdb\precip_chirps_v2_0_2015_06_WMA
55,Nekatambe,1,15.000000000000000,0.037500001117587,0.030400011688471,0.053254269063473,0.022854257375002,0.040589979787668,0.006237038743983,0.608849696815014,0.039445221424103,0.049425083398819,2015_07,2015,7,C:\Users\kem99059\Desktop\Zambezi\Climate\Precipitation_CHIRPS\ExtractByMsk\Precip.gdb\precip_chirps_v2_0_2015_07_WMA
56,Nemananga,2,7.000000000000000,0.017500000521541,0.040438205003738,0.044027544558048,0.003589339554310,0.041852083589349,0.001180914388260,0.292964585125446,0.041425056755543,0.043524686247110,2015_07,2015,7,C:\Users\kem99059\Desktop\Zambezi\Climate\Precipitation_CHIRPS\ExtractByMsk\Precip.gdb\precip_chirps_v2_0_2015_07_WMA
57,Sidinda,3,18.000000000000000,0.045000001341105,0.030757557600737,0.045683875679970,0.014926318079233,0.039146825878157,0.004514148901063,0.704642865806818,0.039122689515352,0.044405069202185,2015_07,2015,7,C:\Users\kem99059\Desktop\Zambezi\Climate\Precipitation_CHIRPS\ExtractByMsk\Precip.gdb\precip_chirps_v2_0_2015_07_WMA
58,Simangani,4,17.000000000000000,0.042500001266599,0.025993827730417,0.035116080194712,0.009122252464294,0.029824618688401,0.002366779012489,0.507018517702818,0.029277816414833,0.032926578074694,2015_07,2015,7,C:\Users\kem99059\Desktop\Zambezi\Climate\Precipitation_CHIRPS\ExtractByMsk\Precip.gdb\precip_chirps_v2_0_2015_07_WMA
59,Unknown 16,5,4.000000000000000,0.010000000298023,0.025869099423289,0.028898656368256,0.003029556944966,0.027399994898587,0.001427536136563,0.109599979594350,0.027416111901402,0.028854215517640,2015_07,2015,7,C:\Users\kem99059\Desktop\Zambezi\Climate\Precipitation_CHIRPS\ExtractByMsk\Precip.gdb\precip_chirps_v2_0_2015_07_WMA
60,Chidobe,6,3.000000000000000,0.007500000223517,0.035828959196806,0.038950871676207,0.003121912479401,0.037444837391376,0.001276879959286,0.112334512174129,0.037554681301117,0.038671633601189,2015_07,2015,7,C:\Users\kem99059\Desktop\Zambezi\Climate\Precipitation_CHIRPS\ExtractByMsk\Precip.gdb\precip_chirps_v2_0_2015_07_WMA
61,Jambezi,7,10.000000000000000,0.025000000745058,0.039451412856579,0.046247445046902,0.006796032190323,0.042860030382872,0.002130561332396,0.428600303828716,0.043231207877398,0.045837388932705,2015_07,2015,7,C:\Users\kem99059\Desktop\Zambezi\Climate\Precipitation_CHIRPS\ExtractByMsk\Precip.gdb\precip_chirps_v2_0_2015_07_WMA
62,Kachecheti,8,5.000000000000000,0.012500000372529,0.035959921777248,0.041699666529894,0.005739744752645,0.039246658980846,0.001911828448146,0.196233294904232,0.039674308151007,0.041108252853155,2015_07,2015,7,C:\Users\kem99059\Desktop\Zambezi\Climate\Precipitation_CHIRPS\ExtractByMsk\Precip.gdb\precip_chirps_v2_0_2015_07_WMA
63,Mabale,9,5.000000000000000,0.012500000372529,0.045107845216990,0.053573369979858,0.008465524762869,0.049129542708397,0.002927425040032,0.245647713541985,0.049544848501682,0.052344134449959,2015_07,2015,7,C:\Users\kem99059\Desktop\Zambezi\Climate\Precipitation_CHIRPS\ExtractByMsk\Precip.gdb\precip_chirps_v2_0_2015_07_WMA
64,Nekatambe,1,15.000000000000000,0.037500001117587,0.026843298226595,0.079114347696304,0.052271049469709,0.050551528731982,0.012839605768146,0.758272930979729,0.049454882740974,0.062791624665260,2015_08,2015,8,C:\Users\kem99059\Desktop\Zambezi\Climate\Precipitation_CHIRPS\ExtractByMsk\Precip.gdb\precip_chirps_v2_0_2015_08_WMA
65,Nemananga,2,7.000000000000000,0.017500000521541,0.073183357715607,0.102641396224499,0.029458038508892,0.086579357939107,0.009678498840947,0.606055505573750,0.083575963973999,0.099736702442169,2015_08,2015,8,C:\Users\kem99059\Desktop\Zambezi\Climate\Precipitation_CHIRPS\ExtractByMsk\Precip.gdb\precip_chirps_v2_0_2015_08_WMA
66,Sidinda,3,18.000000000000000,0.045000001341105,0.004417651332915,0.061755981296301,0.057338329963386,0.036548039410263,0.016691787860393,0.657864709384739,0.038751872256398,0.053809048235416,2015_08,2015,8,C:\Users\kem99059\Desktop\Zambezi\Climate\Precipitation_CHIRPS\ExtractByMsk\Precip.gdb\precip_chirps_v2_0_2015_08_WMA
67,Simangani,4,17.000000000000000,0.042500001266599,0.000000018837753,0.027032848447561,0.027032829609809,0.010274734182441,0.007239784938324,0.174670481101501,0.007468268275261,0.021519313007593,2015_08,2015,8,C:\Users\kem99059\Desktop\Zambezi\Climate\Precipitation_CHIRPS\ExtractByMsk\Precip.gdb\precip_chirps_v2_0_2015_08_WMA
68,Unknown 16,5,4.000000000000000,0.010000000298023,0.000000019460398,0.007624043151736,0.007624023691339,0.002223586824292,0.003160785262692,0.008894347297167,0.000635142342516,0.005717909731902,2015_08,2015,8,C:\Users\kem99059\Desktop\Zambezi\Climate\Precipitation_CHIRPS\ExtractByMsk\Precip.gdb\precip_chirps_v2_0_2015_08_WMA
69,Chidobe,6,3.000000000000000,0.007500000223517,0.103182904422283,0.127189874649048,0.024006970226765,0.115703299641609,0.009828029407095,0.347109898924828,0.116737119853497,0.125099323689938,2015_08,2015,8,C:\Users\kem99059\Desktop\Zambezi\Climate\Precipitation_CHIRPS\ExtractByMsk\Precip.gdb\precip_chirps_v2_0_2015_08_WMA
70,Jambezi,7,10.000000000000000,0.025000000745058,0.050965547561646,0.080243669450283,0.029278121888638,0.066045990586281,0.009851296852559,0.660459905862808,0.068373866379261,0.076779516041279,2015_08,2015,8,C:\Users\kem99059\Desktop\Zambezi\Climate\Precipitation_CHIRPS\ExtractByMsk\Precip.gdb\precip_chirps_v2_0_2015_08_WMA
71,Kachecheti,8,5.000000000000000,0.012500000372529,0.106487840414047,0.144943222403526,0.038455381989479,0.123693557083607,0.012942568841039,0.618467785418034,0.125730097293854,0.137548151612282,2015_08,2015,8,C:\Users\kem99059\Desktop\Zambezi\Climate\Precipitation_CHIRPS\ExtractByMsk\Precip.gdb\precip_chirps_v2_0_2015_08_WMA
72,Mabale,9,5.000000000000000,0.012500000372529,0.166701331734657,0.437471687793732,0.270770356059074,0.292595458030701,0.101189103952131,1.462977290153500,0.332413136959076,0.397484719753265,2015_08,2015,8,C:\Users\kem99059\Desktop\Zambezi\Climate\Precipitation_CHIRPS\ExtractByMsk\Precip.gdb\precip_chirps_v2_0_2015_08_WMA
73,Nekatambe,1,15.000000000000000,0.037500001117587,0.716204643249512,1.422396063804630,0.706191420555115,0.893184912204742,0.179002887947153,13.397773683071100,0.846104264259338,1.074220514297490,2015_09,2015,9,C:\Users\kem99059\Desktop\Zambezi\Climate\Precipitation_CHIRPS\ExtractByMsk\Precip.gdb\precip_chirps_v2_0_2015_09_WMA
74,Nemananga,2,7.000000000000000,0.017500000521541,0.965398013591766,1.195322275161740,0.229924261569977,1.083217969962530,0.075408239258125,7.582525789737700,1.064508199691770,1.180979180336000,2015_09,2015,9,C:\Users\kem99059\Desktop\Zambezi\Climate\Precipitation_CHIRPS\ExtractByMsk\Precip.gdb\precip_chirps_v2_0_2015_09_WMA
75,Sidinda,3,18.000000000000000,0.045000001341105,0.572206020355225,0.924846827983856,0.352640807628632,0.757545610268911,0.106679879534809,13.635820984840400,0.762156724929810,0.883304786682129,2015_09,2015,9,C:\Users\kem99059\Desktop\Zambezi\Climate\Precipitation_CHIRPS\ExtractByMsk\Precip.gdb\precip_chirps_v2_0_2015_09_WMA
76,Simangani,4,17.000000000000000,0.042500001266599,0.525378286838531,0.730566143989563,0.205187857151031,0.608036623281591,0.058748869317166,10.336622595787000,0.589719653129578,0.710285437107086,2015_09,2015,9,C:\Users\kem99059\Desktop\Zambezi\Climate\Precipitation_CHIRPS\ExtractByMsk\Precip.gdb\precip_chirps_v2_0_2015_09_WMA
77,Unknown 16,5,4.000000000000000,0.010000000298023,0.534493744373322,0.558423161506653,0.023929417133331,0.541839063167572,0.009655258564481,2.167356252670290,0.537219673395157,0.552297621965408,2015_09,2015,9,C:\Users\kem99059\Desktop\Zambezi\Climate\Precipitation_CHIRPS\ExtractByMsk\Precip.gdb\precip_chirps_v2_0_2015_09_WMA
78,Chidobe,6,3.000000000000000,0.007500000223517,1.092319488525390,1.450653076171880,0.358333587646484,1.273764928181970,0.146324563190649,3.821294784545900,1.278322219848630,1.416186904907230,2015_09,2015,9,C:\Users\kem99059\Desktop\Zambezi\Climate\Precipitation_CHIRPS\ExtractByMsk\Precip.gdb\precip_chirps_v2_0_2015_09_WMA
79,Jambezi,7,10.000000000000000,0.025000000745058,0.811987996101379,1.069965124130250,0.257977128028870,0.945706343650818,0.084817177714449,9.457063436508180,0.968439400196075,1.034907472133640,2015_09,2015,9,C:\Users\kem99059\Desktop\Zambezi\Climate\Precipitation_CHIRPS\ExtractByMsk\Precip.gdb\precip_chirps_v2_0_2015_09_WMA
80,Kachecheti,8,5.000000000000000,0.012500000372529,1.069774985313420,1.450573444366460,0.380798459053040,1.268960762023930,0.123096606481891,6.344803810119630,1.256367087364200,1.398081541061400,2015_09,2015,9,C:\Users\kem99059\Desktop\Zambezi\Climate\Precipitation_CHIRPS\ExtractByMsk\Precip.gdb\precip_chirps_v2_0_2015_09_WMA
81,Mabale,9,5.000000000000000,0.012500000372529,1.173894762992860,1.473564147949220,0.299669384956360,1.320442676544190,0.101686854101255,6.602213382720950,1.318554878234860,1.434640502929690,2015_09,2015,9,C:\Users\kem99059\Desktop\Zambezi\Climate\Precipitation_CHIRPS\ExtractByMsk\Precip.gdb\precip_chirps_v2_0_2015_09_WMA
82,Nekatambe,1,15.000000000000000,0.037500001117587,9.047838211059570,12.144461631774900,3.096623420715330,10.332567024231000,0.832124426712542,154.988505363464000,10.191129684448200,11.166893768310500,2015_10,2015,10,C:\Users\kem99059\Desktop\Zambezi\Climate\Precipitation_CHIRPS\ExtractByMsk\Precip.gdb\precip_chirps_v2_0_2015_10_WMA
83,Nemananga,2,7.000000000000000,0.017500000521541,9.109046936035160,10.454496383667000,1.345449447631840,9.925778797694620,0.470405111900379,69.480451583862300,9.852743148803710,10.438370513916000,2015_10,2015,10,C:\Users\kem99059\Desktop\Zambezi\Climate\Precipitation_CHIRPS\ExtractByMsk\Precip.gdb\precip_chirps_v2_0_2015_10_WMA
84,Sidinda,3,18.000000000000000,0.045000001341105,7.137806892395020,9.281689643859860,2.143882751464840,8.268441147274440,0.577832128357392,148.831940650940000,8.242207050323490,8.950653743743900,2015_10,2015,10,C:\Users\kem99059\Desktop\Zambezi\Climate\Precipitation_CHIRPS\ExtractByMsk\Precip.gdb\precip_chirps_v2_0_2015_10_WMA
85,Simangani,4,17.000000000000000,0.042500001266599,6.717892169952390,9.995550155639650,3.277657985687260,8.154953535865340,0.848501932001798,138.634210109711000,8.051803588867190,9.269427108764650,2015_10,2015,10,C:\Users\kem99059\Desktop\Zambezi\Climate\Precipitation_CHIRPS\ExtractByMsk\Precip.gdb\precip_chirps_v2_0_2015_10_WMA
86,Unknown 16,5,4.000000000000000,0.010000000298023,7.870940208435060,8.473266601562500,0.602326393127441,8.193212270736690,0.215885945808166,32.772849082946800,8.214321136474610,8.407669067382810,2015_10,2015,10,C:\Users\kem99059\Desktop\Zambezi\Climate\Precipitation_CHIRPS\ExtractByMsk\Precip.gdb\precip_chirps_v2_0_2015_10_WMA
87,Chidobe,6,3.000000000000000,0.007500000223517,10.910226821899400,12.283404350280800,1.373177528381350,11.682408968607600,0.573517109599610,35.047226905822800,11.853595733642600,12.197442626953100,2015_10,2015,10,C:\Users\kem99059\Desktop\Zambezi\Climate\Precipitation_CHIRPS\ExtractByMsk\Precip.gdb\precip_chirps_v2_0_2015_10_WMA
88,Jambezi,7,10.000000000000000,0.025000000745058,8.606848716735840,9.832373619079590,1.225524902343750,9.398150539398190,0.424528696155438,93.981505393981900,9.534613609313970,9.802788639068600,2015_10,2015,10,C:\Users\kem99059\Desktop\Zambezi\Climate\Precipitation_CHIRPS\ExtractByMsk\Precip.gdb\precip_chirps_v2_0_2015_10_WMA
89,Kachecheti,8,5.000000000000000,0.012500000372529,10.744384765625000,11.819051742553700,1.074666976928710,11.209569168090800,0.348448633203424,56.047845840454100,11.182210922241200,11.582374191284200,2015_10,2015,10,C:\Users\kem99059\Desktop\Zambezi\Climate\Precipitation_CHIRPS\ExtractByMsk\Precip.gdb\precip_chirps_v2_0_2015_10_WMA
90,Mabale,9,5.000000000000000,0.012500000372529,11.018228530883800,12.325801849365200,1.307573318481450,11.608341598510700,0.499340265908563,58.041707992553700,11.755277633667000,12.145085906982400,2015_10,2015,10,C:\Users\kem99059\Desktop\Zambezi\Climate\Precipitation_CHIRPS\ExtractByMsk\Precip.gdb\precip_chirps_v2_0_2015_10_WMA
91,Nekatambe,1,15.000000000000000,0.037500001117587,34.246490478515600,43.804191589355500,9.557701110839840,40.147419484456400,2.550526234028750,602.211292266846000,40.300666809082000,43.079209136962900,2015_11,2015,11,C:\Users\kem99059\Desktop\Zambezi\Climate\Precipitation_CHIRPS\ExtractByMsk\Precip.gdb\precip_chirps_v2_0_2015_11_WMA
92,Nemananga,2,7.000000000000000,0.017500000521541,46.675148010253900,56.047073364257800,9.371925354003910,52.249142238072000,3.034764046346380,365.743995666504000,51.871250152587900,55.813659667968800,2015_11,2015,11,C:\Users\kem99059\Desktop\Zambezi\Climate\Precipitation_CHIRPS\ExtractByMsk\Precip.gdb\precip_chirps_v2_0_2015_11_WMA
93,Sidinda,3,18.000000000000000,0.045000001341105,35.213485717773400,44.912574768066400,9.699089050292970,40.181599722968200,2.560888019406260,723.268795013428000,40.607738494873000,43.198347473144500,2015_11,2015,11,C:\Users\kem99059\Desktop\Zambezi\Climate\Precipitation_CHIRPS\ExtractByMsk\Precip.gdb\precip_chirps_v2_0_2015_11_WMA
94,Simangani,4,17.000000000000000,0.042500001266599,29.926784515380900,43.854328155517600,13.927543640136700,36.345621445599700,3.496660819613570,617.875564575195000,36.718154907226600,40.059351348877000,2015_11,2015,11,C:\Users\kem99059\Desktop\Zambezi\Climate\Precipitation_CHIRPS\ExtractByMsk\Precip.gdb\precip_chirps_v2_0_2015_11_WMA
95,Unknown 16,5,4.000000000000000,0.010000000298023,26.833042144775400,34.238735198974600,7.405693054199220,29.846258640289300,2.710903111612850,119.385034561157000,29.156628608703600,32.770818138122600,2015_11,2015,11,C:\Users\kem99059\Desktop\Zambezi\Climate\Precipitation_CHIRPS\ExtractByMsk\Precip.gdb\precip_chirps_v2_0_2015_11_WMA
96,Chidobe,6,3.000000000000000,0.007500000223517,62.435989379882800,64.032135009765600,1.596145629882810,63.177141825358100,0.656576983721376,189.531425476074000,63.063301086425800,63.838368225097700,2015_11,2015,11,C:\Users\kem99059\Desktop\Zambezi\Climate\Precipitation_CHIRPS\ExtractByMsk\Precip.gdb\precip_chirps_v2_0_2015_11_WMA
97,Jambezi,7,10.000000000000000,0.025000000745058,41.369819641113300,47.946609497070300,6.576789855957030,45.700822448730500,1.986593053021920,457.008224487305000,46.514003753662100,47.648660278320300,2015_11,2015,11,C:\Users\kem99059\Desktop\Zambezi\Climate\Precipitation_CHIRPS\ExtractByMsk\Precip.gdb\precip_chirps_v2_0_2015_11_WMA
98,Kachecheti,8,5.000000000000000,0.012500000372529,57.161148071289100,64.794403076171900,7.633255004882810,61.435529327392600,2.650726887040120,307.177646636963000,62.333889007568400,64.072163391113300,2015_11,2015,11,C:\Users\kem99059\Desktop\Zambezi\Climate\Precipitation_CHIRPS\ExtractByMsk\Precip.gdb\precip_chirps_v2_0_2015_11_WMA
99,Mabale,9,5.000000000000000,0.012500000372529,41.159042358398400,46.859310150146500,5.700267791748050,43.880205535888700,1.809822799138360,219.401027679443000,43.714210510253900,45.721787261962900,2015_11,2015,11,C:\Users\kem99059\Desktop\Zambezi\Climate\Precipitation_CHIRPS\ExtractByMsk\Precip.gdb\precip_chirps_v2_0_2015_11_WMA
100,Nekatambe,1,15.000000000000000,0.037500001117587,75.802238464355500,114.137443542480000,38.335205078125000,91.576885477701800,10.690485153499000,1373.653282165530000,91.990379333496100,104.244543457031000,2015_12,2015,12,C:\Users\kem99059\Desktop\Zambezi\Climate\Precipitation_CHIRPS\ExtractByMsk\Precip.gdb\precip_chirps_v2_0_2015_12_WMA
101,Nemananga,2,7.000000000000000,0.017500000521541,75.778884887695300,85.777206420898400,9.998321533203130,81.749158586774600,3.691671374357190,572.244110107422000,83.905906677246100,85.513589477539100,2015_12,2015,12,C:\Users\kem99059\Desktop\Zambezi\Climate\Precipitation_CHIRPS\ExtractByMsk\Precip.gdb\precip_chirps_v2_0_2015_12_WMA
102,Sidinda,3,18.000000000000000,0.045000001341105,67.523857116699200,78.680389404296900,11.156532287597700,74.375673929850300,2.905687261064660,1338.762130737300000,74.954566955566400,77.980422210693400,2015_12,2015,12,C:\Users\kem99059\Desktop\Zambezi\Climate\Precipitation_CHIRPS\ExtractByMsk\Precip.gdb\precip_chirps_v2_0_2015_12_WMA
103,Simangani,4,17.000000000000000,0.042500001266599,70.649909973144500,100.357055664063000,29.707145690918000,85.389115277458700,9.119785608770490,1451.614959716800000,87.361595153808600,94.831072998046900,2015_12,2015,12,C:\Users\kem99059\Desktop\Zambezi\Climate\Precipitation_CHIRPS\ExtractByMsk\Precip.gdb\precip_chirps_v2_0_2015_12_WMA
104,Unknown 16,5,4.000000000000000,0.010000000298023,83.347236633300800,96.562324523925800,13.215087890625000,91.333005905151400,4.916784818175520,365.332023620605000,92.711231231689500,95.690158843994100,2015_12,2015,12,C:\Users\kem99059\Desktop\Zambezi\Climate\Precipitation_CHIRPS\ExtractByMsk\Precip.gdb\precip_chirps_v2_0_2015_12_WMA
105,Chidobe,6,3.000000000000000,0.007500000223517,95.676971435546900,99.867782592773400,4.190811157226560,97.953826904296900,1.730028270824020,293.861480712891000,98.316726684570300,99.557571411132800,2015_12,2015,12,C:\Users\kem99059\Desktop\Zambezi\Climate\Precipitation_CHIRPS\ExtractByMsk\Precip.gdb\precip_chirps_v2_0_2015_12_WMA
106,Jambezi,7,10.000000000000000,0.025000000745058,76.726379394531300,86.959877014160200,10.233497619628900,81.355463409423800,3.330115695348930,813.554634094238000,80.292572021484400,85.446757507324200,2015_12,2015,12,C:\Users\kem99059\Desktop\Zambezi\Climate\Precipitation_CHIRPS\ExtractByMsk\Precip.gdb\precip_chirps_v2_0_2015_12_WMA
107,Kachecheti,8,5.000000000000000,0.012500000372529,87.398178100585900,103.149398803711000,15.751220703125000,91.620666503906300,5.875779519970380,458.103332519531000,89.233566284179700,98.125784301757800,2015_12,2015,12,C:\Users\kem99059\Desktop\Zambezi\Climate\Precipitation_CHIRPS\ExtractByMsk\Precip.gdb\precip_chirps_v2_0_2015_12_WMA
108,Mabale,9,5.000000000000000,0.012500000372529,106.376960754395000,112.039566040039000,5.662605285644530,109.111930847168000,2.240902029956740,545.559654235840000,108.225456237793000,111.808801269531000,2015_12,2015,12,C:\Users\kem99059\Desktop\Zambezi\Climate\Precipitation_CHIRPS\ExtractByMsk\Precip.gdb\precip_chirps_v2_0_2015_12_WMA
109,Nekatambe,1,15.000000000000000,0.037500001117587,104.147529602051000,118.158798217773000,14.011268615722700,110.331417846680000,4.176283486127310,1654.971267700200000,110.287124633789000,115.734669494629000,2016_01,2016,1,C:\Users\kem99059\Desktop\Zambezi\Climate\Precipitation_CHIRPS\ExtractByMsk\Precip.gdb\precip_chirps_v2_0_2016_01_WMA
110,Nemananga,2,7.000000000000000,0.017500000521541,107.619201660156000,112.647735595703000,5.028533935546880,110.755608694894000,1.627084870220540,775.289260864258000,110.930053710938000,112.334890747070000,2016_01,2016,1,C:\Users\kem99059\Desktop\Zambezi\Climate\Precipitation_CHIRPS\ExtractByMsk\Precip.gdb\precip_chirps_v2_0_2016_01_WMA
111,Sidinda,3,18.000000000000000,0.045000001341105,102.505630493164000,110.533264160156000,8.027633666992190,107.296515994602000,2.737361132169880,1931.337287902830000,108.326587677002000,110.206689453125000,2016_01,2016,1,C:\Users\kem99059\Desktop\Zambezi\Climate\Precipitation_CHIRPS\ExtractByMsk\Precip.gdb\precip_chirps_v2_0_2016_01_WMA
112,Simangani,4,17.000000000000000,0.042500001266599,93.878929138183600,108.463676452637000,14.584747314453100,101.686327765970000,3.864928259867670,1728.667572021480000,101.200912475586000,106.678179931641000,2016_01,2016,1,C:\Users\kem99059\Desktop\Zambezi\Climate\Precipitation_CHIRPS\ExtractByMsk\Precip.gdb\precip_chirps_v2_0_2016_01_WMA
113,Unknown 16,5,4.000000000000000,0.010000000298023,95.761970520019500,102.216224670410000,6.454254150390630,99.519735336303700,2.525940755113580,398.078941345215000,100.050373077393000,101.967084503174000,2016_01,2016,1,C:\Users\kem99059\Desktop\Zambezi\Climate\Precipitation_CHIRPS\ExtractByMsk\Precip.gdb\precip_chirps_v2_0_2016_01_WMA
114,Chidobe,6,3.000000000000000,0.007500000223517,111.258781433105000,116.939491271973000,5.680709838867190,114.436836242676000,2.367803442820040,343.310508728027000,115.112236022949000,116.574040222168000,2016_01,2016,1,C:\Users\kem99059\Desktop\Zambezi\Climate\Precipitation_CHIRPS\ExtractByMsk\Precip.gdb\precip_chirps_v2_0_2016_01_WMA
115,Jambezi,7,10.000000000000000,0.025000000745058,106.820861816406000,112.831924438477000,6.011062622070310,109.702046966553000,1.836789669963560,1097.020469665530000,109.984741210938000,111.461585998535000,2016_01,2016,1,C:\Users\kem99059\Desktop\Zambezi\Climate\Precipitation_CHIRPS\ExtractByMsk\Precip.gdb\precip_chirps_v2_0_2016_01_WMA
116,Kachecheti,8,5.000000000000000,0.012500000372529,112.197853088379000,119.677848815918000,7.479995727539060,115.675421142578000,2.390182498236300,578.377105712891000,115.534347534180000,118.169450378418000,2016_01,2016,1,C:\Users\kem99059\Desktop\Zambezi\Climate\Precipitation_CHIRPS\ExtractByMsk\Precip.gdb\precip_chirps_v2_0_2016_01_WMA
117,Mabale,9,5.000000000000000,0.012500000372529,116.032592773438000,123.789672851563000,7.757080078125000,119.801879882813000,2.594509303380050,599.009399414063000,119.691741943359000,122.704248046875000,2016_01,2016,1,C:\Users\kem99059\Desktop\Zambezi\Climate\Precipitation_CHIRPS\ExtractByMsk\Precip.gdb\precip_chirps_v2_0_2016_01_WMA
118,Nekatambe,1,15.000000000000000,0.037500001117587,176.422500610352000,213.378570556641000,36.956069946289100,199.990051269531000,11.138525880249700,2999.850769042970000,202.171783447266000,212.722540283203000,2016_02,2016,2,C:\Users\kem99059\Desktop\Zambezi\Climate\Precipitation_CHIRPS\ExtractByMsk\Precip.gdb\precip_chirps_v2_0_2016_02_WMA
119,Nemananga,2,7.000000000000000,0.017500000521541,179.938354492188000,200.529861450195000,20.591506958007800,191.112346104213000,5.801165316885430,1337.786422729490000,191.388473510742000,197.120062255859000,2016_02,2016,2,C:\Users\kem99059\Desktop\Zambezi\Climate\Precipitation_CHIRPS\ExtractByMsk\Precip.gdb\precip_chirps_v2_0_2016_02_WMA
120,Sidinda,3,18.000000000000000,0.045000001341105,179.741638183594000,206.889450073242000,27.147811889648400,192.907336764865000,7.888373862526920,3472.332061767580000,194.697563171387000,201.479757690430000,2016_02,2016,2,C:\Users\kem99059\Desktop\Zambezi\Climate\Precipitation_CHIRPS\ExtractByMsk\Precip.gdb\precip_chirps_v2_0_2016_02_WMA
121,Simangani,4,17.000000000000000,0.042500001266599,169.769790649414000,198.904785156250000,29.134994506835900,179.511022231158000,6.421619853783700,3051.687377929690000,178.544113159180000,185.722399902344000,2016_02,2016,2,C:\Users\kem99059\Desktop\Zambezi\Climate\Precipitation_CHIRPS\ExtractByMsk\Precip.gdb\precip_chirps_v2_0_2016_02_WMA
122,Unknown 16,5,4.000000000000000,0.010000000298023,160.361145019531000,177.375411987305000,17.014266967773400,169.214103698730000,6.210320446812160,676.856414794922000,169.559928894043000,175.668974304199000,2016_02,2016,2,C:\Users\kem99059\Desktop\Zambezi\Climate\Precipitation_CHIRPS\ExtractByMsk\Precip.gdb\precip_chirps_v2_0_2016_02_WMA
123,Chidobe,6,3.000000000000000,0.007500000223517,159.563171386719000,164.004638671875000,4.441467285156250,162.435821533203000,2.034149010515920,487.307464599609000,163.739654541016000,163.951641845703000,2016_02,2016,2,C:\Users\kem99059\Desktop\Zambezi\Climate\Precipitation_CHIRPS\ExtractByMsk\Precip.gdb\precip_chirps_v2_0_2016_02_WMA
124,Jambezi,7,10.000000000000000,0.025000000745058,182.128646850586000,202.789901733398000,20.661254882812500,195.932623291016000,6.624902739210850,1959.326232910160000,197.292778015137000,202.605207824707000,2016_02,2016,2,C:\Users\kem99059\Desktop\Zambezi\Climate\Precipitation_CHIRPS\ExtractByMsk\Precip.gdb\precip_chirps_v2_0_2016_02_WMA
125,Kachecheti,8,5.000000000000000,0.012500000372529,167.693771362305000,177.398147583008000,9.704376220703130,172.746545410156000,3.738700361579740,863.732727050781000,171.253417968750000,177.139407348633000,2016_02,2016,2,C:\Users\kem99059\Desktop\Zambezi\Climate\Precipitation_CHIRPS\ExtractByMsk\Precip.gdb\precip_chirps_v2_0_2016_02_WMA
126,Mabale,9,5.000000000000000,0.012500000372529,224.654846191406000,235.282608032227000,10.627761840820300,232.016015625000000,3.814420102072210,1160.080078125000000,232.902282714844000,235.013558959961000,2016_02,2016,2,C:\Users\kem99059\Desktop\Zambezi\Climate\Precipitation_CHIRPS\ExtractByMsk\Precip.gdb\precip_chirps_v2_0_2016_02_WMA
127,Nekatambe,1,15.000000000000000,0.037500001117587,101.911529541016000,120.811782836914000,18.900253295898400,111.155985514323000,4.822447332738120,1667.339782714840000,110.830459594727000,118.836004638672000,2016_03,2016,3,C:\Users\kem99059\Desktop\Zambezi\Climate\Precipitation_CHIRPS\ExtractByMsk\Precip.gdb\precip_chirps_v2_0_2016_03_WMA
128,Nemananga,2,7.000000000000000,0.017500000521541,135.511734008789000,146.846282958984000,11.334548950195300,142.732541765486000,4.062744016358660,999.127792358399000,144.417266845703000,146.799719238281000,2016_03,2016,3,C:\Users\kem99059\Desktop\Zambezi\Climate\Precipitation_CHIRPS\ExtractByMsk\Precip.gdb\precip_chirps_v2_0_2016_03_WMA
129,Sidinda,3,18.000000000000000,0.045000001341105,110.385765075684000,128.824722290039000,18.438957214355500,119.611057281494000,5.679701008702010,2152.999031066890000,117.782882690430000,127.749540710449000,2016_03,2016,3,C:\Users\kem99059\Desktop\Zambezi\Climate\Precipitation_CHIRPS\ExtractByMsk\Precip.gdb\precip_chirps_v2_0_2016_03_WMA
130,Simangani,4,17.000000000000000,0.042500001266599,104.454467773438000,118.587280273438000,14.132812500000000,113.332497091854000,3.684023482768860,1926.652450561520000,114.390640258789000,116.880615234375000,2016_03,2016,3,C:\Users\kem99059\Desktop\Zambezi\Climate\Precipitation_CHIRPS\ExtractByMsk\Precip.gdb\precip_chirps_v2_0_2016_03_WMA
131,Unknown 16,5,4.000000000000000,0.010000000298023,115.970382690430000,117.900947570801000,1.930564880371090,116.701150894165000,0.724496641263098,466.804603576660000,116.466636657715000,117.497531890869000,2016_03,2016,3,C:\Users\kem99059\Desktop\Zambezi\Climate\Precipitation_CHIRPS\ExtractByMsk\Precip.gdb\precip_chirps_v2_0_2016_03_WMA
132,Chidobe,6,3.000000000000000,0.007500000223517,146.103332519531000,153.937042236328000,7.833709716796880,149.936950683594000,3.200264262381190,449.810852050781000,149.770477294922000,153.103729248047000,2016_03,2016,3,C:\Users\kem99059\Desktop\Zambezi\Climate\Precipitation_CHIRPS\ExtractByMsk\Precip.gdb\precip_chirps_v2_0_2016_03_WMA
133,Jambezi,7,10.000000000000000,0.025000000745058,130.595489501953000,145.212738037109000,14.617248535156300,136.176197814941000,5.201581329923000,1361.761978149410000,134.224357604980000,144.848376464844000,2016_03,2016,3,C:\Users\kem99059\Desktop\Zambezi\Climate\Precipitation_CHIRPS\ExtractByMsk\Precip.gdb\precip_chirps_v2_0_2016_03_WMA
134,Kachecheti,8,5.000000000000000,0.012500000372529,145.582046508789000,153.250732421875000,7.668685913085940,150.970379638672000,2.744072223221480,754.851898193359000,152.019638061523000,152.875366210938000,2016_03,2016,3,C:\Users\kem99059\Desktop\Zambezi\Climate\Precipitation_CHIRPS\ExtractByMsk\Precip.gdb\precip_chirps_v2_0_2016_03_WMA
135,Mabale,9,5.000000000000000,0.012500000372529,106.837020874023000,115.519042968750000,8.682022094726560,111.291711425781000,3.383095529134830,556.458557128906000,113.050376892090000,114.626266479492000,2016_03,2016,3,C:\Users\kem99059\Desktop\Zambezi\Climate\Precipitation_CHIRPS\ExtractByMsk\Precip.gdb\precip_chirps_v2_0_2016_03_WMA
136,Nekatambe,1,15.000000000000000,0.037500001117587,5.025936126708980,9.088302612304690,4.062366485595700,6.947985458374020,1.203771042924980,104.219781875610000,6.983340263366700,8.510081672668460,2016_04,2016,4,C:\Users\kem99059\Desktop\Zambezi\Climate\Precipitation_CHIRPS\ExtractByMsk\Precip.gdb\precip_chirps_v2_0_2016_04_WMA
137,Nemananga,2,7.000000000000000,0.017500000521541,6.089790821075440,6.746989250183110,0.657198429107666,6.540428706577850,0.202299036600938,45.783000946044900,6.568311214447020,6.705509567260740,2016_04,2016,4,C:\Users\kem99059\Desktop\Zambezi\Climate\Precipitation_CHIRPS\ExtractByMsk\Precip.gdb\precip_chirps_v2_0_2016_04_WMA
138,Sidinda,3,18.000000000000000,0.045000001341105,5.114549160003660,6.366291046142580,1.251741886138920,5.535810497072010,0.283250608527389,99.644588947296100,5.536288738250730,5.758555030822750,2016_04,2016,4,C:\Users\kem99059\Desktop\Zambezi\Climate\Precipitation_CHIRPS\ExtractByMsk\Precip.gdb\precip_chirps_v2_0_2016_04_WMA
139,Simangani,4,17.000000000000000,0.042500001266599,5.004615783691410,8.880675315856930,3.876059532165530,6.769280489753280,1.046207639067050,115.077768325806000,6.655044555664060,8.130984973907470,2016_04,2016,4,C:\Users\kem99059\Desktop\Zambezi\Climate\Precipitation_CHIRPS\ExtractByMsk\Precip.gdb\precip_chirps_v2_0_2016_04_WMA
140,Unknown 16,5,4.000000000000000,0.010000000298023,7.046791553497310,9.042225837707520,1.995434284210210,8.134715080261230,0.746997338150947,32.538860321044900,8.224921464920040,8.893919277191160,2016_04,2016,4,C:\Users\kem99059\Desktop\Zambezi\Climate\Precipitation_CHIRPS\ExtractByMsk\Precip.gdb\precip_chirps_v2_0_2016_04_WMA
141,Chidobe,6,3.000000000000000,0.007500000223517,7.015206336975100,7.362821578979490,0.347615242004395,7.219876925150550,0.148473695418092,21.659630775451700,7.281602859497070,7.346577835083010,2016_04,2016,4,C:\Users\kem99059\Desktop\Zambezi\Climate\Precipitation_CHIRPS\ExtractByMsk\Precip.gdb\precip_chirps_v2_0_2016_04_WMA
142,Jambezi,7,10.000000000000000,0.025000000745058,5.440495491027830,6.352459907531740,0.911964416503906,5.988812732696530,0.229618658393989,59.888127326965300,6.004414081573490,6.193330669403080,2016_04,2016,4,C:\Users\kem99059\Desktop\Zambezi\Climate\Precipitation_CHIRPS\ExtractByMsk\Precip.gdb\precip_chirps_v2_0_2016_04_WMA
143,Kachecheti,8,5.000000000000000,0.012500000372529,6.860534667968750,7.409072875976560,0.548538208007812,7.138819026947020,0.207007555238446,35.694095134735100,7.166191101074220,7.368008613586430,2016_04,2016,4,C:\Users\kem99059\Desktop\Zambezi\Climate\Precipitation_CHIRPS\ExtractByMsk\Precip.gdb\precip_chirps_v2_0_2016_04_WMA
144,Mabale,9,5.000000000000000,0.012500000372529,8.883710861206060,10.176712036132800,1.293001174926760,9.622415924072270,0.427118483497180,48.112079620361300,9.633722305297850,10.049018859863300,2016_04,2016,4,C:\Users\kem99059\Desktop\Zambezi\Climate\Precipitation_CHIRPS\ExtractByMsk\Precip.gdb\precip_chirps_v2_0_2016_04_WMA
145,Nekatambe,1,15.000000000000000,0.037500001117587,1.040419936180120,1.489353656768800,0.448933720588684,1.236450568834940,0.130339409246111,18.546758532524100,1.276929855346680,1.359758520126340,2016_05,2016,5,C:\Users\kem99059\Desktop\Zambezi\Climate\Precipitation_CHIRPS\ExtractByMsk\Precip.gdb\precip_chirps_v2_0_2016_05_WMA
146,Nemananga,2,7.000000000000000,0.017500000521541,1.341033935546880,1.496695995330810,0.155662059783936,1.425341980797900,0.056168341781293,9.977393865585330,1.451232671737670,1.476081180572510,2016_05,2016,5,C:\Users\kem99059\Desktop\Zambezi\Climate\Precipitation_CHIRPS\ExtractByMsk\Precip.gdb\precip_chirps_v2_0_2016_05_WMA
147,Sidinda,3,18.000000000000000,0.045000001341105,0.734915137290955,1.145398616790770,0.410483479499817,0.913270741701126,0.125984296023828,16.438873350620300,0.946158826351166,1.043042111396790,2016_05,2016,5,C:\Users\kem99059\Desktop\Zambezi\Climate\Precipitation_CHIRPS\ExtractByMsk\Precip.gdb\precip_chirps_v2_0_2016_05_WMA
148,Simangani,4,17.000000000000000,0.042500001266599,0.613155126571655,0.784719347953796,0.171564221382141,0.721341711633346,0.049080315407011,12.262809097766900,0.731754064559937,0.783996009826660,2016_05,2016,5,C:\Users\kem99059\Desktop\Zambezi\Climate\Precipitation_CHIRPS\ExtractByMsk\Precip.gdb\precip_chirps_v2_0_2016_05_WMA
149,Unknown 16,5,4.000000000000000,0.010000000298023,0.648046553134918,1.201421737670900,0.553375184535980,0.803087338805199,0.230618122660113,3.212349355220800,0.681440532207489,1.049851965904240,2016_05,2016,5,C:\Users\kem99059\Desktop\Zambezi\Climate\Precipitation_CHIRPS\ExtractByMsk\Precip.gdb\precip_chirps_v2_0_2016_05_WMA
150,Chidobe,6,3.000000000000000,0.007500000223517,1.249727129936220,1.531097292900090,0.281370162963867,1.395455757776900,0.115090121879035,4.186367273330690,1.405542850494390,1.505986404418950,2016_05,2016,5,C:\Users\kem99059\Desktop\Zambezi\Climate\Precipitation_CHIRPS\ExtractByMsk\Precip.gdb\precip_chirps_v2_0_2016_05_WMA
151,Jambezi,7,10.000000000000000,0.025000000745058,1.079643368721010,1.340450763702390,0.260807394981384,1.210852038860320,0.083813949594914,12.108520388603200,1.197318792343140,1.315894174575810,2016_05,2016,5,C:\Users\kem99059\Desktop\Zambezi\Climate\Precipitation_CHIRPS\ExtractByMsk\Precip.gdb\precip_chirps_v2_0_2016_05_WMA
152,Kachecheti,8,5.000000000000000,0.012500000372529,1.196359157562260,1.530776739120480,0.334417581558228,1.347195863723760,0.113671354856487,6.735979318618770,1.342130064964290,1.476698112487790,2016_05,2016,5,C:\Users\kem99059\Desktop\Zambezi\Climate\Precipitation_CHIRPS\ExtractByMsk\Precip.gdb\precip_chirps_v2_0_2016_05_WMA
153,Mabale,9,5.000000000000000,0.012500000372529,1.752028226852420,1.773727416992190,0.021699190139771,1.761049222946170,0.010341982191555,8.805246114730840,1.752962350845340,1.773713016510010,2016_05,2016,5,C:\Users\kem99059\Desktop\Zambezi\Climate\Precipitation_CHIRPS\ExtractByMsk\Precip.gdb\precip_chirps_v2_0_2016_05_WMA
154,Nekatambe,1,15.000000000000000,0.037500001117587,0.459100186824799,0.760528564453125,0.301428377628326,0.590250015258789,0.089042222694141,8.853750228881840,0.582211017608643,0.716269588470459,2016_06,2016,6,C:\Users\kem99059\Desktop\Zambezi\Climate\Precipitation_CHIRPS\ExtractByMsk\Precip.gdb\precip_chirps_v2_0_2016_06_WMA
155,Nemananga,2,7.000000000000000,0.017500000521541,0.535939812660217,0.576716125011444,0.040776312351227,0.562549114227295,0.012017105989752,3.937843799591060,0.566122293472290,0.572486174106598,2016_06,2016,6,C:\Users\kem99059\Desktop\Zambezi\Climate\Precipitation_CHIRPS\ExtractByMsk\Precip.gdb\precip_chirps_v2_0_2016_06_WMA
156,Sidinda,3,18.000000000000000,0.045000001341105,0.434708595275879,0.656843185424805,0.222134590148926,0.536284594072236,0.062833193703128,9.653122693300250,0.527757465839386,0.624468231201172,2016_06,2016,6,C:\Users\kem99059\Desktop\Zambezi\Climate\Precipitation_CHIRPS\ExtractByMsk\Precip.gdb\precip_chirps_v2_0_2016_06_WMA
157,Simangani,4,17.000000000000000,0.042500001266599,0.401864409446716,0.459068000316620,0.057203590869904,0.434019116794362,0.017074778070615,7.378324985504150,0.434971600770950,0.456186139583588,2016_06,2016,6,C:\Users\kem99059\Desktop\Zambezi\Climate\Precipitation_CHIRPS\ExtractByMsk\Precip.gdb\precip_chirps_v2_0_2016_06_WMA
158,Unknown 16,5,4.000000000000000,0.010000000298023,0.375660657882690,0.464679539203644,0.089018881320953,0.424086019396782,0.034668289461952,1.696344077587130,0.428001940250397,0.459616118669510,2016_06,2016,6,C:\Users\kem99059\Desktop\Zambezi\Climate\Precipitation_CHIRPS\ExtractByMsk\Precip.gdb\precip_chirps_v2_0_2016_06_WMA
159,Chidobe,6,3.000000000000000,0.007500000223517,0.464097023010254,0.489356696605682,0.025259673595428,0.474380334218343,0.010833015110153,1.423141002655030,0.469687283039093,0.485422813892365,2016_06,2016,6,C:\Users\kem99059\Desktop\Zambezi\Climate\Precipitation_CHIRPS\ExtractByMsk\Precip.gdb\precip_chirps_v2_0_2016_06_WMA
160,Jambezi,7,10.000000000000000,0.025000000745058,0.528552532196045,0.595667839050293,0.067115306854248,0.570086294412613,0.018581693042963,5.700862944126130,0.574688404798508,0.590891361236572,2016_06,2016,6,C:\Users\kem99059\Desktop\Zambezi\Climate\Precipitation_CHIRPS\ExtractByMsk\Precip.gdb\precip_chirps_v2_0_2016_06_WMA
161,Kachecheti,8,5.000000000000000,0.012500000372529,0.474696755409241,0.522578060626984,0.047881305217743,0.501961064338684,0.015577512917116,2.509805321693420,0.502748370170593,0.516975724697113,2016_06,2016,6,C:\Users\kem99059\Desktop\Zambezi\Climate\Precipitation_CHIRPS\ExtractByMsk\Precip.gdb\precip_chirps_v2_0_2016_06_WMA
162,Mabale,9,5.000000000000000,0.012500000372529,0.721420168876648,0.832707107067108,0.111286938190460,0.785583531856537,0.040575961539531,3.927917659282680,0.787292242050171,0.828837025165558,2016_06,2016,6,C:\Users\kem99059\Desktop\Zambezi\Climate\Precipitation_CHIRPS\ExtractByMsk\Precip.gdb\precip_chirps_v2_0_2016_06_WMA
163,Nekatambe,1,15.000000000000000,0.037500001117587,0.031261987984180,0.054920047521591,0.023658059537411,0.041848361243804,0.006447255554741,0.627725418657064,0.040748633444309,0.051109661906958,2016_07,2016,7,C:\Users\kem99059\Desktop\Zambezi\Climate\Precipitation_CHIRPS\ExtractByMsk\Precip.gdb\precip_chirps_v2_0_2016_07_WMA
164,Nemananga,2,7.000000000000000,0.017500000521541,0.041613724082708,0.045168906450272,0.003555182367563,0.043084867298603,0.001140702346313,0.301594071090221,0.042784269899130,0.044670491665602,2016_07,2016,7,C:\Users\kem99059\Desktop\Zambezi\Climate\Precipitation_CHIRPS\ExtractByMsk\Precip.gdb\precip_chirps_v2_0_2016_07_WMA
165,Sidinda,3,18.000000000000000,0.045000001341105,0.031747959554195,0.047038216143847,0.015290256589651,0.040431891257564,0.004658725038473,0.727774042636156,0.040492091327906,0.045759456604719,2016_07,2016,7,C:\Users\kem99059\Desktop\Zambezi\Climate\Precipitation_CHIRPS\ExtractByMsk\Precip.gdb\precip_chirps_v2_0_2016_07_WMA
166,Simangani,4,17.000000000000000,0.042500001266599,0.026764066889882,0.036321479827166,0.009557412937284,0.030769676956184,0.002493245219458,0.523084508255124,0.030146270990372,0.034058355540037,2016_07,2016,7,C:\Users\kem99059\Desktop\Zambezi\Climate\Precipitation_CHIRPS\ExtractByMsk\Precip.gdb\precip_chirps_v2_0_2016_07_WMA
167,Unknown 16,5,4.000000000000000,0.010000000298023,0.026601731777191,0.029713582247496,0.003111850470304,0.028188081458211,0.001451859944183,0.112752325832844,0.028218505904078,0.029666772671044,2016_07,2016,7,C:\Users\kem99059\Desktop\Zambezi\Climate\Precipitation_CHIRPS\ExtractByMsk\Precip.gdb\precip_chirps_v2_0_2016_07_WMA
168,Chidobe,6,3.000000000000000,0.007500000223517,0.036923870444298,0.040032185614109,0.003108315169811,0.038507100194693,0.001269630227307,0.115521300584078,0.038565244525671,0.039738797396421,2016_07,2016,7,C:\Users\kem99059\Desktop\Zambezi\Climate\Precipitation_CHIRPS\ExtractByMsk\Precip.gdb\precip_chirps_v2_0_2016_07_WMA
169,Jambezi,7,10.000000000000000,0.025000000745058,0.040771085768938,0.047809354960918,0.007038269191980,0.044073050841689,0.002181784877711,0.440730508416891,0.044350411742926,0.047006603330374,2016_07,2016,7,C:\Users\kem99059\Desktop\Zambezi\Climate\Precipitation_CHIRPS\ExtractByMsk\Precip.gdb\precip_chirps_v2_0_2016_07_WMA
170,Kachecheti,8,5.000000000000000,0.012500000372529,0.037083718925714,0.042898610234261,0.005814891308546,0.040463003516197,0.001927628908205,0.202315017580986,0.040944706648588,0.042283336818218,2016_07,2016,7,C:\Users\kem99059\Desktop\Zambezi\Climate\Precipitation_CHIRPS\ExtractByMsk\Precip.gdb\precip_chirps_v2_0_2016_07_WMA
171,Mabale,9,5.000000000000000,0.012500000372529,0.045676901936531,0.054287265986204,0.008610364049673,0.049729534238577,0.002968701522174,0.248647671192884,0.050097215920687,0.053002534061670,2016_07,2016,7,C:\Users\kem99059\Desktop\Zambezi\Climate\Precipitation_CHIRPS\ExtractByMsk\Precip.gdb\precip_chirps_v2_0_2016_07_WMA
172,Nekatambe,1,15.000000000000000,0.037500001117587,0.026802524924278,0.079077556729317,0.052275031805038,0.050519932061434,0.012831962024858,0.757798980921507,0.049472641199827,0.062757694721222,2016_08,2016,8,C:\Users\kem99059\Desktop\Zambezi\Climate\Precipitation_CHIRPS\ExtractByMsk\Precip.gdb\precip_chirps_v2_0_2016_08_WMA
173,Nemananga,2,7.000000000000000,0.017500000521541,0.073251053690910,0.102835759520531,0.029584705829620,0.086658531001636,0.009719213739252,0.606609717011452,0.083690598607063,0.099872499704361,2016_08,2016,8,C:\Users\kem99059\Desktop\Zambezi\Climate\Precipitation_CHIRPS\ExtractByMsk\Precip.gdb\precip_chirps_v2_0_2016_08_WMA
174,Sidinda,3,18.000000000000000,0.045000001341105,0.004402674734592,0.061547275632620,0.057144600898027,0.036458853735692,0.016652740093094,0.656259367242456,0.038636256009340,0.053686559945345,2016_08,2016,8,C:\Users\kem99059\Desktop\Zambezi\Climate\Precipitation_CHIRPS\ExtractByMsk\Precip.gdb\precip_chirps_v2_0_2016_08_WMA
175,Simangani,4,17.000000000000000,0.042500001266599,0.000000018762647,0.026966961100698,0.026966942338051,0.010246845846790,0.007222731238738,0.174196379395424,0.007456186227500,0.021463630720973,2016_08,2016,8,C:\Users\kem99059\Desktop\Zambezi\Climate\Precipitation_CHIRPS\ExtractByMsk\Precip.gdb\precip_chirps_v2_0_2016_08_WMA
176,Unknown 16,5,4.000000000000000,0.010000000298023,0.000000019368356,0.007589578162879,0.007589558794523,0.002213712371700,0.003146443229603,0.008854849486799,0.000632625977782,0.005692274449393,2016_08,2016,8,C:\Users\kem99059\Desktop\Zambezi\Climate\Precipitation_CHIRPS\ExtractByMsk\Precip.gdb\precip_chirps_v2_0_2016_08_WMA
177,Chidobe,6,3.000000000000000,0.007500000223517,0.103701062500477,0.127909943461418,0.024208880960941,0.116329525907834,0.009910979750726,0.348988577723503,0.117377571761608,0.125803469121456,2016_08,2016,8,C:\Users\kem99059\Desktop\Zambezi\Climate\Precipitation_CHIRPS\ExtractByMsk\Precip.gdb\precip_chirps_v2_0_2016_08_WMA
178,Jambezi,7,10.000000000000000,0.025000000745058,0.050913408398628,0.080171599984169,0.029258191585541,0.065976689755917,0.009848898618063,0.659766897559166,0.068268056958914,0.076651857793331,2016_08,2016,8,C:\Users\kem99059\Desktop\Zambezi\Climate\Precipitation_CHIRPS\ExtractByMsk\Precip.gdb\precip_chirps_v2_0_2016_08_WMA
179,Kachecheti,8,5.000000000000000,0.012500000372529,0.106885023415089,0.145727738738060,0.038842715322971,0.124249500036240,0.013095743198546,0.621247500181198,0.126326590776443,0.138284483551979,2016_08,2016,8,C:\Users\kem99059\Desktop\Zambezi\Climate\Precipitation_CHIRPS\ExtractByMsk\Precip.gdb\precip_chirps_v2_0_2016_08_WMA
180,Mabale,9,5.000000000000000,0.012500000372529,0.166506215929985,0.436064839363098,0.269558623433113,0.291925248503685,0.100773455584155,1.459626242518430,0.331742823123932,0.396327710151672,2016_08,2016,8,C:\Users\kem99059\Desktop\Zambezi\Climate\Precipitation_CHIRPS\ExtractByMsk\Precip.gdb\precip_chirps_v2_0_2016_08_WMA
181,Nekatambe,1,15.000000000000000,0.037500001117587,0.707647204399109,1.124674558639530,0.417027354240417,0.861208514372508,0.117244670339839,12.918127715587600,0.844764113426208,0.996005535125732,2016_09,2016,9,C:\Users\kem99059\Desktop\Zambezi\Climate\Precipitation_CHIRPS\ExtractByMsk\Precip.gdb\precip_chirps_v2_0_2016_09_WMA
182,Nemananga,2,7.000000000000000,0.017500000521541,0.924116432666779,1.137221336364750,0.213104903697968,1.027175835200720,0.072357683148081,7.190230846405030,1.026977658271790,1.118930387496950,2016_09,2016,9,C:\Users\kem99059\Desktop\Zambezi\Climate\Precipitation_CHIRPS\ExtractByMsk\Precip.gdb\precip_chirps_v2_0_2016_09_WMA
183,Sidinda,3,18.000000000000000,0.045000001341105,0.547215700149536,0.860562145709991,0.313346445560455,0.710946718851725,0.098624718258394,12.797040939331100,0.711340516805649,0.830085486173630,2016_09,2016,9,C:\Users\kem99059\Desktop\Zambezi\Climate\Precipitation_CHIRPS\ExtractByMsk\Precip.gdb\precip_chirps_v2_0_2016_09_WMA
184,Simangani,4,17.000000000000000,0.042500001266599,0.506329655647278,0.715438425540924,0.209108769893646,0.584172192741843,0.062474792007779,9.930927276611330,0.562254309654236,0.695474517345428,2016_09,2016,9,C:\Users\kem99059\Desktop\Zambezi\Climate\Precipitation_CHIRPS\ExtractByMsk\Precip.gdb\precip_chirps_v2_0_2016_09_WMA
185,Unknown 16,5,4.000000000000000,0.010000000298023,0.509760499000549,0.534964442253113,0.025203943252563,0.517198830842972,0.010339870079596,2.068795323371890,0.512035191059113,0.528475642204285,2016_09,2016,9,C:\Users\kem99059\Desktop\Zambezi\Climate\Precipitation_CHIRPS\ExtractByMsk\Precip.gdb\precip_chirps_v2_0_2016_09_WMA
186,Chidobe,6,3.000000000000000,0.007500000223517,1.046890854835510,1.401104807853700,0.354213953018188,1.224814732869470,0.144611855467194,3.674444198608400,1.226448535919190,1.366173553466800,2016_09,2016,9,C:\Users\kem99059\Desktop\Zambezi\Climate\Precipitation_CHIRPS\ExtractByMsk\Precip.gdb\precip_chirps_v2_0_2016_09_WMA
187,Jambezi,7,10.000000000000000,0.025000000745058,0.754527807235718,0.999994397163391,0.245466589927673,0.886610966920853,0.082889177189593,8.866109669208530,0.912307500839233,0.966273236274719,2016_09,2016,9,C:\Users\kem99059\Desktop\Zambezi\Climate\Precipitation_CHIRPS\ExtractByMsk\Precip.gdb\precip_chirps_v2_0_2016_09_WMA
188,Kachecheti,8,5.000000000000000,0.012500000372529,1.020231366157530,1.411909103393560,0.391677737236023,1.222827196121220,0.127728848064639,6.114135980606080,1.219722986221310,1.358842706680300,2016_09,2016,9,C:\Users\kem99059\Desktop\Zambezi\Climate\Precipitation_CHIRPS\ExtractByMsk\Precip.gdb\precip_chirps_v2_0_2016_09_WMA
189,Mabale,9,5.000000000000000,0.012500000372529,1.236006259918210,1.561644434928890,0.325638175010681,1.388390350341800,0.109720335703776,6.941951751708980,1.381840825080870,1.512818694114690,2016_09,2016,9,C:\Users\kem99059\Desktop\Zambezi\Climate\Precipitation_CHIRPS\ExtractByMsk\Precip.gdb\precip_chirps_v2_0_2016_09_WMA
190,Nekatambe,1,15.000000000000000,0.037500001117587,5.152741432189940,8.679361343383790,3.526619911193850,6.869043699900310,0.964735322095656,103.035655498505000,7.021724700927730,8.121543502807620,2016_10,2016,10,C:\Users\kem99059\Desktop\Zambezi\Climate\Precipitation_CHIRPS\ExtractByMsk\Precip.gdb\precip_chirps_v2_0_2016_10_WMA
191,Nemananga,2,7.000000000000000,0.017500000521541,3.472661495208740,4.175354480743410,0.702692985534668,3.883762802396500,0.217487832616503,27.186339616775500,3.952656269073490,4.081233978271480,2016_10,2016,10,C:\Users\kem99059\Desktop\Zambezi\Climate\Precipitation_CHIRPS\ExtractByMsk\Precip.gdb\precip_chirps_v2_0_2016_10_WMA
192,Sidinda,3,18.000000000000000,0.045000001341105,2.530379772186280,4.180920600891110,1.650540828704830,3.344390908877060,0.354856863708717,60.199036359787000,3.358800053596500,3.661166405677800,2016_10,2016,10,C:\Users\kem99059\Desktop\Zambezi\Climate\Precipitation_CHIRPS\ExtractByMsk\Precip.gdb\precip_chirps_v2_0_2016_10_WMA
193,Simangani,4,17.000000000000000,0.042500001266599,2.764907360076900,4.335175037384030,1.570267677307130,3.699322391958800,0.413157295015055,62.888480663299600,3.715384006500240,4.200222778320310,2016_10,2016,10,C:\Users\kem99059\Desktop\Zambezi\Climate\Precipitation_CHIRPS\ExtractByMsk\Precip.gdb\precip_chirps_v2_0_2016_10_WMA
194,Unknown 16,5,4.000000000000000,0.010000000298023,3.127616882324220,3.870640039443970,0.743023157119751,3.532029509544370,0.269619118737401,14.128118038177500,3.564930558204650,3.800567007064820,2016_10,2016,10,C:\Users\kem99059\Desktop\Zambezi\Climate\Precipitation_CHIRPS\ExtractByMsk\Precip.gdb\precip_chirps_v2_0_2016_10_WMA
195,Chidobe,6,3.000000000000000,0.007500000223517,5.134749889373780,6.010617733001710,0.875867843627930,5.568860054016110,0.357612437546648,16.706580162048300,5.561212539672850,5.920736694335940,2016_10,2016,10,C:\Users\kem99059\Desktop\Zambezi\Climate\Precipitation_CHIRPS\ExtractByMsk\Precip.gdb\precip_chirps_v2_0_2016_10_WMA
196,Jambezi,7,10.000000000000000,0.025000000745058,2.235398769378660,3.610526561737060,1.375127792358400,3.190185689926150,0.451398143447873,31.901856899261500,3.441201448440550,3.609322571754460,2016_10,2016,10,C:\Users\kem99059\Desktop\Zambezi\Climate\Precipitation_CHIRPS\ExtractByMsk\Precip.gdb\precip_chirps_v2_0_2016_10_WMA
197,Kachecheti,8,5.000000000000000,0.012500000372529,4.386917114257810,5.639526367187500,1.252609252929690,4.981182193756100,0.502079994014014,24.905910968780500,5.011233329772950,5.550964355468750,2016_10,2016,10,C:\Users\kem99059\Desktop\Zambezi\Climate\Precipitation_CHIRPS\ExtractByMsk\Precip.gdb\precip_chirps_v2_0_2016_10_WMA
198,Mabale,9,5.000000000000000,0.012500000372529,7.961921691894530,9.162290573120120,1.200368881225590,8.669918632507320,0.558530495862697,43.349593162536600,9.074006080627440,9.153046035766600,2016_10,2016,10,C:\Users\kem99059\Desktop\Zambezi\Climate\Precipitation_CHIRPS\ExtractByMsk\Precip.gdb\precip_chirps_v2_0_2016_10_WMA
199,Nekatambe,1,15.000000000000000,0.037500001117587,51.458816528320300,76.912132263183600,25.453315734863300,67.065341186523400,6.995142241210390,1005.980117797850000,68.250221252441400,75.723242187500000,2016_11,2016,11,C:\Users\kem99059\Desktop\Zambezi\Climate\Precipitation_CHIRPS\ExtractByMsk\Precip.gdb\precip_chirps_v2_0_2016_11_WMA
200,Nemananga,2,7.000000000000000,0.017500000521541,72.259956359863300,83.211593627929700,10.951637268066400,76.335940769740500,3.201854235845510,534.351585388184000,75.622550964355500,79.934234619140600,2016_11,2016,11,C:\Users\kem99059\Desktop\Zambezi\Climate\Precipitation_CHIRPS\ExtractByMsk\Precip.gdb\precip_chirps_v2_0_2016_11_WMA
201,Sidinda,3,18.000000000000000,0.045000001341105,53.038341522216800,70.564743041992200,17.526401519775400,59.821217219034800,5.315261942345340,1076.781909942630000,59.186813354492200,66.823616027832000,2016_11,2016,11,C:\Users\kem99059\Desktop\Zambezi\Climate\Precipitation_CHIRPS\ExtractByMsk\Precip.gdb\precip_chirps_v2_0_2016_11_WMA
202,Simangani,4,17.000000000000000,0.042500001266599,50.782398223877000,58.418529510498000,7.636131286621090,55.057266908533400,2.043756083167180,935.973537445068000,54.513969421386700,57.385438537597700,2016_11,2016,11,C:\Users\kem99059\Desktop\Zambezi\Climate\Precipitation_CHIRPS\ExtractByMsk\Precip.gdb\precip_chirps_v2_0_2016_11_WMA
203,Unknown 16,5,4.000000000000000,0.010000000298023,52.394145965576200,57.688800811767600,5.294654846191410,54.802085876464800,2.042496393524690,219.208343505859000,54.562698364257800,57.082416152954100,2016_11,2016,11,C:\Users\kem99059\Desktop\Zambezi\Climate\Precipitation_CHIRPS\ExtractByMsk\Precip.gdb\precip_chirps_v2_0_2016_11_WMA
204,Chidobe,6,3.000000000000000,0.007500000223517,77.649856567382800,78.737892150878900,1.088035583496090,78.111872355143200,0.459077585100370,234.335617065430000,77.947868347168000,78.579887390136700,2016_11,2016,11,C:\Users\kem99059\Desktop\Zambezi\Climate\Precipitation_CHIRPS\ExtractByMsk\Precip.gdb\precip_chirps_v2_0_2016_11_WMA
205,Jambezi,7,10.000000000000000,0.025000000745058,65.469589233398400,80.244628906250000,14.775039672851600,72.004098510742200,4.889010430620640,720.040985107422000,71.253440856933600,78.754759216308600,2016_11,2016,11,C:\Users\kem99059\Desktop\Zambezi\Climate\Precipitation_CHIRPS\ExtractByMsk\Precip.gdb\precip_chirps_v2_0_2016_11_WMA
206,Kachecheti,8,5.000000000000000,0.012500000372529,76.434936523437500,84.471343994140600,8.036407470703130,80.832351684570300,3.101061850240670,404.161758422852000,82.578231811523400,83.796734619140600,2016_11,2016,11,C:\Users\kem99059\Desktop\Zambezi\Climate\Precipitation_CHIRPS\ExtractByMsk\Precip.gdb\precip_chirps_v2_0_2016_11_WMA
207,Mabale,9,5.000000000000000,0.012500000372529,78.710952758789100,82.770248413085900,4.059295654296880,80.939025878906300,1.518530475194980,404.695129394531000,81.703269958496100,82.416867065429700,2016_11,2016,11,C:\Users\kem99059\Desktop\Zambezi\Climate\Precipitation_CHIRPS\ExtractByMsk\Precip.gdb\precip_chirps_v2_0_2016_11_WMA
208,Nekatambe,1,15.000000000000000,0.037500001117587,163.877853393555000,190.147842407227000,26.269989013671900,179.003869628906000,6.888369746349270,2685.058044433590000,178.019042968750000,188.225570678711000,2016_12,2016,12,C:\Users\kem99059\Desktop\Zambezi\Climate\Precipitation_CHIRPS\ExtractByMsk\Precip.gdb\precip_chirps_v2_0_2016_12_WMA
209,Nemananga,2,7.000000000000000,0.017500000521541,167.712921142578000,191.856460571289000,24.143539428710900,182.276842389788000,7.323727565400630,1275.937896728520000,185.080047607422000,189.073980712891000,2016_12,2016,12,C:\Users\kem99059\Desktop\Zambezi\Climate\Precipitation_CHIRPS\ExtractByMsk\Precip.gdb\precip_chirps_v2_0_2016_12_WMA
210,Sidinda,3,18.000000000000000,0.045000001341105,164.725814819336000,180.985321044922000,16.259506225585900,173.715327792697000,5.052595849876070,3126.875900268550000,174.053596496582000,178.860939025879000,2016_12,2016,12,C:\Users\kem99059\Desktop\Zambezi\Climate\Precipitation_CHIRPS\ExtractByMsk\Precip.gdb\precip_chirps_v2_0_2016_12_WMA
211,Simangani,4,17.000000000000000,0.042500001266599,169.993591308594000,182.440597534180000,12.447006225585900,175.381209429573000,3.141754115679400,2981.480560302730000,175.366851806641000,179.351376342773000,2016_12,2016,12,C:\Users\kem99059\Desktop\Zambezi\Climate\Precipitation_CHIRPS\ExtractByMsk\Precip.gdb\precip_chirps_v2_0_2016_12_WMA
212,Unknown 16,5,4.000000000000000,0.010000000298023,165.798522949219000,176.457153320313000,10.658630371093800,169.671249389648000,4.147370736797570,678.684997558594000,168.214660644531000,174.382000732422000,2016_12,2016,12,C:\Users\kem99059\Desktop\Zambezi\Climate\Precipitation_CHIRPS\ExtractByMsk\Precip.gdb\precip_chirps_v2_0_2016_12_WMA
213,Chidobe,6,3.000000000000000,0.007500000223517,203.706451416016000,213.671524047852000,9.965072631835940,209.067209879557000,4.103236455799300,627.201629638672000,209.823654174805000,212.901950073242000,2016_12,2016,12,C:\Users\kem99059\Desktop\Zambezi\Climate\Precipitation_CHIRPS\ExtractByMsk\Precip.gdb\precip_chirps_v2_0_2016_12_WMA
214,Jambezi,7,10.000000000000000,0.025000000745058,169.931274414063000,189.472702026367000,19.541427612304700,180.328552246094000,6.197148639563330,1803.285522460940000,181.452514648438000,188.947679138184000,2016_12,2016,12,C:\Users\kem99059\Desktop\Zambezi\Climate\Precipitation_CHIRPS\ExtractByMsk\Precip.gdb\precip_chirps_v2_0_2016_12_WMA
215,Kachecheti,8,5.000000000000000,0.012500000372529,189.744903564453000,212.829635620117000,23.084732055664100,195.108663940430000,8.892663964970110,975.543319702148000,191.459716796875000,204.329788208008000,2016_12,2016,12,C:\Users\kem99059\Desktop\Zambezi\Climate\Precipitation_CHIRPS\ExtractByMsk\Precip.gdb\precip_chirps_v2_0_2016_12_WMA
216,Mabale,9,5.000000000000000,0.012500000372529,188.254745483398000,210.637573242188000,22.382827758789100,198.703790283203000,8.283940778850210,993.518951416016000,197.955352783203000,208.410339355469000,2016_12,2016,12,C:\Users\kem99059\Desktop\Zambezi\Climate\Precipitation_CHIRPS\ExtractByMsk\Precip.gdb\precip_chirps_v2_0_2016_12_WMA