OID_,NAME,ZONE_CODE,COUNT,AREA,MIN,MAX,RANGE,MEAN,STD,SUM,MEDIAN,PCT90,Date,Year,Month,MERGE_SRC
1,Nekatambe,1,15,0.03750000112,128.2675018,140.7304993,12.46299744,134.4398712,3.313855694,2016.598068,135.2645874,137.6129547,2015_01,2015,1,C:\Users\kem99059\Desktop\Zambezi\Climate\Precipitation_CHIRPS\ExtractByMsk\Precip.gdb\precip_chirps_v2_0_2015_01_WMA
2,Nemananga,2,7,0.01750000052,130.1264343,150.3799133,20.253479,139.7931475,6.19615007,978.5520325,140.1020966,146.8986572,2015_01,2015,1,C:\Users\kem99059\Desktop\Zambezi\Climate\Precipitation_CHIRPS\ExtractByMsk\Precip.gdb\precip_chirps_v2_0_2015_01_WMA
3,Sidinda,3,18,0.04500000134,119.4457474,136.8537903,17.40804291,130.0754907,4.667887475,2341.358833,129.6155014,136.2625565,2015_01,2015,1,C:\Users\kem99059\Desktop\Zambezi\Climate\Precipitation_CHIRPS\ExtractByMsk\Precip.gdb\precip_chirps_v2_0_2015_01_WMA
4,Simangani,4,17,0.04250000127,116.3737488,134.5580139,18.18426514,124.6179908,5.618744363,2118.505844,125.2626038,132.6986908,2015_01,2015,1,C:\Users\kem99059\Desktop\Zambezi\Climate\Precipitation_CHIRPS\ExtractByMsk\Precip.gdb\precip_chirps_v2_0_2015_01_WMA
5,Unknown 16,5,4,0.0100000003,125.4590454,136.6570435,11.19799805,131.9217224,4.695352648,527.6868896,132.7854004,136.5018707,2015_01,2015,1,C:\Users\kem99059\Desktop\Zambezi\Climate\Precipitation_CHIRPS\ExtractByMsk\Precip.gdb\precip_chirps_v2_0_2015_01_WMA
6,Chidobe,6,3,0.007500000224,136.6311798,141.9750671,5.343887329,138.8967896,2.256044432,416.6903687,138.0841217,141.1968781,2015_01,2015,1,C:\Users\kem99059\Desktop\Zambezi\Climate\Precipitation_CHIRPS\ExtractByMsk\Precip.gdb\precip_chirps_v2_0_2015_01_WMA
7,Jambezi,7,10,0.02500000075,131.7335663,140.6525726,8.919006348,135.6636841,2.973296428,1356.636841,135.049469,139.7318497,2015_01,2015,1,C:\Users\kem99059\Desktop\Zambezi\Climate\Precipitation_CHIRPS\ExtractByMsk\Precip.gdb\precip_chirps_v2_0_2015_01_WMA
8,Kachecheti,8,5,0.01250000037,143.0424805,147.8204041,4.777923584,145.369577,1.785314732,726.8478851,145.4008026,147.4092041,2015_01,2015,1,C:\Users\kem99059\Desktop\Zambezi\Climate\Precipitation_CHIRPS\ExtractByMsk\Precip.gdb\precip_chirps_v2_0_2015_01_WMA
9,Mabale,9,5,0.01250000037,125.6277771,134.7553864,9.127609253,129.611142,3.095223224,648.0557098,130.0028992,132.9676971,2015_01,2015,1,C:\Users\kem99059\Desktop\Zambezi\Climate\Precipitation_CHIRPS\ExtractByMsk\Precip.gdb\precip_chirps_v2_0_2015_01_WMA
10,Nekatambe,1,15,0.03750000112,82.28019714,110.3043747,28.02417755,97.39336853,7.565294227,1460.900528,98.84992218,105.0070328,2015_02,2015,2,C:\Users\kem99059\Desktop\Zambezi\Climate\Precipitation_CHIRPS\ExtractByMsk\Precip.gdb\precip_chirps_v2_0_2015_02_WMA
11,Nemananga,2,7,0.01750000052,93.92871857,107.345787,13.41706848,101.2543477,4.093386578,708.7804337,101.6859207,105.8970703,2015_02,2015,2,C:\Users\kem99059\Desktop\Zambezi\Climate\Precipitation_CHIRPS\ExtractByMsk\Precip.gdb\precip_chirps_v2_0_2015_02_WMA
12,Sidinda,3,18,0.04500000134,83.00904846,100.5240555,17.51500702,92.06451967,4.654085985,1657.161354,91.22055054,97.9179184,2015_02,2015,2,C:\Users\kem99059\Desktop\Zambezi\Climate\Precipitation_CHIRPS\ExtractByMsk\Precip.gdb\precip_chirps_v2_0_2015_02_WMA
13,Simangani,4,17,0.04250000127,81.16693115,94.08982849,12.92289734,86.04042816,3.769172325,1462.687279,85.8212204,90.95909729,2015_02,2015,2,C:\Users\kem99059\Desktop\Zambezi\Climate\Precipitation_CHIRPS\ExtractByMsk\Precip.gdb\precip_chirps_v2_0_2015_02_WMA
14,Unknown 16,5,4,0.0100000003,77.69927979,87.10061646,9.40133667,82.18281746,3.464361158,328.7312698,81.9656868,85.9640831,2015_02,2015,2,C:\Users\kem99059\Desktop\Zambezi\Climate\Precipitation_CHIRPS\ExtractByMsk\Precip.gdb\precip_chirps_v2_0_2015_02_WMA
15,Chidobe,6,3,0.007500000224,84.99319458,89.22143555,4.228240967,87.19658152,1.730782274,261.5897446,87.37511444,88.85217133,2015_02,2015,2,C:\Users\kem99059\Desktop\Zambezi\Climate\Precipitation_CHIRPS\ExtractByMsk\Precip.gdb\precip_chirps_v2_0_2015_02_WMA
16,Jambezi,7,10,0.02500000075,92.44064331,106.0090485,13.56840515,99.38729935,3.697051078,993.8729935,99.80595398,103.1604378,2015_02,2015,2,C:\Users\kem99059\Desktop\Zambezi\Climate\Precipitation_CHIRPS\ExtractByMsk\Precip.gdb\precip_chirps_v2_0_2015_02_WMA
17,Kachecheti,8,5,0.01250000037,86.22411346,93.74686432,7.522750854,90.51143646,3.070511373,452.5571823,91.91644287,93.52241058,2015_02,2015,2,C:\Users\kem99059\Desktop\Zambezi\Climate\Precipitation_CHIRPS\ExtractByMsk\Precip.gdb\precip_chirps_v2_0_2015_02_WMA
18,Mabale,9,5,0.01250000037,97.96931458,105.2820435,7.312728882,101.3756104,2.499132373,506.8780518,101.2100143,104.2378387,2015_02,2015,2,C:\Users\kem99059\Desktop\Zambezi\Climate\Precipitation_CHIRPS\ExtractByMsk\Precip.gdb\precip_chirps_v2_0_2015_02_WMA
19,Nekatambe,1,15,0.03750000112,30.7878952,36.93610382,6.148208618,33.58750509,1.709471172,503.8125763,33.43070984,35.97123337,2015_03,2015,3,C:\Users\kem99059\Desktop\Zambezi\Climate\Precipitation_CHIRPS\ExtractByMsk\Precip.gdb\precip_chirps_v2_0_2015_03_WMA
20,Nemananga,2,7,0.01750000052,32.416008,38.62787247,6.211864471,35.94953047,1.834603197,251.6467133,36.42774963,37.5861145,2015_03,2015,3,C:\Users\kem99059\Desktop\Zambezi\Climate\Precipitation_CHIRPS\ExtractByMsk\Precip.gdb\precip_chirps_v2_0_2015_03_WMA
21,Sidinda,3,18,0.04500000134,30.39768219,42.85840225,12.46072006,35.77707916,3.227631281,643.9874249,36.24059677,39.31887512,2015_03,2015,3,C:\Users\kem99059\Desktop\Zambezi\Climate\Precipitation_CHIRPS\ExtractByMsk\Precip.gdb\precip_chirps_v2_0_2015_03_WMA
22,Simangani,4,17,0.04250000127,30.53904915,41.56287003,11.02382088,36.29488395,2.753985655,617.0130272,36.5147171,39.19661942,2015_03,2015,3,C:\Users\kem99059\Desktop\Zambezi\Climate\Precipitation_CHIRPS\ExtractByMsk\Precip.gdb\precip_chirps_v2_0_2015_03_WMA
23,Unknown 16,5,4,0.0100000003,39.4422226,44.01280975,4.570587158,41.04669571,1.760774564,164.1867828,40.36587524,42.98651505,2015_03,2015,3,C:\Users\kem99059\Desktop\Zambezi\Climate\Precipitation_CHIRPS\ExtractByMsk\Precip.gdb\precip_chirps_v2_0_2015_03_WMA
24,Chidobe,6,3,0.007500000224,39.58593369,43.48591232,3.899978638,41.45196025,1.59658126,124.3558807,41.28403473,43.0455368,2015_03,2015,3,C:\Users\kem99059\Desktop\Zambezi\Climate\Precipitation_CHIRPS\ExtractByMsk\Precip.gdb\precip_chirps_v2_0_2015_03_WMA
25,Jambezi,7,10,0.02500000075,31.30541229,39.89310455,8.587692261,35.73667793,2.592449023,357.3667793,34.89446259,39.11984558,2015_03,2015,3,C:\Users\kem99059\Desktop\Zambezi\Climate\Precipitation_CHIRPS\ExtractByMsk\Precip.gdb\precip_chirps_v2_0_2015_03_WMA
26,Kachecheti,8,5,0.01250000037,35.89828491,43.33987808,7.44159317,40.23677292,2.864956018,201.1838646,41.47676086,43.0379509,2015_03,2015,3,C:\Users\kem99059\Desktop\Zambezi\Climate\Precipitation_CHIRPS\ExtractByMsk\Precip.gdb\precip_chirps_v2_0_2015_03_WMA
27,Mabale,9,5,0.01250000037,34.22478485,42.06785202,7.843067169,40.17144775,2.996827874,200.8572388,41.43506241,42.05976639,2015_03,2015,3,C:\Users\kem99059\Desktop\Zambezi\Climate\Precipitation_CHIRPS\ExtractByMsk\Precip.gdb\precip_chirps_v2_0_2015_03_WMA
28,Nekatambe,1,15,0.03750000112,45.82707977,67.91764069,22.09056091,58.92418874,5.580377067,883.8628311,60.5711174,63.78501892,2015_04,2015,4,C:\Users\kem99059\Desktop\Zambezi\Climate\Precipitation_CHIRPS\ExtractByMsk\Precip.gdb\precip_chirps_v2_0_2015_04_WMA
29,Nemananga,2,7,0.01750000052,56.84578323,66.80797577,9.962192535,60.27049473,3.123709688,421.8934631,58.99151611,63.97638245,2015_04,2015,4,C:\Users\kem99059\Desktop\Zambezi\Climate\Precipitation_CHIRPS\ExtractByMsk\Precip.gdb\precip_chirps_v2_0_2015_04_WMA
30,Sidinda,3,18,0.04500000134,50.39191437,56.81971741,6.42780304,53.42983309,1.756179407,961.7369957,53.21581268,55.46042862,2015_04,2015,4,C:\Users\kem99059\Desktop\Zambezi\Climate\Precipitation_CHIRPS\ExtractByMsk\Precip.gdb\precip_chirps_v2_0_2015_04_WMA
31,Simangani,4,17,0.04250000127,50.90994263,64.51832581,13.60838318,56.05072425,3.711466394,952.8623123,56.23040771,60.19804688,2015_04,2015,4,C:\Users\kem99059\Desktop\Zambezi\Climate\Precipitation_CHIRPS\ExtractByMsk\Precip.gdb\precip_chirps_v2_0_2015_04_WMA
32,Unknown 16,5,4,0.0100000003,54.02261353,64.29424286,10.27162933,59.34393406,4.151828533,237.3757362,59.52943993,63.71491661,2015_04,2015,4,C:\Users\kem99059\Desktop\Zambezi\Climate\Precipitation_CHIRPS\ExtractByMsk\Precip.gdb\precip_chirps_v2_0_2015_04_WMA
33,Chidobe,6,3,0.007500000224,66.36470032,69.63557434,3.270874023,67.66235352,1.418202603,202.9870605,66.98678589,69.10581665,2015_04,2015,4,C:\Users\kem99059\Desktop\Zambezi\Climate\Precipitation_CHIRPS\ExtractByMsk\Precip.gdb\precip_chirps_v2_0_2015_04_WMA
34,Jambezi,7,10,0.02500000075,54.69868088,59.68148804,4.982807159,56.62555122,1.373421388,566.2555122,56.3255825,57.99697151,2015_04,2015,4,C:\Users\kem99059\Desktop\Zambezi\Climate\Precipitation_CHIRPS\ExtractByMsk\Precip.gdb\precip_chirps_v2_0_2015_04_WMA
35,Kachecheti,8,5,0.01250000037,66.32422638,69.94454193,3.620315552,67.88414307,1.34175883,339.4207153,67.87698364,69.441362,2015_04,2015,4,C:\Users\kem99059\Desktop\Zambezi\Climate\Precipitation_CHIRPS\ExtractByMsk\Precip.gdb\precip_chirps_v2_0_2015_04_WMA
36,Mabale,9,5,0.01250000037,60.64098358,67.95155334,7.310569763,63.08182373,2.866056079,315.4091187,61.22746277,66.67847595,2015_04,2015,4,C:\Users\kem99059\Desktop\Zambezi\Climate\Precipitation_CHIRPS\ExtractByMsk\Precip.gdb\precip_chirps_v2_0_2015_04_WMA
37,Nekatambe,1,15,0.03750000112,0.9703779817,1.395792365,0.4254143834,1.161554261,0.1214044003,17.42331392,1.20347321,1.273799181,2015_05,2015,5,C:\Users\kem99059\Desktop\Zambezi\Climate\Precipitation_CHIRPS\ExtractByMsk\Precip.gdb\precip_chirps_v2_0_2015_05_WMA
38,Nemananga,2,7,0.01750000052,1.331851602,1.498683453,0.166831851,1.423510994,0.05925046867,9.96457696,1.446664095,1.477082443,2015_05,2015,5,C:\Users\kem99059\Desktop\Zambezi\Climate\Precipitation_CHIRPS\ExtractByMsk\Precip.gdb\precip_chirps_v2_0_2015_05_WMA
39,Sidinda,3,18,0.04500000134,0.7093809247,1.126761198,0.4173802733,0.8920658661,0.127541958,16.05718559,0.9277262986,1.024816477,2015_05,2015,5,C:\Users\kem99059\Desktop\Zambezi\Climate\Precipitation_CHIRPS\ExtractByMsk\Precip.gdb\precip_chirps_v2_0_2015_05_WMA
40,Simangani,4,17,0.04250000127,0.5863170028,0.7517473102,0.1654303074,0.6870469381,0.0471050892,11.67979795,0.7065446377,0.7427604675,2015_05,2015,5,C:\Users\kem99059\Desktop\Zambezi\Climate\Precipitation_CHIRPS\ExtractByMsk\Precip.gdb\precip_chirps_v2_0_2015_05_WMA
41,Unknown 16,5,4,0.0100000003,0.6204460859,1.153496623,0.5330505371,0.7711736709,0.2214189393,3.084694684,0.6553759873,1.008289981,2015_05,2015,5,C:\Users\kem99059\Desktop\Zambezi\Climate\Precipitation_CHIRPS\ExtractByMsk\Precip.gdb\precip_chirps_v2_0_2015_05_WMA
42,Chidobe,6,3,0.007500000224,1.257078409,1.544208169,0.2871297598,1.405119737,0.1173910573,4.215359211,1.414072633,1.518181062,2015_05,2015,5,C:\Users\kem99059\Desktop\Zambezi\Climate\Precipitation_CHIRPS\ExtractByMsk\Precip.gdb\precip_chirps_v2_0_2015_05_WMA
43,Jambezi,7,10,0.02500000075,1.070668221,1.329602003,0.2589337826,1.196878386,0.08342313742,11.96878386,1.187545538,1.301058257,2015_05,2015,5,C:\Users\kem99059\Desktop\Zambezi\Climate\Precipitation_CHIRPS\ExtractByMsk\Precip.gdb\precip_chirps_v2_0_2015_05_WMA
44,Kachecheti,8,5,0.01250000037,1.196749449,1.533903837,0.3371543884,1.351215434,0.1142624447,6.75607717,1.347213984,1.480860615,2015_05,2015,5,C:\Users\kem99059\Desktop\Zambezi\Climate\Precipitation_CHIRPS\ExtractByMsk\Precip.gdb\precip_chirps_v2_0_2015_05_WMA
45,Mabale,9,5,0.01250000037,1.547534704,1.579521179,0.03198647499,1.561755943,0.01098169491,7.808779716,1.562598705,1.573984098,2015_05,2015,5,C:\Users\kem99059\Desktop\Zambezi\Climate\Precipitation_CHIRPS\ExtractByMsk\Precip.gdb\precip_chirps_v2_0_2015_05_WMA
46,Nekatambe,1,15,0.03750000112,0.5111944675,0.8426071405,0.331412673,0.6546533306,0.09853826885,9.81979996,0.6476031542,0.7947570562,2015_06,2015,6,C:\Users\kem99059\Desktop\Zambezi\Climate\Precipitation_CHIRPS\ExtractByMsk\Precip.gdb\precip_chirps_v2_0_2015_06_WMA
47,Nemananga,2,7,0.01750000052,0.5923131704,0.6376494765,0.0453363061,0.6215521778,0.01332896234,4.350865245,0.6251949668,0.632824254,2015_06,2015,6,C:\Users\kem99059\Desktop\Zambezi\Climate\Precipitation_CHIRPS\ExtractByMsk\Precip.gdb\precip_chirps_v2_0_2015_06_WMA
48,Sidinda,3,18,0.04500000134,0.4834179878,0.7273291349,0.2439111471,0.5933827791,0.06897987998,10.68089002,0.5836798847,0.6916050434,2015_06,2015,6,C:\Users\kem99059\Desktop\Zambezi\Climate\Precipitation_CHIRPS\ExtractByMsk\Precip.gdb\precip_chirps_v2_0_2015_06_WMA
49,Simangani,4,17,0.04250000127,0.446213007,0.5095906258,0.06337761879,0.4825569444,0.01941865911,8.203468055,0.4834390283,0.507935679,2015_06,2015,6,C:\Users\kem99059\Desktop\Zambezi\Climate\Precipitation_CHIRPS\ExtractByMsk\Precip.gdb\precip_chirps_v2_0_2015_06_WMA
50,Unknown 16,5,4,0.0100000003,0.4180237651,0.5183814764,0.1003577113,0.4726266414,0.0391211676,1.890506566,0.477050662,0.512716347,2015_06,2015,6,C:\Users\kem99059\Desktop\Zambezi\Climate\Precipitation_CHIRPS\ExtractByMsk\Precip.gdb\precip_chirps_v2_0_2015_06_WMA
51,Chidobe,6,3,0.007500000224,0.5083182454,0.5367810726,0.02846282721,0.5201125145,0.01212029024,1.560337543,0.5152382255,0.5324725032,2015_06,2015,6,C:\Users\kem99059\Desktop\Zambezi\Climate\Precipitation_CHIRPS\ExtractByMsk\Precip.gdb\precip_chirps_v2_0_2015_06_WMA
52,Jambezi,7,10,0.02500000075,0.5837196112,0.6578979492,0.07417833805,0.6301213741,0.02081408627,6.301213741,0.6351848245,0.6538318276,2015_06,2015,6,C:\Users\kem99059\Desktop\Zambezi\Climate\Precipitation_CHIRPS\ExtractByMsk\Precip.gdb\precip_chirps_v2_0_2015_06_WMA
53,Kachecheti,8,5,0.01250000037,0.5201693177,0.5777158141,0.05754649639,0.5511016726,0.01859376966,2.755508363,0.5513926744,0.5699793935,2015_06,2015,6,C:\Users\kem99059\Desktop\Zambezi\Climate\Precipitation_CHIRPS\ExtractByMsk\Precip.gdb\precip_chirps_v2_0_2015_06_WMA
54,Mabale,9,5,0.01250000037,0.7983356714,0.9220930934,0.123757422,0.8686102509,0.04510886076,4.343051255,0.8690724969,0.9173571229,2015_06,2015,6,C:\Users\kem99059\Desktop\Zambezi\Climate\Precipitation_CHIRPS\ExtractByMsk\Precip.gdb\precip_chirps_v2_0_2015_06_WMA
55,Nekatambe,1,15,0.03750000112,0.03040001169,0.05325426906,0.02285425738,0.04058997979,0.006237038744,0.6088496968,0.03944522142,0.0494250834,2015_07,2015,7,C:\Users\kem99059\Desktop\Zambezi\Climate\Precipitation_CHIRPS\ExtractByMsk\Precip.gdb\precip_chirps_v2_0_2015_07_WMA
56,Nemananga,2,7,0.01750000052,0.040438205,0.04402754456,0.003589339554,0.04185208359,0.001180914388,0.2929645851,0.04142505676,0.04352468625,2015_07,2015,7,C:\Users\kem99059\Desktop\Zambezi\Climate\Precipitation_CHIRPS\ExtractByMsk\Precip.gdb\precip_chirps_v2_0_2015_07_WMA
57,Sidinda,3,18,0.04500000134,0.0307575576,0.04568387568,0.01492631808,0.03914682588,0.004514148901,0.7046428658,0.03912268952,0.0444050692,2015_07,2015,7,C:\Users\kem99059\Desktop\Zambezi\Climate\Precipitation_CHIRPS\ExtractByMsk\Precip.gdb\precip_chirps_v2_0_2015_07_WMA
58,Simangani,4,17,0.04250000127,0.02599382773,0.03511608019,0.009122252464,0.02982461869,0.002366779012,0.5070185177,0.02927781641,0.03292657807,2015_07,2015,7,C:\Users\kem99059\Desktop\Zambezi\Climate\Precipitation_CHIRPS\ExtractByMsk\Precip.gdb\precip_chirps_v2_0_2015_07_WMA
59,Unknown 16,5,4,0.0100000003,0.02586909942,0.02889865637,0.003029556945,0.0273999949,0.001427536137,0.1095999796,0.0274161119,0.02885421552,2015_07,2015,7,C:\Users\kem99059\Desktop\Zambezi\Climate\Precipitation_CHIRPS\ExtractByMsk\Precip.gdb\precip_chirps_v2_0_2015_07_WMA
60,Chidobe,6,3,0.007500000224,0.0358289592,0.03895087168,0.003121912479,0.03744483739,0.001276879959,0.1123345122,0.0375546813,0.0386716336,2015_07,2015,7,C:\Users\kem99059\Desktop\Zambezi\Climate\Precipitation_CHIRPS\ExtractByMsk\Precip.gdb\precip_chirps_v2_0_2015_07_WMA
61,Jambezi,7,10,0.02500000075,0.03945141286,0.04624744505,0.00679603219,0.04286003038,0.002130561332,0.4286003038,0.04323120788,0.04583738893,2015_07,2015,7,C:\Users\kem99059\Desktop\Zambezi\Climate\Precipitation_CHIRPS\ExtractByMsk\Precip.gdb\precip_chirps_v2_0_2015_07_WMA
62,Kachecheti,8,5,0.01250000037,0.03595992178,0.04169966653,0.005739744753,0.03924665898,0.001911828448,0.1962332949,0.03967430815,0.04110825285,2015_07,2015,7,C:\Users\kem99059\Desktop\Zambezi\Climate\Precipitation_CHIRPS\ExtractByMsk\Precip.gdb\precip_chirps_v2_0_2015_07_WMA
63,Mabale,9,5,0.01250000037,0.04510784522,0.05357336998,0.008465524763,0.04912954271,0.00292742504,0.2456477135,0.0495448485,0.05234413445,2015_07,2015,7,C:\Users\kem99059\Desktop\Zambezi\Climate\Precipitation_CHIRPS\ExtractByMsk\Precip.gdb\precip_chirps_v2_0_2015_07_WMA
64,Nekatambe,1,15,0.03750000112,0.02684329823,0.0791143477,0.05227104947,0.05055152873,0.01283960577,0.758272931,0.04945488274,0.06279162467,2015_08,2015,8,C:\Users\kem99059\Desktop\Zambezi\Climate\Precipitation_CHIRPS\ExtractByMsk\Precip.gdb\precip_chirps_v2_0_2015_08_WMA
65,Nemananga,2,7,0.01750000052,0.07318335772,0.1026413962,0.02945803851,0.08657935794,0.009678498841,0.6060555056,0.08357596397,0.09973670244,2015_08,2015,8,C:\Users\kem99059\Desktop\Zambezi\Climate\Precipitation_CHIRPS\ExtractByMsk\Precip.gdb\precip_chirps_v2_0_2015_08_WMA
66,Sidinda,3,18,0.04500000134,0.004417651333,0.0617559813,0.05733832996,0.03654803941,0.01669178786,0.6578647094,0.03875187226,0.05380904824,2015_08,2015,8,C:\Users\kem99059\Desktop\Zambezi\Climate\Precipitation_CHIRPS\ExtractByMsk\Precip.gdb\precip_chirps_v2_0_2015_08_WMA
67,Simangani,4,17,0.04250000127,0.000000018837753,0.02703284845,0.02703282961,0.01027473418,0.007239784938,0.1746704811,0.007468268275,0.02151931301,2015_08,2015,8,C:\Users\kem99059\Desktop\Zambezi\Climate\Precipitation_CHIRPS\ExtractByMsk\Precip.gdb\precip_chirps_v2_0_2015_08_WMA
68,Unknown 16,5,4,0.0100000003,0.000000019460398,0.007624043152,0.007624023691,0.002223586824,0.003160785263,0.008894347297,0.0006351423425,0.005717909732,2015_08,2015,8,C:\Users\kem99059\Desktop\Zambezi\Climate\Precipitation_CHIRPS\ExtractByMsk\Precip.gdb\precip_chirps_v2_0_2015_08_WMA
69,Chidobe,6,3,0.007500000224,0.1031829044,0.1271898746,0.02400697023,0.1157032996,0.009828029407,0.3471098989,0.1167371199,0.1250993237,2015_08,2015,8,C:\Users\kem99059\Desktop\Zambezi\Climate\Precipitation_CHIRPS\ExtractByMsk\Precip.gdb\precip_chirps_v2_0_2015_08_WMA
70,Jambezi,7,10,0.02500000075,0.05096554756,0.08024366945,0.02927812189,0.06604599059,0.009851296853,0.6604599059,0.06837386638,0.07677951604,2015_08,2015,8,C:\Users\kem99059\Desktop\Zambezi\Climate\Precipitation_CHIRPS\ExtractByMsk\Precip.gdb\precip_chirps_v2_0_2015_08_WMA
71,Kachecheti,8,5,0.01250000037,0.1064878404,0.1449432224,0.03845538199,0.1236935571,0.01294256884,0.6184677854,0.1257300973,0.1375481516,2015_08,2015,8,C:\Users\kem99059\Desktop\Zambezi\Climate\Precipitation_CHIRPS\ExtractByMsk\Precip.gdb\precip_chirps_v2_0_2015_08_WMA
72,Mabale,9,5,0.01250000037,0.1667013317,0.4374716878,0.2707703561,0.292595458,0.101189104,1.46297729,0.332413137,0.3974847198,2015_08,2015,8,C:\Users\kem99059\Desktop\Zambezi\Climate\Precipitation_CHIRPS\ExtractByMsk\Precip.gdb\precip_chirps_v2_0_2015_08_WMA
73,Nekatambe,1,15,0.03750000112,0.7162046432,1.422396064,0.7061914206,0.8931849122,0.1790028879,13.39777368,0.8461042643,1.074220514,2015_09,2015,9,C:\Users\kem99059\Desktop\Zambezi\Climate\Precipitation_CHIRPS\ExtractByMsk\Precip.gdb\precip_chirps_v2_0_2015_09_WMA
74,Nemananga,2,7,0.01750000052,0.9653980136,1.195322275,0.2299242616,1.08321797,0.07540823926,7.58252579,1.0645082,1.18097918,2015_09,2015,9,C:\Users\kem99059\Desktop\Zambezi\Climate\Precipitation_CHIRPS\ExtractByMsk\Precip.gdb\precip_chirps_v2_0_2015_09_WMA
75,Sidinda,3,18,0.04500000134,0.5722060204,0.924846828,0.3526408076,0.7575456103,0.1066798795,13.63582098,0.7621567249,0.8833047867,2015_09,2015,9,C:\Users\kem99059\Desktop\Zambezi\Climate\Precipitation_CHIRPS\ExtractByMsk\Precip.gdb\precip_chirps_v2_0_2015_09_WMA
76,Simangani,4,17,0.04250000127,0.5253782868,0.730566144,0.2051878572,0.6080366233,0.05874886932,10.3366226,0.5897196531,0.7102854371,2015_09,2015,9,C:\Users\kem99059\Desktop\Zambezi\Climate\Precipitation_CHIRPS\ExtractByMsk\Precip.gdb\precip_chirps_v2_0_2015_09_WMA
77,Unknown 16,5,4,0.0100000003,0.5344937444,0.5584231615,0.02392941713,0.5418390632,0.009655258564,2.167356253,0.5372196734,0.552297622,2015_09,2015,9,C:\Users\kem99059\Desktop\Zambezi\Climate\Precipitation_CHIRPS\ExtractByMsk\Precip.gdb\precip_chirps_v2_0_2015_09_WMA
78,Chidobe,6,3,0.007500000224,1.092319489,1.450653076,0.3583335876,1.273764928,0.1463245632,3.821294785,1.27832222,1.416186905,2015_09,2015,9,C:\Users\kem99059\Desktop\Zambezi\Climate\Precipitation_CHIRPS\ExtractByMsk\Precip.gdb\precip_chirps_v2_0_2015_09_WMA
79,Jambezi,7,10,0.02500000075,0.8119879961,1.069965124,0.257977128,0.9457063437,0.08481717771,9.457063437,0.9684394002,1.034907472,2015_09,2015,9,C:\Users\kem99059\Desktop\Zambezi\Climate\Precipitation_CHIRPS\ExtractByMsk\Precip.gdb\precip_chirps_v2_0_2015_09_WMA
80,Kachecheti,8,5,0.01250000037,1.069774985,1.450573444,0.3807984591,1.268960762,0.1230966065,6.34480381,1.256367087,1.398081541,2015_09,2015,9,C:\Users\kem99059\Desktop\Zambezi\Climate\Precipitation_CHIRPS\ExtractByMsk\Precip.gdb\precip_chirps_v2_0_2015_09_WMA
81,Mabale,9,5,0.01250000037,1.173894763,1.473564148,0.299669385,1.320442677,0.1016868541,6.602213383,1.318554878,1.434640503,2015_09,2015,9,C:\Users\kem99059\Desktop\Zambezi\Climate\Precipitation_CHIRPS\ExtractByMsk\Precip.gdb\precip_chirps_v2_0_2015_09_WMA
82,Nekatambe,1,15,0.03750000112,9.047838211,12.14446163,3.096623421,10.33256702,0.8321244267,154.9885054,10.19112968,11.16689377,2015_10,2015,10,C:\Users\kem99059\Desktop\Zambezi\Climate\Precipitation_CHIRPS\ExtractByMsk\Precip.gdb\precip_chirps_v2_0_2015_10_WMA
83,Nemananga,2,7,0.01750000052,9.109046936,10.45449638,1.345449448,9.925778798,0.4704051119,69.48045158,9.852743149,10.43837051,2015_10,2015,10,C:\Users\kem99059\Desktop\Zambezi\Climate\Precipitation_CHIRPS\ExtractByMsk\Precip.gdb\precip_chirps_v2_0_2015_10_WMA
84,Sidinda,3,18,0.04500000134,7.137806892,9.281689644,2.143882751,8.268441147,0.5778321284,148.8319407,8.24220705,8.950653744,2015_10,2015,10,C:\Users\kem99059\Desktop\Zambezi\Climate\Precipitation_CHIRPS\ExtractByMsk\Precip.gdb\precip_chirps_v2_0_2015_10_WMA
85,Simangani,4,17,0.04250000127,6.71789217,9.995550156,3.277657986,8.154953536,0.848501932,138.6342101,8.051803589,9.269427109,2015_10,2015,10,C:\Users\kem99059\Desktop\Zambezi\Climate\Precipitation_CHIRPS\ExtractByMsk\Precip.gdb\precip_chirps_v2_0_2015_10_WMA
86,Unknown 16,5,4,0.0100000003,7.870940208,8.473266602,0.6023263931,8.193212271,0.2158859458,32.77284908,8.214321136,8.407669067,2015_10,2015,10,C:\Users\kem99059\Desktop\Zambezi\Climate\Precipitation_CHIRPS\ExtractByMsk\Precip.gdb\precip_chirps_v2_0_2015_10_WMA
87,Chidobe,6,3,0.007500000224,10.91022682,12.28340435,1.373177528,11.68240897,0.5735171096,35.04722691,11.85359573,12.19744263,2015_10,2015,10,C:\Users\kem99059\Desktop\Zambezi\Climate\Precipitation_CHIRPS\ExtractByMsk\Precip.gdb\precip_chirps_v2_0_2015_10_WMA
88,Jambezi,7,10,0.02500000075,8.606848717,9.832373619,1.225524902,9.398150539,0.4245286962,93.98150539,9.534613609,9.802788639,2015_10,2015,10,C:\Users\kem99059\Desktop\Zambezi\Climate\Precipitation_CHIRPS\ExtractByMsk\Precip.gdb\precip_chirps_v2_0_2015_10_WMA
89,Kachecheti,8,5,0.01250000037,10.74438477,11.81905174,1.074666977,11.20956917,0.3484486332,56.04784584,11.18221092,11.58237419,2015_10,2015,10,C:\Users\kem99059\Desktop\Zambezi\Climate\Precipitation_CHIRPS\ExtractByMsk\Precip.gdb\precip_chirps_v2_0_2015_10_WMA
90,Mabale,9,5,0.01250000037,11.01822853,12.32580185,1.307573318,11.6083416,0.4993402659,58.04170799,11.75527763,12.14508591,2015_10,2015,10,C:\Users\kem99059\Desktop\Zambezi\Climate\Precipitation_CHIRPS\ExtractByMsk\Precip.gdb\precip_chirps_v2_0_2015_10_WMA
91,Nekatambe,1,15,0.03750000112,34.24649048,43.80419159,9.557701111,40.14741948,2.550526234,602.2112923,40.30066681,43.07920914,2015_11,2015,11,C:\Users\kem99059\Desktop\Zambezi\Climate\Precipitation_CHIRPS\ExtractByMsk\Precip.gdb\precip_chirps_v2_0_2015_11_WMA
92,Nemananga,2,7,0.01750000052,46.67514801,56.04707336,9.371925354,52.24914224,3.034764046,365.7439957,51.87125015,55.81365967,2015_11,2015,11,C:\Users\kem99059\Desktop\Zambezi\Climate\Precipitation_CHIRPS\ExtractByMsk\Precip.gdb\precip_chirps_v2_0_2015_11_WMA
93,Sidinda,3,18,0.04500000134,35.21348572,44.91257477,9.69908905,40.18159972,2.560888019,723.268795,40.60773849,43.19834747,2015_11,2015,11,C:\Users\kem99059\Desktop\Zambezi\Climate\Precipitation_CHIRPS\ExtractByMsk\Precip.gdb\precip_chirps_v2_0_2015_11_WMA
94,Simangani,4,17,0.04250000127,29.92678452,43.85432816,13.92754364,36.34562145,3.49666082,617.8755646,36.71815491,40.05935135,2015_11,2015,11,C:\Users\kem99059\Desktop\Zambezi\Climate\Precipitation_CHIRPS\ExtractByMsk\Precip.gdb\precip_chirps_v2_0_2015_11_WMA
95,Unknown 16,5,4,0.0100000003,26.83304214,34.2387352,7.405693054,29.84625864,2.710903112,119.3850346,29.15662861,32.77081814,2015_11,2015,11,C:\Users\kem99059\Desktop\Zambezi\Climate\Precipitation_CHIRPS\ExtractByMsk\Precip.gdb\precip_chirps_v2_0_2015_11_WMA
96,Chidobe,6,3,0.007500000224,62.43598938,64.03213501,1.59614563,63.17714183,0.6565769837,189.5314255,63.06330109,63.83836823,2015_11,2015,11,C:\Users\kem99059\Desktop\Zambezi\Climate\Precipitation_CHIRPS\ExtractByMsk\Precip.gdb\precip_chirps_v2_0_2015_11_WMA
97,Jambezi,7,10,0.02500000075,41.36981964,47.9466095,6.576789856,45.70082245,1.986593053,457.0082245,46.51400375,47.64866028,2015_11,2015,11,C:\Users\kem99059\Desktop\Zambezi\Climate\Precipitation_CHIRPS\ExtractByMsk\Precip.gdb\precip_chirps_v2_0_2015_11_WMA
98,Kachecheti,8,5,0.01250000037,57.16114807,64.79440308,7.633255005,61.43552933,2.650726887,307.1776466,62.33388901,64.07216339,2015_11,2015,11,C:\Users\kem99059\Desktop\Zambezi\Climate\Precipitation_CHIRPS\ExtractByMsk\Precip.gdb\precip_chirps_v2_0_2015_11_WMA
99,Mabale,9,5,0.01250000037,41.15904236,46.85931015,5.700267792,43.88020554,1.809822799,219.4010277,43.71421051,45.72178726,2015_11,2015,11,C:\Users\kem99059\Desktop\Zambezi\Climate\Precipitation_CHIRPS\ExtractByMsk\Precip.gdb\precip_chirps_v2_0_2015_11_WMA
100,Nekatambe,1,15,0.03750000112,75.80223846,114.1374435,38.33520508,91.57688548,10.69048515,1373.653282,91.99037933,104.2445435,2015_12,2015,12,C:\Users\kem99059\Desktop\Zambezi\Climate\Precipitation_CHIRPS\ExtractByMsk\Precip.gdb\precip_chirps_v2_0_2015_12_WMA
101,Nemananga,2,7,0.01750000052,75.77888489,85.77720642,9.998321533,81.74915859,3.691671374,572.2441101,83.90590668,85.51358948,2015_12,2015,12,C:\Users\kem99059\Desktop\Zambezi\Climate\Precipitation_CHIRPS\ExtractByMsk\Precip.gdb\precip_chirps_v2_0_2015_12_WMA
102,Sidinda,3,18,0.04500000134,67.52385712,78.6803894,11.15653229,74.37567393,2.905687261,1338.762131,74.95456696,77.98042221,2015_12,2015,12,C:\Users\kem99059\Desktop\Zambezi\Climate\Precipitation_CHIRPS\ExtractByMsk\Precip.gdb\precip_chirps_v2_0_2015_12_WMA
103,Simangani,4,17,0.04250000127,70.64990997,100.3570557,29.70714569,85.38911528,9.119785609,1451.61496,87.36159515,94.831073,2015_12,2015,12,C:\Users\kem99059\Desktop\Zambezi\Climate\Precipitation_CHIRPS\ExtractByMsk\Precip.gdb\precip_chirps_v2_0_2015_12_WMA
104,Unknown 16,5,4,0.0100000003,83.34723663,96.56232452,13.21508789,91.33300591,4.916784818,365.3320236,92.71123123,95.69015884,2015_12,2015,12,C:\Users\kem99059\Desktop\Zambezi\Climate\Precipitation_CHIRPS\ExtractByMsk\Precip.gdb\precip_chirps_v2_0_2015_12_WMA
105,Chidobe,6,3,0.007500000224,95.67697144,99.86778259,4.190811157,97.9538269,1.730028271,293.8614807,98.31672668,99.55757141,2015_12,2015,12,C:\Users\kem99059\Desktop\Zambezi\Climate\Precipitation_CHIRPS\ExtractByMsk\Precip.gdb\precip_chirps_v2_0_2015_12_WMA
106,Jambezi,7,10,0.02500000075,76.72637939,86.95987701,10.23349762,81.35546341,3.330115695,813.5546341,80.29257202,85.44675751,2015_12,2015,12,C:\Users\kem99059\Desktop\Zambezi\Climate\Precipitation_CHIRPS\ExtractByMsk\Precip.gdb\precip_chirps_v2_0_2015_12_WMA
107,Kachecheti,8,5,0.01250000037,87.3981781,103.1493988,15.7512207,91.6206665,5.87577952,458.1033325,89.23356628,98.1257843,2015_12,2015,12,C:\Users\kem99059\Desktop\Zambezi\Climate\Precipitation_CHIRPS\ExtractByMsk\Precip.gdb\precip_chirps_v2_0_2015_12_WMA
108,Mabale,9,5,0.01250000037,106.3769608,112.039566,5.662605286,109.1119308,2.24090203,545.5596542,108.2254562,111.8088013,2015_12,2015,12,C:\Users\kem99059\Desktop\Zambezi\Climate\Precipitation_CHIRPS\ExtractByMsk\Precip.gdb\precip_chirps_v2_0_2015_12_WMA
109,Nekatambe,1,15,0.03750000112,104.1475296,118.1587982,14.01126862,110.3314178,4.176283486,1654.971268,110.2871246,115.7346695,2016_01,2016,1,C:\Users\kem99059\Desktop\Zambezi\Climate\Precipitation_CHIRPS\ExtractByMsk\Precip.gdb\precip_chirps_v2_0_2016_01_WMA
110,Nemananga,2,7,0.01750000052,107.6192017,112.6477356,5.028533936,110.7556087,1.62708487,775.2892609,110.9300537,112.3348907,2016_01,2016,1,C:\Users\kem99059\Desktop\Zambezi\Climate\Precipitation_CHIRPS\ExtractByMsk\Precip.gdb\precip_chirps_v2_0_2016_01_WMA
111,Sidinda,3,18,0.04500000134,102.5056305,110.5332642,8.027633667,107.296516,2.737361132,1931.337288,108.3265877,110.2066895,2016_01,2016,1,C:\Users\kem99059\Desktop\Zambezi\Climate\Precipitation_CHIRPS\ExtractByMsk\Precip.gdb\precip_chirps_v2_0_2016_01_WMA
112,Simangani,4,17,0.04250000127,93.87892914,108.4636765,14.58474731,101.6863278,3.86492826,1728.667572,101.2009125,106.6781799,2016_01,2016,1,C:\Users\kem99059\Desktop\Zambezi\Climate\Precipitation_CHIRPS\ExtractByMsk\Precip.gdb\precip_chirps_v2_0_2016_01_WMA
113,Unknown 16,5,4,0.0100000003,95.76197052,102.2162247,6.45425415,99.51973534,2.525940755,398.0789413,100.0503731,101.9670845,2016_01,2016,1,C:\Users\kem99059\Desktop\Zambezi\Climate\Precipitation_CHIRPS\ExtractByMsk\Precip.gdb\precip_chirps_v2_0_2016_01_WMA
114,Chidobe,6,3,0.007500000224,111.2587814,116.9394913,5.680709839,114.4368362,2.367803443,343.3105087,115.112236,116.5740402,2016_01,2016,1,C:\Users\kem99059\Desktop\Zambezi\Climate\Precipitation_CHIRPS\ExtractByMsk\Precip.gdb\precip_chirps_v2_0_2016_01_WMA
115,Jambezi,7,10,0.02500000075,106.8208618,112.8319244,6.011062622,109.702047,1.83678967,1097.02047,109.9847412,111.461586,2016_01,2016,1,C:\Users\kem99059\Desktop\Zambezi\Climate\Precipitation_CHIRPS\ExtractByMsk\Precip.gdb\precip_chirps_v2_0_2016_01_WMA
116,Kachecheti,8,5,0.01250000037,112.1978531,119.6778488,7.479995728,115.6754211,2.390182498,578.3771057,115.5343475,118.1694504,2016_01,2016,1,C:\Users\kem99059\Desktop\Zambezi\Climate\Precipitation_CHIRPS\ExtractByMsk\Precip.gdb\precip_chirps_v2_0_2016_01_WMA
117,Mabale,9,5,0.01250000037,116.0325928,123.7896729,7.757080078,119.8018799,2.594509303,599.0093994,119.6917419,122.704248,2016_01,2016,1,C:\Users\kem99059\Desktop\Zambezi\Climate\Precipitation_CHIRPS\ExtractByMsk\Precip.gdb\precip_chirps_v2_0_2016_01_WMA
118,Nekatambe,1,15,0.03750000112,176.4225006,213.3785706,36.95606995,199.9900513,11.13852588,2999.850769,202.1717834,212.7225403,2016_02,2016,2,C:\Users\kem99059\Desktop\Zambezi\Climate\Precipitation_CHIRPS\ExtractByMsk\Precip.gdb\precip_chirps_v2_0_2016_02_WMA
119,Nemananga,2,7,0.01750000052,179.9383545,200.5298615,20.59150696,191.1123461,5.801165317,1337.786423,191.3884735,197.1200623,2016_02,2016,2,C:\Users\kem99059\Desktop\Zambezi\Climate\Precipitation_CHIRPS\ExtractByMsk\Precip.gdb\precip_chirps_v2_0_2016_02_WMA
120,Sidinda,3,18,0.04500000134,179.7416382,206.8894501,27.14781189,192.9073368,7.888373863,3472.332062,194.6975632,201.4797577,2016_02,2016,2,C:\Users\kem99059\Desktop\Zambezi\Climate\Precipitation_CHIRPS\ExtractByMsk\Precip.gdb\precip_chirps_v2_0_2016_02_WMA
121,Simangani,4,17,0.04250000127,169.7697906,198.9047852,29.13499451,179.5110222,6.421619854,3051.687378,178.5441132,185.7223999,2016_02,2016,2,C:\Users\kem99059\Desktop\Zambezi\Climate\Precipitation_CHIRPS\ExtractByMsk\Precip.gdb\precip_chirps_v2_0_2016_02_WMA
122,Unknown 16,5,4,0.0100000003,160.361145,177.375412,17.01426697,169.2141037,6.210320447,676.8564148,169.5599289,175.6689743,2016_02,2016,2,C:\Users\kem99059\Desktop\Zambezi\Climate\Precipitation_CHIRPS\ExtractByMsk\Precip.gdb\precip_chirps_v2_0_2016_02_WMA
123,Chidobe,6,3,0.007500000224,159.5631714,164.0046387,4.441467285,162.4358215,2.034149011,487.3074646,163.7396545,163.9516418,2016_02,2016,2,C:\Users\kem99059\Desktop\Zambezi\Climate\Precipitation_CHIRPS\ExtractByMsk\Precip.gdb\precip_chirps_v2_0_2016_02_WMA
124,Jambezi,7,10,0.02500000075,182.1286469,202.7899017,20.66125488,195.9326233,6.624902739,1959.326233,197.292778,202.6052078,2016_02,2016,2,C:\Users\kem99059\Desktop\Zambezi\Climate\Precipitation_CHIRPS\ExtractByMsk\Precip.gdb\precip_chirps_v2_0_2016_02_WMA
125,Kachecheti,8,5,0.01250000037,167.6937714,177.3981476,9.704376221,172.7465454,3.738700362,863.7327271,171.253418,177.1394073,2016_02,2016,2,C:\Users\kem99059\Desktop\Zambezi\Climate\Precipitation_CHIRPS\ExtractByMsk\Precip.gdb\precip_chirps_v2_0_2016_02_WMA
126,Mabale,9,5,0.01250000037,224.6548462,235.282608,10.62776184,232.0160156,3.814420102,1160.080078,232.9022827,235.013559,2016_02,2016,2,C:\Users\kem99059\Desktop\Zambezi\Climate\Precipitation_CHIRPS\ExtractByMsk\Precip.gdb\precip_chirps_v2_0_2016_02_WMA
127,Nekatambe,1,15,0.03750000112,101.9115295,120.8117828,18.9002533,111.1559855,4.822447333,1667.339783,110.8304596,118.8360046,2016_03,2016,3,C:\Users\kem99059\Desktop\Zambezi\Climate\Precipitation_CHIRPS\ExtractByMsk\Precip.gdb\precip_chirps_v2_0_2016_03_WMA
128,Nemananga,2,7,0.01750000052,135.511734,146.846283,11.33454895,142.7325418,4.062744016,999.1277924,144.4172668,146.7997192,2016_03,2016,3,C:\Users\kem99059\Desktop\Zambezi\Climate\Precipitation_CHIRPS\ExtractByMsk\Precip.gdb\precip_chirps_v2_0_2016_03_WMA
129,Sidinda,3,18,0.04500000134,110.3857651,128.8247223,18.43895721,119.6110573,5.679701009,2152.999031,117.7828827,127.7495407,2016_03,2016,3,C:\Users\kem99059\Desktop\Zambezi\Climate\Precipitation_CHIRPS\ExtractByMsk\Precip.gdb\precip_chirps_v2_0_2016_03_WMA
130,Simangani,4,17,0.04250000127,104.4544678,118.5872803,14.1328125,113.3324971,3.684023483,1926.652451,114.3906403,116.8806152,2016_03,2016,3,C:\Users\kem99059\Desktop\Zambezi\Climate\Precipitation_CHIRPS\ExtractByMsk\Precip.gdb\precip_chirps_v2_0_2016_03_WMA
131,Unknown 16,5,4,0.0100000003,115.9703827,117.9009476,1.93056488,116.7011509,0.7244966413,466.8046036,116.4666367,117.4975319,2016_03,2016,3,C:\Users\kem99059\Desktop\Zambezi\Climate\Precipitation_CHIRPS\ExtractByMsk\Precip.gdb\precip_chirps_v2_0_2016_03_WMA
132,Chidobe,6,3,0.007500000224,146.1033325,153.9370422,7.833709717,149.9369507,3.200264262,449.8108521,149.7704773,153.1037292,2016_03,2016,3,C:\Users\kem99059\Desktop\Zambezi\Climate\Precipitation_CHIRPS\ExtractByMsk\Precip.gdb\precip_chirps_v2_0_2016_03_WMA
133,Jambezi,7,10,0.02500000075,130.5954895,145.212738,14.61724854,136.1761978,5.20158133,1361.761978,134.2243576,144.8483765,2016_03,2016,3,C:\Users\kem99059\Desktop\Zambezi\Climate\Precipitation_CHIRPS\ExtractByMsk\Precip.gdb\precip_chirps_v2_0_2016_03_WMA
134,Kachecheti,8,5,0.01250000037,145.5820465,153.2507324,7.668685913,150.9703796,2.744072223,754.8518982,152.0196381,152.8753662,2016_03,2016,3,C:\Users\kem99059\Desktop\Zambezi\Climate\Precipitation_CHIRPS\ExtractByMsk\Precip.gdb\precip_chirps_v2_0_2016_03_WMA
135,Mabale,9,5,0.01250000037,106.8370209,115.519043,8.682022095,111.2917114,3.383095529,556.4585571,113.0503769,114.6262665,2016_03,2016,3,C:\Users\kem99059\Desktop\Zambezi\Climate\Precipitation_CHIRPS\ExtractByMsk\Precip.gdb\precip_chirps_v2_0_2016_03_WMA
136,Nekatambe,1,15,0.03750000112,5.025936127,9.088302612,4.062366486,6.947985458,1.203771043,104.2197819,6.983340263,8.510081673,2016_04,2016,4,C:\Users\kem99059\Desktop\Zambezi\Climate\Precipitation_CHIRPS\ExtractByMsk\Precip.gdb\precip_chirps_v2_0_2016_04_WMA
137,Nemananga,2,7,0.01750000052,6.089790821,6.74698925,0.6571984291,6.540428707,0.2022990366,45.78300095,6.568311214,6.705509567,2016_04,2016,4,C:\Users\kem99059\Desktop\Zambezi\Climate\Precipitation_CHIRPS\ExtractByMsk\Precip.gdb\precip_chirps_v2_0_2016_04_WMA
138,Sidinda,3,18,0.04500000134,5.11454916,6.366291046,1.251741886,5.535810497,0.2832506085,99.64458895,5.536288738,5.758555031,2016_04,2016,4,C:\Users\kem99059\Desktop\Zambezi\Climate\Precipitation_CHIRPS\ExtractByMsk\Precip.gdb\precip_chirps_v2_0_2016_04_WMA
139,Simangani,4,17,0.04250000127,5.004615784,8.880675316,3.876059532,6.76928049,1.046207639,115.0777683,6.655044556,8.130984974,2016_04,2016,4,C:\Users\kem99059\Desktop\Zambezi\Climate\Precipitation_CHIRPS\ExtractByMsk\Precip.gdb\precip_chirps_v2_0_2016_04_WMA
140,Unknown 16,5,4,0.0100000003,7.046791553,9.042225838,1.995434284,8.13471508,0.7469973382,32.53886032,8.224921465,8.893919277,2016_04,2016,4,C:\Users\kem99059\Desktop\Zambezi\Climate\Precipitation_CHIRPS\ExtractByMsk\Precip.gdb\precip_chirps_v2_0_2016_04_WMA
141,Chidobe,6,3,0.007500000224,7.015206337,7.362821579,0.347615242,7.219876925,0.1484736954,21.65963078,7.281602859,7.346577835,2016_04,2016,4,C:\Users\kem99059\Desktop\Zambezi\Climate\Precipitation_CHIRPS\ExtractByMsk\Precip.gdb\precip_chirps_v2_0_2016_04_WMA
142,Jambezi,7,10,0.02500000075,5.440495491,6.352459908,0.9119644165,5.988812733,0.2296186584,59.88812733,6.004414082,6.193330669,2016_04,2016,4,C:\Users\kem99059\Desktop\Zambezi\Climate\Precipitation_CHIRPS\ExtractByMsk\Precip.gdb\precip_chirps_v2_0_2016_04_WMA
143,Kachecheti,8,5,0.01250000037,6.860534668,7.409072876,0.548538208,7.138819027,0.2070075552,35.69409513,7.166191101,7.368008614,2016_04,2016,4,C:\Users\kem99059\Desktop\Zambezi\Climate\Precipitation_CHIRPS\ExtractByMsk\Precip.gdb\precip_chirps_v2_0_2016_04_WMA
144,Mabale,9,5,0.01250000037,8.883710861,10.17671204,1.293001175,9.622415924,0.4271184835,48.11207962,9.633722305,10.04901886,2016_04,2016,4,C:\Users\kem99059\Desktop\Zambezi\Climate\Precipitation_CHIRPS\ExtractByMsk\Precip.gdb\precip_chirps_v2_0_2016_04_WMA
145,Nekatambe,1,15,0.03750000112,1.040419936,1.489353657,0.4489337206,1.236450569,0.1303394092,18.54675853,1.276929855,1.35975852,2016_05,2016,5,C:\Users\kem99059\Desktop\Zambezi\Climate\Precipitation_CHIRPS\ExtractByMsk\Precip.gdb\precip_chirps_v2_0_2016_05_WMA
146,Nemananga,2,7,0.01750000052,1.341033936,1.496695995,0.1556620598,1.425341981,0.05616834178,9.977393866,1.451232672,1.476081181,2016_05,2016,5,C:\Users\kem99059\Desktop\Zambezi\Climate\Precipitation_CHIRPS\ExtractByMsk\Precip.gdb\precip_chirps_v2_0_2016_05_WMA
147,Sidinda,3,18,0.04500000134,0.7349151373,1.145398617,0.4104834795,0.9132707417,0.125984296,16.43887335,0.9461588264,1.043042111,2016_05,2016,5,C:\Users\kem99059\Desktop\Zambezi\Climate\Precipitation_CHIRPS\ExtractByMsk\Precip.gdb\precip_chirps_v2_0_2016_05_WMA
148,Simangani,4,17,0.04250000127,0.6131551266,0.784719348,0.1715642214,0.7213417116,0.04908031541,12.2628091,0.7317540646,0.7839960098,2016_05,2016,5,C:\Users\kem99059\Desktop\Zambezi\Climate\Precipitation_CHIRPS\ExtractByMsk\Precip.gdb\precip_chirps_v2_0_2016_05_WMA
149,Unknown 16,5,4,0.0100000003,0.6480465531,1.201421738,0.5533751845,0.8030873388,0.2306181227,3.212349355,0.6814405322,1.049851966,2016_05,2016,5,C:\Users\kem99059\Desktop\Zambezi\Climate\Precipitation_CHIRPS\ExtractByMsk\Precip.gdb\precip_chirps_v2_0_2016_05_WMA
150,Chidobe,6,3,0.007500000224,1.24972713,1.531097293,0.281370163,1.395455758,0.1150901219,4.186367273,1.40554285,1.505986404,2016_05,2016,5,C:\Users\kem99059\Desktop\Zambezi\Climate\Precipitation_CHIRPS\ExtractByMsk\Precip.gdb\precip_chirps_v2_0_2016_05_WMA
151,Jambezi,7,10,0.02500000075,1.079643369,1.340450764,0.260807395,1.210852039,0.08381394959,12.10852039,1.197318792,1.315894175,2016_05,2016,5,C:\Users\kem99059\Desktop\Zambezi\Climate\Precipitation_CHIRPS\ExtractByMsk\Precip.gdb\precip_chirps_v2_0_2016_05_WMA
152,Kachecheti,8,5,0.01250000037,1.196359158,1.530776739,0.3344175816,1.347195864,0.1136713549,6.735979319,1.342130065,1.476698112,2016_05,2016,5,C:\Users\kem99059\Desktop\Zambezi\Climate\Precipitation_CHIRPS\ExtractByMsk\Precip.gdb\precip_chirps_v2_0_2016_05_WMA
153,Mabale,9,5,0.01250000037,1.752028227,1.773727417,0.02169919014,1.761049223,0.01034198219,8.805246115,1.752962351,1.773713017,2016_05,2016,5,C:\Users\kem99059\Desktop\Zambezi\Climate\Precipitation_CHIRPS\ExtractByMsk\Precip.gdb\precip_chirps_v2_0_2016_05_WMA
154,Nekatambe,1,15,0.03750000112,0.4591001868,0.7605285645,0.3014283776,0.5902500153,0.08904222269,8.853750229,0.5822110176,0.7162695885,2016_06,2016,6,C:\Users\kem99059\Desktop\Zambezi\Climate\Precipitation_CHIRPS\ExtractByMsk\Precip.gdb\precip_chirps_v2_0_2016_06_WMA
155,Nemananga,2,7,0.01750000052,0.5359398127,0.576716125,0.04077631235,0.5625491142,0.01201710599,3.9378438,0.5661222935,0.5724861741,2016_06,2016,6,C:\Users\kem99059\Desktop\Zambezi\Climate\Precipitation_CHIRPS\ExtractByMsk\Precip.gdb\precip_chirps_v2_0_2016_06_WMA
156,Sidinda,3,18,0.04500000134,0.4347085953,0.6568431854,0.2221345901,0.5362845941,0.0628331937,9.653122693,0.5277574658,0.6244682312,2016_06,2016,6,C:\Users\kem99059\Desktop\Zambezi\Climate\Precipitation_CHIRPS\ExtractByMsk\Precip.gdb\precip_chirps_v2_0_2016_06_WMA
157,Simangani,4,17,0.04250000127,0.4018644094,0.4590680003,0.05720359087,0.4340191168,0.01707477807,7.378324986,0.4349716008,0.4561861396,2016_06,2016,6,C:\Users\kem99059\Desktop\Zambezi\Climate\Precipitation_CHIRPS\ExtractByMsk\Precip.gdb\precip_chirps_v2_0_2016_06_WMA
158,Unknown 16,5,4,0.0100000003,0.3756606579,0.4646795392,0.08901888132,0.4240860194,0.03466828946,1.696344078,0.4280019403,0.4596161187,2016_06,2016,6,C:\Users\kem99059\Desktop\Zambezi\Climate\Precipitation_CHIRPS\ExtractByMsk\Precip.gdb\precip_chirps_v2_0_2016_06_WMA
159,Chidobe,6,3,0.007500000224,0.464097023,0.4893566966,0.0252596736,0.4743803342,0.01083301511,1.423141003,0.469687283,0.4854228139,2016_06,2016,6,C:\Users\kem99059\Desktop\Zambezi\Climate\Precipitation_CHIRPS\ExtractByMsk\Precip.gdb\precip_chirps_v2_0_2016_06_WMA
160,Jambezi,7,10,0.02500000075,0.5285525322,0.5956678391,0.06711530685,0.5700862944,0.01858169304,5.700862944,0.5746884048,0.5908913612,2016_06,2016,6,C:\Users\kem99059\Desktop\Zambezi\Climate\Precipitation_CHIRPS\ExtractByMsk\Precip.gdb\precip_chirps_v2_0_2016_06_WMA
161,Kachecheti,8,5,0.01250000037,0.4746967554,0.5225780606,0.04788130522,0.5019610643,0.01557751292,2.509805322,0.5027483702,0.5169757247,2016_06,2016,6,C:\Users\kem99059\Desktop\Zambezi\Climate\Precipitation_CHIRPS\ExtractByMsk\Precip.gdb\precip_chirps_v2_0_2016_06_WMA
162,Mabale,9,5,0.01250000037,0.7214201689,0.8327071071,0.1112869382,0.7855835319,0.04057596154,3.927917659,0.7872922421,0.8288370252,2016_06,2016,6,C:\Users\kem99059\Desktop\Zambezi\Climate\Precipitation_CHIRPS\ExtractByMsk\Precip.gdb\precip_chirps_v2_0_2016_06_WMA
163,Nekatambe,1,15,0.03750000112,0.03126198798,0.05492004752,0.02365805954,0.04184836124,0.006447255555,0.6277254187,0.04074863344,0.05110966191,2016_07,2016,7,C:\Users\kem99059\Desktop\Zambezi\Climate\Precipitation_CHIRPS\ExtractByMsk\Precip.gdb\precip_chirps_v2_0_2016_07_WMA
164,Nemananga,2,7,0.01750000052,0.04161372408,0.04516890645,0.003555182368,0.0430848673,0.001140702346,0.3015940711,0.0427842699,0.04467049167,2016_07,2016,7,C:\Users\kem99059\Desktop\Zambezi\Climate\Precipitation_CHIRPS\ExtractByMsk\Precip.gdb\precip_chirps_v2_0_2016_07_WMA
165,Sidinda,3,18,0.04500000134,0.03174795955,0.04703821614,0.01529025659,0.04043189126,0.004658725038,0.7277740426,0.04049209133,0.0457594566,2016_07,2016,7,C:\Users\kem99059\Desktop\Zambezi\Climate\Precipitation_CHIRPS\ExtractByMsk\Precip.gdb\precip_chirps_v2_0_2016_07_WMA
166,Simangani,4,17,0.04250000127,0.02676406689,0.03632147983,0.009557412937,0.03076967696,0.002493245219,0.5230845083,0.03014627099,0.03405835554,2016_07,2016,7,C:\Users\kem99059\Desktop\Zambezi\Climate\Precipitation_CHIRPS\ExtractByMsk\Precip.gdb\precip_chirps_v2_0_2016_07_WMA
167,Unknown 16,5,4,0.0100000003,0.02660173178,0.02971358225,0.00311185047,0.02818808146,0.001451859944,0.1127523258,0.0282185059,0.02966677267,2016_07,2016,7,C:\Users\kem99059\Desktop\Zambezi\Climate\Precipitation_CHIRPS\ExtractByMsk\Precip.gdb\precip_chirps_v2_0_2016_07_WMA
168,Chidobe,6,3,0.007500000224,0.03692387044,0.04003218561,0.00310831517,0.03850710019,0.001269630227,0.1155213006,0.03856524453,0.0397387974,2016_07,2016,7,C:\Users\kem99059\Desktop\Zambezi\Climate\Precipitation_CHIRPS\ExtractByMsk\Precip.gdb\precip_chirps_v2_0_2016_07_WMA
169,Jambezi,7,10,0.02500000075,0.04077108577,0.04780935496,0.007038269192,0.04407305084,0.002181784878,0.4407305084,0.04435041174,0.04700660333,2016_07,2016,7,C:\Users\kem99059\Desktop\Zambezi\Climate\Precipitation_CHIRPS\ExtractByMsk\Precip.gdb\precip_chirps_v2_0_2016_07_WMA
170,Kachecheti,8,5,0.01250000037,0.03708371893,0.04289861023,0.005814891309,0.04046300352,0.001927628908,0.2023150176,0.04094470665,0.04228333682,2016_07,2016,7,C:\Users\kem99059\Desktop\Zambezi\Climate\Precipitation_CHIRPS\ExtractByMsk\Precip.gdb\precip_chirps_v2_0_2016_07_WMA
171,Mabale,9,5,0.01250000037,0.04567690194,0.05428726599,0.00861036405,0.04972953424,0.002968701522,0.2486476712,0.05009721592,0.05300253406,2016_07,2016,7,C:\Users\kem99059\Desktop\Zambezi\Climate\Precipitation_CHIRPS\ExtractByMsk\Precip.gdb\precip_chirps_v2_0_2016_07_WMA
172,Nekatambe,1,15,0.03750000112,0.02680252492,0.07907755673,0.05227503181,0.05051993206,0.01283196202,0.7577989809,0.0494726412,0.06275769472,2016_08,2016,8,C:\Users\kem99059\Desktop\Zambezi\Climate\Precipitation_CHIRPS\ExtractByMsk\Precip.gdb\precip_chirps_v2_0_2016_08_WMA
173,Nemananga,2,7,0.01750000052,0.07325105369,0.1028357595,0.02958470583,0.086658531,0.009719213739,0.606609717,0.08369059861,0.0998724997,2016_08,2016,8,C:\Users\kem99059\Desktop\Zambezi\Climate\Precipitation_CHIRPS\ExtractByMsk\Precip.gdb\precip_chirps_v2_0_2016_08_WMA
174,Sidinda,3,18,0.04500000134,0.004402674735,0.06154727563,0.0571446009,0.03645885374,0.01665274009,0.6562593672,0.03863625601,0.05368655995,2016_08,2016,8,C:\Users\kem99059\Desktop\Zambezi\Climate\Precipitation_CHIRPS\ExtractByMsk\Precip.gdb\precip_chirps_v2_0_2016_08_WMA
175,Simangani,4,17,0.04250000127,0.000000018762647,0.0269669611,0.02696694234,0.01024684585,0.007222731239,0.1741963794,0.007456186228,0.02146363072,2016_08,2016,8,C:\Users\kem99059\Desktop\Zambezi\Climate\Precipitation_CHIRPS\ExtractByMsk\Precip.gdb\precip_chirps_v2_0_2016_08_WMA
176,Unknown 16,5,4,0.0100000003,0.000000019368356,0.007589578163,0.007589558795,0.002213712372,0.00314644323,0.008854849487,0.0006326259778,0.005692274449,2016_08,2016,8,C:\Users\kem99059\Desktop\Zambezi\Climate\Precipitation_CHIRPS\ExtractByMsk\Precip.gdb\precip_chirps_v2_0_2016_08_WMA
177,Chidobe,6,3,0.007500000224,0.1037010625,0.1279099435,0.02420888096,0.1163295259,0.009910979751,0.3489885777,0.1173775718,0.1258034691,2016_08,2016,8,C:\Users\kem99059\Desktop\Zambezi\Climate\Precipitation_CHIRPS\ExtractByMsk\Precip.gdb\precip_chirps_v2_0_2016_08_WMA
178,Jambezi,7,10,0.02500000075,0.0509134084,0.08017159998,0.02925819159,0.06597668976,0.009848898618,0.6597668976,0.06826805696,0.07665185779,2016_08,2016,8,C:\Users\kem99059\Desktop\Zambezi\Climate\Precipitation_CHIRPS\ExtractByMsk\Precip.gdb\precip_chirps_v2_0_2016_08_WMA
179,Kachecheti,8,5,0.01250000037,0.1068850234,0.1457277387,0.03884271532,0.1242495,0.0130957432,0.6212475002,0.1263265908,0.1382844836,2016_08,2016,8,C:\Users\kem99059\Desktop\Zambezi\Climate\Precipitation_CHIRPS\ExtractByMsk\Precip.gdb\precip_chirps_v2_0_2016_08_WMA
180,Mabale,9,5,0.01250000037,0.1665062159,0.4360648394,0.2695586234,0.2919252485,0.1007734556,1.459626243,0.3317428231,0.3963277102,2016_08,2016,8,C:\Users\kem99059\Desktop\Zambezi\Climate\Precipitation_CHIRPS\ExtractByMsk\Precip.gdb\precip_chirps_v2_0_2016_08_WMA
181,Nekatambe,1,15,0.03750000112,0.7076472044,1.124674559,0.4170273542,0.8612085144,0.1172446703,12.91812772,0.8447641134,0.9960055351,2016_09,2016,9,C:\Users\kem99059\Desktop\Zambezi\Climate\Precipitation_CHIRPS\ExtractByMsk\Precip.gdb\precip_chirps_v2_0_2016_09_WMA
182,Nemananga,2,7,0.01750000052,0.9241164327,1.137221336,0.2131049037,1.027175835,0.07235768315,7.190230846,1.026977658,1.118930387,2016_09,2016,9,C:\Users\kem99059\Desktop\Zambezi\Climate\Precipitation_CHIRPS\ExtractByMsk\Precip.gdb\precip_chirps_v2_0_2016_09_WMA
183,Sidinda,3,18,0.04500000134,0.5472157001,0.8605621457,0.3133464456,0.7109467189,0.09862471826,12.79704094,0.7113405168,0.8300854862,2016_09,2016,9,C:\Users\kem99059\Desktop\Zambezi\Climate\Precipitation_CHIRPS\ExtractByMsk\Precip.gdb\precip_chirps_v2_0_2016_09_WMA
184,Simangani,4,17,0.04250000127,0.5063296556,0.7154384255,0.2091087699,0.5841721927,0.06247479201,9.930927277,0.5622543097,0.6954745173,2016_09,2016,9,C:\Users\kem99059\Desktop\Zambezi\Climate\Precipitation_CHIRPS\ExtractByMsk\Precip.gdb\precip_chirps_v2_0_2016_09_WMA
185,Unknown 16,5,4,0.0100000003,0.509760499,0.5349644423,0.02520394325,0.5171988308,0.01033987008,2.068795323,0.5120351911,0.5284756422,2016_09,2016,9,C:\Users\kem99059\Desktop\Zambezi\Climate\Precipitation_CHIRPS\ExtractByMsk\Precip.gdb\precip_chirps_v2_0_2016_09_WMA
186,Chidobe,6,3,0.007500000224,1.046890855,1.401104808,0.354213953,1.224814733,0.1446118555,3.674444199,1.226448536,1.366173553,2016_09,2016,9,C:\Users\kem99059\Desktop\Zambezi\Climate\Precipitation_CHIRPS\ExtractByMsk\Precip.gdb\precip_chirps_v2_0_2016_09_WMA
187,Jambezi,7,10,0.02500000075,0.7545278072,0.9999943972,0.2454665899,0.8866109669,0.08288917719,8.866109669,0.9123075008,0.9662732363,2016_09,2016,9,C:\Users\kem99059\Desktop\Zambezi\Climate\Precipitation_CHIRPS\ExtractByMsk\Precip.gdb\precip_chirps_v2_0_2016_09_WMA
188,Kachecheti,8,5,0.01250000037,1.020231366,1.411909103,0.3916777372,1.222827196,0.1277288481,6.114135981,1.219722986,1.358842707,2016_09,2016,9,C:\Users\kem99059\Desktop\Zambezi\Climate\Precipitation_CHIRPS\ExtractByMsk\Precip.gdb\precip_chirps_v2_0_2016_09_WMA
189,Mabale,9,5,0.01250000037,1.23600626,1.561644435,0.325638175,1.38839035,0.1097203357,6.941951752,1.381840825,1.512818694,2016_09,2016,9,C:\Users\kem99059\Desktop\Zambezi\Climate\Precipitation_CHIRPS\ExtractByMsk\Precip.gdb\precip_chirps_v2_0_2016_09_WMA
190,Nekatambe,1,15,0.03750000112,5.152741432,8.679361343,3.526619911,6.8690437,0.9647353221,103.0356555,7.021724701,8.121543503,2016_10,2016,10,C:\Users\kem99059\Desktop\Zambezi\Climate\Precipitation_CHIRPS\ExtractByMsk\Precip.gdb\precip_chirps_v2_0_2016_10_WMA
191,Nemananga,2,7,0.01750000052,3.472661495,4.175354481,0.7026929855,3.883762802,0.2174878326,27.18633962,3.952656269,4.081233978,2016_10,2016,10,C:\Users\kem99059\Desktop\Zambezi\Climate\Precipitation_CHIRPS\ExtractByMsk\Precip.gdb\precip_chirps_v2_0_2016_10_WMA
192,Sidinda,3,18,0.04500000134,2.530379772,4.180920601,1.650540829,3.344390909,0.3548568637,60.19903636,3.358800054,3.661166406,2016_10,2016,10,C:\Users\kem99059\Desktop\Zambezi\Climate\Precipitation_CHIRPS\ExtractByMsk\Precip.gdb\precip_chirps_v2_0_2016_10_WMA
193,Simangani,4,17,0.04250000127,2.76490736,4.335175037,1.570267677,3.699322392,0.413157295,62.88848066,3.715384007,4.200222778,2016_10,2016,10,C:\Users\kem99059\Desktop\Zambezi\Climate\Precipitation_CHIRPS\ExtractByMsk\Precip.gdb\precip_chirps_v2_0_2016_10_WMA
194,Unknown 16,5,4,0.0100000003,3.127616882,3.870640039,0.7430231571,3.53202951,0.2696191187,14.12811804,3.564930558,3.800567007,2016_10,2016,10,C:\Users\kem99059\Desktop\Zambezi\Climate\Precipitation_CHIRPS\ExtractByMsk\Precip.gdb\precip_chirps_v2_0_2016_10_WMA
195,Chidobe,6,3,0.007500000224,5.134749889,6.010617733,0.8758678436,5.568860054,0.3576124375,16.70658016,5.56121254,5.920736694,2016_10,2016,10,C:\Users\kem99059\Desktop\Zambezi\Climate\Precipitation_CHIRPS\ExtractByMsk\Precip.gdb\precip_chirps_v2_0_2016_10_WMA
196,Jambezi,7,10,0.02500000075,2.235398769,3.610526562,1.375127792,3.19018569,0.4513981434,31.9018569,3.441201448,3.609322572,2016_10,2016,10,C:\Users\kem99059\Desktop\Zambezi\Climate\Precipitation_CHIRPS\ExtractByMsk\Precip.gdb\precip_chirps_v2_0_2016_10_WMA
197,Kachecheti,8,5,0.01250000037,4.386917114,5.639526367,1.252609253,4.981182194,0.502079994,24.90591097,5.01123333,5.550964355,2016_10,2016,10,C:\Users\kem99059\Desktop\Zambezi\Climate\Precipitation_CHIRPS\ExtractByMsk\Precip.gdb\precip_chirps_v2_0_2016_10_WMA
198,Mabale,9,5,0.01250000037,7.961921692,9.162290573,1.200368881,8.669918633,0.5585304959,43.34959316,9.074006081,9.153046036,2016_10,2016,10,C:\Users\kem99059\Desktop\Zambezi\Climate\Precipitation_CHIRPS\ExtractByMsk\Precip.gdb\precip_chirps_v2_0_2016_10_WMA
199,Nekatambe,1,15,0.03750000112,51.45881653,76.91213226,25.45331573,67.06534119,6.995142241,1005.980118,68.25022125,75.72324219,2016_11,2016,11,C:\Users\kem99059\Desktop\Zambezi\Climate\Precipitation_CHIRPS\ExtractByMsk\Precip.gdb\precip_chirps_v2_0_2016_11_WMA
200,Nemananga,2,7,0.01750000052,72.25995636,83.21159363,10.95163727,76.33594077,3.201854236,534.3515854,75.62255096,79.93423462,2016_11,2016,11,C:\Users\kem99059\Desktop\Zambezi\Climate\Precipitation_CHIRPS\ExtractByMsk\Precip.gdb\precip_chirps_v2_0_2016_11_WMA
201,Sidinda,3,18,0.04500000134,53.03834152,70.56474304,17.52640152,59.82121722,5.315261942,1076.78191,59.18681335,66.82361603,2016_11,2016,11,C:\Users\kem99059\Desktop\Zambezi\Climate\Precipitation_CHIRPS\ExtractByMsk\Precip.gdb\precip_chirps_v2_0_2016_11_WMA
202,Simangani,4,17,0.04250000127,50.78239822,58.41852951,7.636131287,55.05726691,2.043756083,935.9735374,54.51396942,57.38543854,2016_11,2016,11,C:\Users\kem99059\Desktop\Zambezi\Climate\Precipitation_CHIRPS\ExtractByMsk\Precip.gdb\precip_chirps_v2_0_2016_11_WMA
203,Unknown 16,5,4,0.0100000003,52.39414597,57.68880081,5.294654846,54.80208588,2.042496394,219.2083435,54.56269836,57.08241615,2016_11,2016,11,C:\Users\kem99059\Desktop\Zambezi\Climate\Precipitation_CHIRPS\ExtractByMsk\Precip.gdb\precip_chirps_v2_0_2016_11_WMA
204,Chidobe,6,3,0.007500000224,77.64985657,78.73789215,1.088035583,78.11187236,0.4590775851,234.3356171,77.94786835,78.57988739,2016_11,2016,11,C:\Users\kem99059\Desktop\Zambezi\Climate\Precipitation_CHIRPS\ExtractByMsk\Precip.gdb\precip_chirps_v2_0_2016_11_WMA
205,Jambezi,7,10,0.02500000075,65.46958923,80.24462891,14.77503967,72.00409851,4.889010431,720.0409851,71.25344086,78.75475922,2016_11,2016,11,C:\Users\kem99059\Desktop\Zambezi\Climate\Precipitation_CHIRPS\ExtractByMsk\Precip.gdb\precip_chirps_v2_0_2016_11_WMA
206,Kachecheti,8,5,0.01250000037,76.43493652,84.47134399,8.036407471,80.83235168,3.10106185,404.1617584,82.57823181,83.79673462,2016_11,2016,11,C:\Users\kem99059\Desktop\Zambezi\Climate\Precipitation_CHIRPS\ExtractByMsk\Precip.gdb\precip_chirps_v2_0_2016_11_WMA
207,Mabale,9,5,0.01250000037,78.71095276,82.77024841,4.059295654,80.93902588,1.518530475,404.6951294,81.70326996,82.41686707,2016_11,2016,11,C:\Users\kem99059\Desktop\Zambezi\Climate\Precipitation_CHIRPS\ExtractByMsk\Precip.gdb\precip_chirps_v2_0_2016_11_WMA
208,Nekatambe,1,15,0.03750000112,163.8778534,190.1478424,26.26998901,179.0038696,6.888369746,2685.058044,178.019043,188.2255707,2016_12,2016,12,C:\Users\kem99059\Desktop\Zambezi\Climate\Precipitation_CHIRPS\ExtractByMsk\Precip.gdb\precip_chirps_v2_0_2016_12_WMA
209,Nemananga,2,7,0.01750000052,167.7129211,191.8564606,24.14353943,182.2768424,7.323727565,1275.937897,185.0800476,189.0739807,2016_12,2016,12,C:\Users\kem99059\Desktop\Zambezi\Climate\Precipitation_CHIRPS\ExtractByMsk\Precip.gdb\precip_chirps_v2_0_2016_12_WMA
210,Sidinda,3,18,0.04500000134,164.7258148,180.985321,16.25950623,173.7153278,5.05259585,3126.8759,174.0535965,178.860939,2016_12,2016,12,C:\Users\kem99059\Desktop\Zambezi\Climate\Precipitation_CHIRPS\ExtractByMsk\Precip.gdb\precip_chirps_v2_0_2016_12_WMA
211,Simangani,4,17,0.04250000127,169.9935913,182.4405975,12.44700623,175.3812094,3.141754116,2981.48056,175.3668518,179.3513763,2016_12,2016,12,C:\Users\kem99059\Desktop\Zambezi\Climate\Precipitation_CHIRPS\ExtractByMsk\Precip.gdb\precip_chirps_v2_0_2016_12_WMA
212,Unknown 16,5,4,0.0100000003,165.7985229,176.4571533,10.65863037,169.6712494,4.147370737,678.6849976,168.2146606,174.3820007,2016_12,2016,12,C:\Users\kem99059\Desktop\Zambezi\Climate\Precipitation_CHIRPS\ExtractByMsk\Precip.gdb\precip_chirps_v2_0_2016_12_WMA
213,Chidobe,6,3,0.007500000224,203.7064514,213.671524,9.965072632,209.0672099,4.103236456,627.2016296,209.8236542,212.9019501,2016_12,2016,12,C:\Users\kem99059\Desktop\Zambezi\Climate\Precipitation_CHIRPS\ExtractByMsk\Precip.gdb\precip_chirps_v2_0_2016_12_WMA
214,Jambezi,7,10,0.02500000075,169.9312744,189.472702,19.54142761,180.3285522,6.19714864,1803.285522,181.4525146,188.9476791,2016_12,2016,12,C:\Users\kem99059\Desktop\Zambezi\Climate\Precipitation_CHIRPS\ExtractByMsk\Precip.gdb\precip_chirps_v2_0_2016_12_WMA
215,Kachecheti,8,5,0.01250000037,189.7449036,212.8296356,23.08473206,195.1086639,8.892663965,975.5433197,191.4597168,204.3297882,2016_12,2016,12,C:\Users\kem99059\Desktop\Zambezi\Climate\Precipitation_CHIRPS\ExtractByMsk\Precip.gdb\precip_chirps_v2_0_2016_12_WMA
216,Mabale,9,5,0.01250000037,188.2547455,210.6375732,22.38282776,198.7037903,8.283940779,993.5189514,197.9553528,208.4103394,2016_12,2016,12,C:\Users\kem99059\Desktop\Zambezi\Climate\Precipitation_CHIRPS\ExtractByMsk\Precip.gdb\precip_chirps_v2_0_2016_12_WMA