OID_,NAME,ZONE_CODE,COUNT,AREA,MIN,MAX,RANGE,MEAN,STD,SUM,VARIETY,MAJORITY,MINORITY,MEDIAN,PCT90,Date,Year,Month,MERGE_SRC
0,Nekatambe,1,5886.000000000000000,0.034271641134000,104,190,86,162.228791502999997,13.415076040400001,954878.666786000016145,,,,164,178,201701,2017,01,
1,Nemananga,2,3135.000000000000000,0.018253753815000,105,189,84,153.423604541000003,20.150052957800000,480983.000237000000197,,,,154,180,201701,2017,01,
2,Sidinda,3,8451.000000000000000,0.049206530619000,104,190,86,165.731077142000004,13.219313660699999,1400593.332919999957085,,,,168,180,201701,2017,01,
3,Simangani,4,7231.000000000000000,0.042102996439000,113,190,77,163.319273533999990,14.009162838800000,1180961.666919999988750,,,,166,179,201701,2017,01,
4,Unknown 16,5,1659.000000000000000,0.009659641971000,110,188,77,163.205344496000009,11.888838492100000,270757.666519000020344,,,,165,176,201701,2017,01,
5,Chidobe,6,1917.000000000000000,0.011161864773000,98,190,92,148.935315569000011,17.406626644100001,285508.999947000003885,,,,150,170,201701,2017,01,
6,Jambezi,7,3851.000000000000000,0.022422713219000,108,189,81,158.610490808999998,17.719219334500000,610809.000106999999844,,,,162,179,201701,2017,01,
7,Kachecheti,8,2620.000000000000000,0.015255130780000,99,188,89,137.953944143999991,17.972599593100000,361439.333655999973416,,,,137,163,201701,2017,01,
8,Mabale,9,1782.000000000000000,0.010375817958000,112,189,77,165.929293139000009,12.491727781100000,295686.000373999995645,,,,168,179,201701,2017,01,
9,Nekatambe,1,5886.000000000000000,0.034271641134000,94,190,96,172.034431884000014,10.827759118500000,1012594.666070000035688,,,,175,183,201702,2017,02,
10,Nemananga,2,3135.000000000000000,0.018253753815000,130,189,59,171.635194175999999,12.033475698500000,538076.333740000030957,,,,174,185,201702,2017,02,
11,Sidinda,3,8451.000000000000000,0.049206530619000,134,190,56,177.779749732999989,7.985876998270000,1502416.664989999961108,,,,180,185,201702,2017,02,
12,Simangani,4,7231.000000000000000,0.042102996439000,137,190,53,176.062923426999987,8.590566591140000,1273110.999300000024959,,,,178,186,201702,2017,02,
13,Unknown 16,5,1659.000000000000000,0.009659641971000,105,189,84,170.714084654999994,10.671959846200000,283214.666443000023719,,,,173,182,201702,2017,02,
14,Chidobe,6,1917.000000000000000,0.011161864773000,103,190,87,166.461832778000002,12.875634258400000,319107.333434999978635,,,,168,182,201702,2017,02,
15,Jambezi,7,3851.000000000000000,0.022422713219000,125,190,65,172.387518421999999,11.101165611500001,663864.333442999981344,,,,175,185,201702,2017,02,
16,Kachecheti,8,2620.000000000000000,0.015255130780000,127,189,62,161.087658956000013,12.751546715500000,422049.666466000024229,,,,160,180,201702,2017,02,
17,Mabale,9,1782.000000000000000,0.010375817958000,107,188,81,170.990647201000002,9.465733624309999,304705.333312999980990,,,,172,181,201702,2017,02,
18,Nekatambe,1,5886.000000000000000,0.034271641134000,99,190,91,171.170970764000003,10.602320130400001,1007512.333920000004582,,,,174,182,201703,2017,03,
19,Nemananga,2,3135.000000000000000,0.018253753815000,141,189,48,173.454970690000010,9.571767422700001,543781.333115000044927,,,,176,184,201703,2017,03,
20,Sidinda,3,8451.000000000000000,0.049206530619000,127,190,63,177.153394066000004,5.562215038800000,1497123.333249999908730,,,,178,183,201703,2017,03,
21,Simangani,4,7231.000000000000000,0.042102996439000,127,190,63,174.289217726000004,7.957232140360000,1260285.333369999891147,,,,175,184,201703,2017,03,
22,Unknown 16,5,1659.000000000000000,0.009659641971000,121,189,69,171.223025688999996,8.471652206210001,284058.999619000009261,,,,172,181,201703,2017,03,
23,Chidobe,6,1917.000000000000000,0.011161864773000,139,188,49,169.748739346999997,9.441077123359999,325408.333327999978792,,,,171,181,201703,2017,03,
24,Jambezi,7,3851.000000000000000,0.022422713219000,138,189,51,174.847052630000007,8.202105911060000,673335.999680000008084,,,,177,183,201703,2017,03,
25,Kachecheti,8,2620.000000000000000,0.015255130780000,142,189,47,170.577989878000011,9.755187288320000,446914.333480999979656,,,,171,183,201703,2017,03,
26,Mabale,9,1782.000000000000000,0.010375817958000,153,189,36,175.427796454999992,6.067407706500000,312612.333281999977771,,,,176,183,201703,2017,03,
27,Nekatambe,1,5886.000000000000000,0.034271641134000,102,190,88,162.427228444999997,11.970967175000000,956046.666625999961980,,,,164,176,201704,2017,04,
28,Nemananga,2,3135.000000000000000,0.018253753815000,134,189,56,166.049229053999994,10.654642595600000,520564.333083999983501,,,,165,181,201704,2017,04,
29,Sidinda,3,8451.000000000000000,0.049206530619000,132,189,57,161.944661502999992,8.460495543130000,1368594.334370000055060,,,,162,173,201704,2017,04,
30,Simangani,4,7231.000000000000000,0.042102996439000,126,189,63,161.824551858000007,11.302260748200000,1170153.334490000037476,,,,162,176,201704,2017,04,
31,Unknown 16,5,1659.000000000000000,0.009659641971000,119,182,63,160.918625802000008,9.877673057759999,266964.000205999996979,,,,160,174,201704,2017,04,
32,Chidobe,6,1917.000000000000000,0.011161864773000,134,190,56,162.186924161999997,10.713274708900000,310912.333617999975104,,,,162,177,201704,2017,04,
33,Jambezi,7,3851.000000000000000,0.022422713219000,139,189,50,164.810525442999989,8.839067081180000,634685.333481000037864,,,,165,176,201704,2017,04,
34,Kachecheti,8,2620.000000000000000,0.015255130780000,131,189,58,164.694529321999994,10.760202789199999,431499.666824000014458,,,,164,179,201704,2017,04,
35,Mabale,9,1782.000000000000000,0.010375817958000,139,190,51,168.391507544000007,8.794989128999999,300073.666443000023719,,,,169,179,201704,2017,04,
36,Nekatambe,1,5886.000000000000000,0.034271641134000,114,179,65,145.988900075000004,8.586593869750001,859290.665840000030585,,,,147,157,201706,2017,06,
37,Nemananga,2,3135.000000000000000,0.018253753815000,127,184,57,152.405635114999995,13.723456152800001,477791.666084000025876,,,,146,176,201706,2017,06,
38,Sidinda,3,8451.000000000000000,0.049206530619000,126,180,54,143.034196935000011,5.714374205470000,1208781.998300000093877,,,,142,151,201706,2017,06,
39,Simangani,4,7231.000000000000000,0.042102996439000,124,172,48,144.741713642999997,8.086831798830000,1046627.331349999993108,,,,144,155,201706,2017,06,
40,Unknown 16,5,1659.000000000000000,0.009659641971000,119,170,52,144.383965941000014,8.267413621279999,239532.999496000004001,,,,143,155,201706,2017,06,
41,Chidobe,6,1917.000000000000000,0.011161864773000,129,182,53,147.631716063999988,10.330194673099999,283009.999695000005886,,,,145,163,201706,2017,06,
42,Jambezi,7,3851.000000000000000,0.022422713219000,128,183,55,145.761706664999991,6.479919243680000,561328.332367000053637,,,,145,153,201706,2017,06,
43,Kachecheti,8,2620.000000000000000,0.015255130780000,126,184,58,152.214885310000000,11.678159064800001,398802.999512000009418,,,,150,169,201706,2017,06,
44,Mabale,9,1782.000000000000000,0.010375817958000,136,178,43,154.227459712000012,8.197403351340000,274833.333205999981146,,,,155,165,201706,2017,06,
45,Nekatambe,1,5886.000000000000000,0.034271641134000,105,163,58,139.254671828999989,6.356413698720000,819652.998383000027388,,,,140,147,201707,2017,07,
46,Nemananga,2,3135.000000000000000,0.018253753815000,124,184,61,145.780754828999989,14.384573756400000,457022.666389000019990,,,,139,170,201707,2017,07,
47,Sidinda,3,8451.000000000000000,0.049206530619000,122,159,36,136.474302502999990,4.437968013650000,1153344.330450000008568,,,,136,142,201707,2017,07,
48,Simangani,4,7231.000000000000000,0.042102996439000,121,163,42,138.516203200000007,6.162435356280000,1001610.665339999948628,,,,138,147,201707,2017,07,
49,Unknown 16,5,1659.000000000000000,0.009659641971000,119,166,47,138.289129854000009,6.991861842090000,229421.666427999996813,,,,137,147,201707,2017,07,
50,Chidobe,6,1917.000000000000000,0.011161864773000,124,174,50,141.360632951000014,9.728226597060001,270988.333365999977104,,,,139,156,201707,2017,07,
51,Jambezi,7,3851.000000000000000,0.022422713219000,124,170,46,137.843070761999996,5.578233967190000,530833.665504000033252,,,,137,144,201707,2017,07,
52,Kachecheti,8,2620.000000000000000,0.015255130780000,123,183,60,145.773027831000007,11.624006517000000,381925.332915999984834,,,,144,163,201707,2017,07,
53,Mabale,9,1782.000000000000000,0.010375817958000,129,171,41,142.473998921000003,6.599458734850000,253888.666077000001678,,,,142,152,201707,2017,07,
54,Nekatambe,1,5886.000000000000000,0.034271641134000,103,154,50,134.917770698999988,4.933659174040000,794125.998337000026368,,,,135,141,201708,2017,08,
55,Nemananga,2,3135.000000000000000,0.018253753815000,122,181,59,140.704731358999993,12.679326348300000,441109.332808999984991,,,,135,162,201708,2017,08,
56,Sidinda,3,8451.000000000000000,0.049206530619000,121,150,29,133.099869495999997,3.670434138430000,1124826.997110000113025,,,,133,138,201708,2017,08,
57,Simangani,4,7231.000000000000000,0.042102996439000,120,155,35,134.183192362000000,4.497373626110000,970278.663971000001766,,,,134,140,201708,2017,08,
58,Unknown 16,5,1659.000000000000000,0.009659641971000,119,162,43,134.360859438999995,5.912256050310000,222904.665810000005877,,,,133,141,201708,2017,08,
59,Chidobe,6,1917.000000000000000,0.011161864773000,123,159,36,136.703007939999992,7.672664224240000,262059.666221999999834,,,,135,148,201708,2017,08,
60,Jambezi,7,3851.000000000000000,0.022422713219000,122,161,39,133.877174309999987,4.751173625370000,515560.998268000024837,,,,133,139,201708,2017,08,
61,Kachecheti,8,2620.000000000000000,0.015255130780000,121,165,44,140.404071058999989,9.723144175750001,367858.666176000027917,,,,138,155,201708,2017,08,
62,Mabale,9,1782.000000000000000,0.010375817958000,126,161,35,136.116161046999991,4.986567767850000,242558.998985000012908,,,,135,143,201708,2017,08,
63,Nekatambe,1,5886.000000000000000,0.034271641134000,114,164,50,133.563314064999986,3.963411896040000,786153.666588000021875,,,,134,138,201710,2017,10,
64,Nemananga,2,3135.000000000000000,0.018253753815000,122,158,36,135.270281716999989,6.225330052320000,424072.333182999980636,,,,134,145,201710,2017,10,
65,Sidinda,3,8451.000000000000000,0.049206530619000,123,150,27,132.368358747999991,3.139588331690000,1118644.999779999954626,,,,132,136,201710,2017,10,
66,Simangani,4,7231.000000000000000,0.042102996439000,122,150,27,132.522979571000008,2.811899789110000,958273.665276000043377,,,,132,136,201710,2017,10,
67,Unknown 16,5,1659.000000000000000,0.009659641971000,115,161,46,132.078561205000000,4.612597990870000,219118.333038000011584,,,,132,136,201710,2017,10,
68,Chidobe,6,1917.000000000000000,0.011161864773000,123,155,32,134.136150186999998,5.295626074040000,257138.999907999997959,,,,133,141,201710,2017,10,
69,Jambezi,7,3851.000000000000000,0.022422713219000,124,155,31,133.345278224999987,3.534348598230000,513512.666443000023719,,,,133,138,201710,2017,10,
70,Kachecheti,8,2620.000000000000000,0.015255130780000,122,173,51,134.812340965000004,5.007130710700000,353208.333327999978792,,,,134,141,201710,2017,10,
71,Mabale,9,1782.000000000000000,0.010375817958000,127,173,46,136.444257408999988,4.947269337930000,243143.666701999987708,,,,135,143,201710,2017,10,
72,Nekatambe,1,5886.000000000000000,0.034271641134000,101,150,49,132.099274506000000,3.782878255630000,777536.329741999972612,,,,132,136,201709,2017,09,
73,Nemananga,2,3135.000000000000000,0.018253753815000,122,156,34,135.184263229000010,7.986141248340000,423802.665221999981441,,,,132,149,201709,2017,09,
74,Sidinda,3,8451.000000000000000,0.049206530619000,121,143,22,130.203920057000005,2.646064758430000,1100353.328399999998510,,,,130,134,201709,2017,09,
75,Simangani,4,7231.000000000000000,0.042102996439000,121,143,22,130.984602679000005,3.111382721280000,947149.661972000030801,,,,131,135,201709,2017,09,
76,Unknown 16,5,1659.000000000000000,0.009659641971000,115,163,48,131.201526419000004,5.112953373030000,217663.332328999997117,,,,130,136,201709,2017,09,
77,Chidobe,6,1917.000000000000000,0.011161864773000,123,148,24,132.855329135999995,4.872993518950000,254683.665955000004033,,,,132,139,201709,2017,09,
78,Jambezi,7,3851.000000000000000,0.022422713219000,123,149,26,130.898467275000002,3.223570180490000,504089.997474999981932,,,,130,135,201709,2017,09,
79,Kachecheti,8,2620.000000000000000,0.015255130780000,123,151,28,135.172136821999999,6.040477730050000,354150.998474000021815,,,,134,144,201709,2017,09,
80,Mabale,9,1782.000000000000000,0.010375817958000,126,152,26,133.029741324000014,3.970388819200000,237058.999038999987533,,,,132,138,201709,2017,09,
81,Nekatambe,1,5886.000000000000000,0.034271641134000,111,175,63,136.760901509000007,8.364794620310001,804974.666283000027761,,,,137,148,201711,2017,11,
82,Nemananga,2,3135.000000000000000,0.018253753815000,111,177,65,141.045082274999999,8.275061946979999,442176.332931999990251,,,,140,153,201711,2017,11,
83,Sidinda,3,8451.000000000000000,0.049206530619000,119,176,56,137.357629994999996,6.462563264170000,1160809.331089999992400,,,,137,146,201711,2017,11,
84,Simangani,4,7231.000000000000000,0.042102996439000,119,172,53,137.653666692999991,5.210507526320000,995373.663856999948621,,,,138,144,201711,2017,11,
85,Unknown 16,5,1659.000000000000000,0.009659641971000,98,164,66,137.956198023000013,7.151504615280000,228869.332519999996293,,,,137,148,201711,2017,11,
86,Chidobe,6,1917.000000000000000,0.011161864773000,113,181,68,141.771169966000002,9.050956532340001,271775.332824999990407,,,,140,154,201711,2017,11,
87,Jambezi,7,3851.000000000000000,0.022422713219000,122,174,52,138.283129798999994,6.322069968460000,532528.332855000044219,,,,138,146,201711,2017,11,
88,Kachecheti,8,2620.000000000000000,0.015255130780000,123,176,53,141.908396734000007,7.965894710660000,371799.999443000007886,,,,141,152,201711,2017,11,
89,Mabale,9,1782.000000000000000,0.010375817958000,131,178,47,150.796296218999998,9.106646364570000,268718.999863000004552,,,,150,164,201711,2017,11,
90,Nekatambe,1,5886.000000000000000,0.034271641134000,113,186,73,144.473949374000000,13.585062478999999,850373.666015999973752,,,,144,164,201712,2017,12,
91,Nemananga,2,3135.000000000000000,0.018253753815000,121,187,66,155.202551854000006,11.886842151700000,486560.000060999998823,,,,155,172,201712,2017,12,
92,Sidinda,3,8451.000000000000000,0.049206530619000,117,183,66,146.285173291999996,9.077772673809999,1236255.999490000074729,,,,146,158,201712,2017,12,
93,Simangani,4,7231.000000000000000,0.042102996439000,120,178,58,144.293043815000004,7.313965999080000,1043382.999820000026375,,,,145,153,201712,2017,12,
94,Unknown 16,5,1659.000000000000000,0.009659641971000,97,172,75,145.203737265000001,7.542828513060000,240893.000121999997646,,,,145,155,201712,2017,12,
95,Chidobe,6,1917.000000000000000,0.011161864773000,122,185,64,155.240132068999998,11.593718618900001,297595.333175999985542,,,,155,171,201712,2017,12,
96,Jambezi,7,3851.000000000000000,0.022422713219000,121,186,65,150.609884963000013,11.046860632800000,579998.666991999954917,,,,152,164,201712,2017,12,
97,Kachecheti,8,2620.000000000000000,0.015255130780000,123,187,64,155.240458085000000,11.184019833500001,406730.000182999996468,,,,155,170,201712,2017,12,
98,Mabale,9,1782.000000000000000,0.010375817958000,134,185,51,159.593153682999997,10.278053125300000,284394.999863000004552,,,,160,173,201712,2017,12,
99,Nekatambe,1,5886.000000000000000,0.034271641134000,109,186,78,160.878242117000013,12.927386199500001,946929.333099000039510,,,,165,174,201802,2018,02,
100,Nemananga,2,3135.000000000000000,0.018253753815000,118,186,68,160.402977114000009,11.905452135000001,502863.333251999982167,,,,161,176,201802,2018,02,
101,Sidinda,3,8451.000000000000000,0.049206530619000,115,189,75,156.595116968000013,12.747142993700001,1323385.333499999949709,,,,157,173,201802,2018,02,
102,Simangani,4,7231.000000000000000,0.042102996439000,115,189,74,163.173604415999989,11.820535131500000,1179908.333529999945313,,,,165,177,201802,2018,02,
103,Unknown 16,5,1659.000000000000000,0.009659641971000,115,183,68,163.638336398000007,8.947996509259999,271476.000083999999333,,,,164,174,201802,2018,02,
104,Chidobe,6,1917.000000000000000,0.011161864773000,120,187,67,162.127803863999986,11.747441874500000,310799.000008000002708,,,,163,176,201802,2018,02,
105,Jambezi,7,3851.000000000000000,0.022422713219000,124,188,64,158.115727660999994,13.194434528500000,608903.667220999952406,,,,159,175,201802,2018,02,
106,Kachecheti,8,2620.000000000000000,0.015255130780000,124,186,62,160.749236620999994,10.085546448800001,421162.999947000003885,,,,160,174,201802,2018,02,
107,Mabale,9,1782.000000000000000,0.010375817958000,126,184,58,158.722783354999990,9.723408530020000,282843.999939000001177,,,,159,170,201802,2018,02,
108,Nekatambe,1,5886.000000000000000,0.034271641134000,113,187,74,156.353947274000006,15.178714996000000,920299.333655999973416,,,,159,174,201801,2018,01,
109,Nemananga,2,3135.000000000000000,0.018253753815000,134,188,54,165.012121250999996,10.833713110400000,517313.000121999997646,,,,167,178,201801,2018,01,
110,Sidinda,3,8451.000000000000000,0.049206530619000,127,188,62,163.266674612000003,9.323815730910001,1379766.667140000034124,,,,164,174,201801,2018,01,
111,Simangani,4,7231.000000000000000,0.042102996439000,124,188,65,160.668234038999998,10.838154856199999,1161792.000340000027791,,,,162,174,201801,2018,01,
112,Unknown 16,5,1659.000000000000000,0.009659641971000,113,183,70,161.375125615999991,9.128077775250000,267721.333396999980323,,,,162,172,201801,2018,01,
113,Chidobe,6,1917.000000000000000,0.011161864773000,127,189,61,161.286906533000007,11.440500479400001,309186.999825000006240,,,,162,176,201801,2018,01,
114,Jambezi,7,3851.000000000000000,0.022422713219000,132,188,57,164.134423999999996,11.091969606499999,632081.666823999956250,,,,167,177,201801,2018,01,
115,Kachecheti,8,2620.000000000000000,0.015255130780000,134,186,52,161.750636116999999,10.231895163500001,423786.666626000020187,,,,162,175,201801,2018,01,
116,Mabale,9,1782.000000000000000,0.010375817958000,127,185,58,157.074635228000005,10.678449403400000,279906.999976999999490,,,,157,171,201801,2018,01,
117,Nekatambe,1,5886.000000000000000,0.034271641134000,106,189,84,167.552100994000000,10.756656605800000,986211.666450000018813,,,,170,179,201804,2018,04,
118,Nemananga,2,3135.000000000000000,0.018253753815000,140,190,49,170.467091976000006,9.040263257090000,534414.333344000042416,,,,171,182,201804,2018,04,
119,Sidinda,3,8451.000000000000000,0.049206530619000,142,188,46,172.259180442999991,5.792418151000000,1455762.333919999888167,,,,173,179,201804,2018,04,
120,Simangani,4,7231.000000000000000,0.042102996439000,138,189,51,169.574056281999987,8.125416017139999,1226190.000980000011623,,,,170,179,201804,2018,04,
121,Unknown 16,5,1659.000000000000000,0.009659641971000,115,186,72,167.141450593000002,8.301608278950001,277287.666534000018146,,,,167,177,201804,2018,04,
122,Chidobe,6,1917.000000000000000,0.011161864773000,146,188,41,167.473830658999987,8.568074236199999,321047.333373999979813,,,,168,179,201804,2018,04,
123,Jambezi,7,3851.000000000000000,0.022422713219000,144,188,44,171.110880366000004,7.212328548900000,658948.000289999996312,,,,172,179,201804,2018,04,
124,Kachecheti,8,2620.000000000000000,0.015255130780000,139,188,49,168.309923733999995,8.965841044510000,440972.000182999996468,,,,169,180,201804,2018,04,
125,Mabale,9,1782.000000000000000,0.010375817958000,144,188,44,170.619341531999993,8.457625679410000,304043.666611000022385,,,,172,181,201804,2018,04,
126,Nekatambe,1,5886.000000000000000,0.034271641134000,96,188,92,170.736266795999995,10.077766517100001,1004953.666360000032000,,,,173,181,201803,2018,03,
127,Nemananga,2,3135.000000000000000,0.018253753815000,132,189,57,171.292929324999989,8.709284573900000,537003.333435000036843,,,,173,181,201803,2018,03,
128,Sidinda,3,8451.000000000000000,0.049206530619000,124,190,66,171.802587439000007,7.723645506320000,1451903.666449999902397,,,,173,180,201803,2018,03,
129,Simangani,4,7231.000000000000000,0.042102996439000,124,189,65,172.719033776999993,8.063502717970000,1248931.333240000065416,,,,174,183,201803,2018,03,
130,Unknown 16,5,1659.000000000000000,0.009659641971000,104,187,83,170.346192537999997,8.675940851949999,282604.333419999980833,,,,172,180,201803,2018,03,
131,Chidobe,6,1917.000000000000000,0.011161864773000,132,188,56,166.141540789999993,8.489461965669999,318493.333693999971729,,,,166,177,201803,2018,03,
132,Jambezi,7,3851.000000000000000,0.022422713219000,128,189,60,169.415563020000008,10.079959126800000,652419.333191000041552,,,,171,181,201803,2018,03,
133,Kachecheti,8,2620.000000000000000,0.015255130780000,130,185,54,166.730025318999992,7.677189801830000,436832.666336000023875,,,,167,176,201803,2018,03,
134,Mabale,9,1782.000000000000000,0.010375817958000,122,187,66,169.584923249000013,8.693467296570001,302200.333228999981657,,,,171,180,201803,2018,03,
135,Nekatambe,1,5886.000000000000000,0.034271641134000,113,183,70,157.007928389000000,10.253583054300000,924148.666496000019833,,,,159,169,201805,2018,05,
136,Nemananga,2,3135.000000000000000,0.018253753815000,132,186,55,159.941307732000013,11.592381032400001,501415.999741000006907,,,,157,178,201805,2018,05,
137,Sidinda,3,8451.000000000000000,0.049206530619000,129,186,57,155.943359718000011,6.409713043770000,1317877.332979999948293,,,,156,164,201805,2018,05,
138,Simangani,4,7231.000000000000000,0.042102996439000,127,185,58,156.908587942999986,8.705912660610000,1134605.999409999931231,,,,157,168,201805,2018,05,
139,Unknown 16,5,1659.000000000000000,0.009659641971000,92,180,88,155.884870266000007,9.035582823630000,258612.999771000002511,,,,156,168,201805,2018,05,
140,Chidobe,6,1917.000000000000000,0.011161864773000,136,185,49,155.824552151000006,9.348200679100000,298715.666473000019323,,,,155,170,201805,2018,05,
141,Jambezi,7,3851.000000000000000,0.022422713219000,132,185,53,155.882195036000013,7.283547259200000,600302.333084000041708,,,,156,164,201805,2018,05,
142,Kachecheti,8,2620.000000000000000,0.015255130780000,131,185,54,159.768702308000002,10.264893868000000,418594.000046000001021,,,,159,174,201805,2018,05,
143,Mabale,9,1782.000000000000000,0.010375817958000,136,188,52,161.754769990000000,9.393420433670000,288247.000121999997646,,,,162,174,201805,2018,05,
144,Nekatambe,1,5886.000000000000000,0.034271641134000,104,169,65,139.645486403000007,6.396759456270000,821953.332969999988563,,,,140,147,201807,2018,07,
145,Nemananga,2,3135.000000000000000,0.018253753815000,124,184,60,145.549069330999998,12.847493594500000,456296.332351999997627,,,,140,167,201807,2018,07,
146,Sidinda,3,8451.000000000000000,0.049206530619000,124,177,53,139.250069015999998,4.748253814170000,1176802.333249999908730,,,,139,145,201807,2018,07,
147,Simangani,4,7231.000000000000000,0.042102996439000,122,164,42,141.546259437999993,6.056803609800000,1023521.001999999978580,,,,141,149,201807,2018,07,
148,Unknown 16,5,1659.000000000000000,0.009659641971000,110,168,57,141.411694278999988,7.236933433930000,234602.000808999990113,,,,141,151,201807,2018,07,
149,Chidobe,6,1917.000000000000000,0.011161864773000,125,174,50,141.772735181999991,8.345395504940001,271778.333343999984208,,,,140,154,201807,2018,07,
150,Jambezi,7,3851.000000000000000,0.022422713219000,122,163,40,138.296372977999994,5.285003759760000,532579.332336000050418,,,,138,145,201807,2018,07,
151,Kachecheti,8,2620.000000000000000,0.015255130780000,123,176,53,146.590457890000010,11.650374254000001,384066.999672000005376,,,,144,165,201807,2018,07,
152,Mabale,9,1782.000000000000000,0.010375817958000,128,175,48,140.834268478000013,6.322324352360000,250966.666427999996813,,,,141,149,201807,2018,07,
153,Nekatambe,1,5886.000000000000000,0.034271641134000,109,174,65,147.217125188000011,8.514123047240000,866519.998856000020169,,,,148,157,201806,2018,06,
154,Nemananga,2,3135.000000000000000,0.018253753815000,124,184,59,151.721105604000002,13.107041162300000,475645.666069000028074,,,,147,174,201806,2018,06,
155,Sidinda,3,8451.000000000000000,0.049206530619000,125,167,42,144.995542613999987,5.172191829610000,1225357.330640000058338,,,,145,151,201806,2018,06,
156,Simangani,4,7231.000000000000000,0.042102996439000,123,169,46,147.592172269000002,7.290476260000000,1067238.997680000029504,,,,147,157,201806,2018,06,
157,Unknown 16,5,1659.000000000000000,0.009659641971000,99,171,72,146.959613651000012,8.426943058330000,243805.999046000011731,,,,146,158,201806,2018,06,
158,Chidobe,6,1917.000000000000000,0.011161864773000,128,179,51,147.428099264999986,9.799686626480000,282619.666290000022855,,,,146,163,201806,2018,06,
159,Jambezi,7,3851.000000000000000,0.022422713219000,126,171,45,144.698519607000009,5.787286353680000,557233.999008000013418,,,,144,152,201806,2018,06,
160,Kachecheti,8,2620.000000000000000,0.015255130780000,127,182,55,152.462467965000002,11.860383615300000,399451.666069000028074,,,,150,171,201806,2018,06,
161,Mabale,9,1782.000000000000000,0.010375817958000,130,176,47,150.085297273000009,8.313846890230000,267451.999741000006907,,,,150,161,201806,2018,06,
162,Nekatambe,1,5886.000000000000000,0.034271641134000,101,145,43,133.619661911000009,3.616839559940000,786485.330009000026621,,,,134,138,201808,2018,08,
163,Nemananga,2,3135.000000000000000,0.018253753815000,123,169,46,138.947261677999990,8.863866035619999,435599.665358999976888,,,,135,154,201808,2018,08,
164,Sidinda,3,8451.000000000000000,0.049206530619000,121,150,29,134.237130970000010,3.085768124790000,1134437.993830000050366,,,,134,138,201808,2018,08,
165,Simangani,4,7231.000000000000000,0.042102996439000,121,151,30,135.262157701000007,3.788384034890000,978080.662338000023738,,,,135,139,201808,2018,08,
166,Unknown 16,5,1659.000000000000000,0.009659641971000,101,162,61,135.881654993000012,5.543973525610000,225427.665634000004502,,,,135,142,201808,2018,08,
167,Chidobe,6,1917.000000000000000,0.011161864773000,126,150,25,136.189184051000012,5.085853546230000,261074.665825000003679,,,,135,144,201808,2018,08,
168,Jambezi,7,3851.000000000000000,0.022422713219000,124,146,22,133.558555490000003,3.237164956750000,514333.997191999980714,,,,133,137,201808,2018,08,
169,Kachecheti,8,2620.000000000000000,0.015255130780000,124,165,41,141.162340706000009,8.775357234990000,369845.332648999989033,,,,139,155,201808,2018,08,
170,Mabale,9,1782.000000000000000,0.010375817958000,126,148,22,134.752898922000014,3.879142256600000,240129.665877999999793,,,,135,140,201808,2018,08,
171,Nekatambe,1,5886.000000000000000,0.034271641134000,108,144,36,131.435609497999991,3.167853671730000,773629.997504999977536,,,,132,135,201809,2018,09,
172,Nemananga,2,3135.000000000000000,0.018253753815000,121,165,44,135.117915630999988,5.382576741950000,423594.665503999975044,,,,134,141,201809,2018,09,
173,Sidinda,3,8451.000000000000000,0.049206530619000,122,151,29,132.369029003999998,2.695974844100000,1118650.664120000088587,,,,132,136,201809,2018,09,
174,Simangani,4,7231.000000000000000,0.042102996439000,122,142,20,132.200801648000009,2.890440198740000,955943.996719000046141,,,,132,135,201809,2018,09,
175,Unknown 16,5,1659.000000000000000,0.009659641971000,99,167,68,132.925054926000001,5.056185105610000,220522.666121999995084,,,,132,137,201809,2018,09,
176,Chidobe,6,1917.000000000000000,0.011161864773000,124,154,30,133.499217240999997,3.795558225500000,255917.999451000010595,,,,133,138,201809,2018,09,
177,Jambezi,7,3851.000000000000000,0.022422713219000,123,149,26,132.277157125999992,2.758113516800000,509399.332091999996919,,,,132,136,201809,2018,09,
178,Kachecheti,8,2620.000000000000000,0.015255130780000,122,168,45,137.003434835000007,6.230927583000000,358948.999268000014126,,,,136,147,201809,2018,09,
179,Mabale,9,1782.000000000000000,0.010375817958000,126,155,30,132.598016840000014,3.400808124690000,236289.666008000000147,,,,132,137,201809,2018,09,
180,Nekatambe,1,5886.000000000000000,0.034271641134000,109,162,54,134.131215271999992,5.848958017070000,789496.333091999986209,,,,135,140,201811,2018,11,
181,Nemananga,2,3135.000000000000000,0.018253753815000,120,178,58,136.283891457000010,5.569288759110000,427249.999718000006396,,,,136,142,201811,2018,11,
182,Sidinda,3,8451.000000000000000,0.049206530619000,119,164,45,135.622490048999992,4.331476952580000,1146145.663410000037402,,,,135,141,201811,2018,11,
183,Simangani,4,7231.000000000000000,0.042102996439000,118,170,52,134.140367844999986,4.055278756590000,969968.999885999946855,,,,134,139,201811,2018,11,
184,Unknown 16,5,1659.000000000000000,0.009659641971000,112,162,50,134.146071868000007,5.163331829920000,222548.333229000010761,,,,134,139,201811,2018,11,
185,Chidobe,6,1917.000000000000000,0.011161864773000,124,177,53,138.710658802000012,5.425871089210000,265908.332923999987543,,,,139,144,201811,2018,11,
186,Jambezi,7,3851.000000000000000,0.022422713219000,122,169,48,134.523067580000003,4.511825401950000,518048.333251999982167,,,,134,140,201811,2018,11,
187,Kachecheti,8,2620.000000000000000,0.015255130780000,121,165,44,138.473536606000010,6.181549700730000,362800.665908999973908,,,,138,148,201811,2018,11,
188,Mabale,9,1782.000000000000000,0.010375817958000,121,178,57,136.493826989000013,6.097213462870000,243231.999695000005886,,,,136,143,201811,2018,11,
189,Nekatambe,1,5886.000000000000000,0.034271641134000,110,150,39,132.044908286999998,4.241145612090000,777216.330177000025287,,,,133,136,201810,2018,10,
190,Nemananga,2,3135.000000000000000,0.018253753815000,122,154,32,133.910153629000007,4.417320069140000,419808.331627000006847,,,,133,138,201810,2018,10,
191,Sidinda,3,8451.000000000000000,0.049206530619000,121,154,33,133.065040874999994,2.932463353090000,1124532.660440000006929,,,,133,137,201810,2018,10,
192,Simangani,4,7231.000000000000000,0.042102996439000,120,143,23,132.125523523999988,3.084352487730000,955399.660599000053480,,,,132,136,201810,2018,10,
193,Unknown 16,5,1659.000000000000000,0.009659641971000,106,165,59,132.539681948000009,4.621420351470000,219883.332351999997627,,,,132,136,201810,2018,10,
194,Chidobe,6,1917.000000000000000,0.011161864773000,123,156,33,133.894452413000010,4.005045028580000,256675.665276000014273,,,,134,139,201810,2018,10,
195,Jambezi,7,3851.000000000000000,0.022422713219000,119,152,33,132.536223740999986,3.426042588230000,510396.997626999975182,,,,132,137,201810,2018,10,
196,Kachecheti,8,2620.000000000000000,0.015255130780000,122,154,32,135.701398968999996,5.220062172520000,355537.665297999978065,,,,135,143,201810,2018,10,
197,Mabale,9,1782.000000000000000,0.010375817958000,122,151,29,132.838383298999986,4.264768064970000,236717.999038999987533,,,,133,138,201810,2018,10,
198,Nekatambe,1,5886.000000000000000,0.034271641134000,107,179,72,151.448351910000014,10.752635668800000,891424.999344000010751,,,,154,163,201812,2018,12,
199,Nemananga,2,3135.000000000000000,0.018253753815000,122,178,56,144.863158007000010,7.787544517040000,454146.000350999995135,,,,145,155,201812,2018,12,
200,Sidinda,3,8451.000000000000000,0.049206530619000,119,179,60,143.805348403000011,6.709113496520000,1215298.999349999940023,,,,144,152,201812,2018,12,
201,Simangani,4,7231.000000000000000,0.042102996439000,119,179,60,148.516157329000009,8.298065514419999,1073920.333649999927729,,,,149,159,201812,2018,12,
202,Unknown 16,5,1659.000000000000000,0.009659641971000,104,169,64,146.812738575999987,7.488845697090000,243562.333298000012292,,,,147,155,201812,2018,12,
203,Chidobe,6,1917.000000000000000,0.011161864773000,125,175,51,146.265345107999991,8.677044141110001,280390.666573000024073,,,,146,158,201812,2018,12,
204,Jambezi,7,3851.000000000000000,0.022422713219000,121,179,58,144.578637571999991,7.786440212310000,556772.333289999980479,,,,144,154,201812,2018,12,
205,Kachecheti,8,2620.000000000000000,0.015255130780000,121,170,50,143.379007484999988,8.286150976700000,375652.999611000006553,,,,143,155,201812,2018,12,
206,Mabale,9,1782.000000000000000,0.010375817958000,135,182,47,158.764122531999988,8.681742585969999,282917.666351000021677,,,,160,169,201812,2018,12,
207,Nekatambe,1,5882.000000000000000,0.034248350858000,109,190,81,171.312252126000004,12.176026742800000,1007658.667009999975562,,,,175,183,2015_01,2015,01,
208,Nemananga,2,3134.000000000000000,0.018247931246000,131,189,58,170.536162624000013,11.885462615800000,534460.333664000034332,,,,175,183,2015_01,2015,01,
209,Sidinda,3,8465.000000000000000,0.049288046585000,140,190,50,174.110100574000001,6.745807698160000,1473842.001360000111163,,,,175,182,2015_01,2015,01,
210,Simangani,4,7246.000000000000000,0.042190334974000,127,190,63,173.814426286000014,8.387820760029999,1259459.332870000042021,,,,175,183,2015_01,2015,01,
211,Unknown 16,5,1665.000000000000000,0.009694577385000,99,186,87,167.605004877999988,12.325560925200000,279062.333121999981813,,,,170,179,2015_01,2015,01,
212,Chidobe,6,1918.000000000000000,0.011167687342000,134,188,54,164.615224318999992,11.211670821400000,315732.000243999995291,,,,166,178,2015_01,2015,01,
213,Jambezi,7,3851.000000000000000,0.022422713219000,134,190,56,172.602008210000008,9.421416826200000,664690.333618000033312,,,,176,182,2015_01,2015,01,
214,Kachecheti,8,2626.000000000000000,0.015290066194000,131,189,58,164.198781590999999,10.988647125200000,431186.000457999994978,,,,165,178,2015_01,2015,01,
215,Mabale,9,1780.000000000000000,0.010364172820000,134,190,56,174.186704133999996,7.993468508130000,310052.333358999982011,,,,176,183,2015_01,2015,01,
216,Nekatambe,1,5882.000000000000000,0.034248350858000,105,189,84,168.826646275999991,11.174482390900000,993038.333396999980323,,,,172,181,2015_02,2015,02,
217,Nemananga,2,3134.000000000000000,0.018247931246000,139,189,50,169.452031397000013,9.010654730160001,531062.666396999964491,,,,171,180,2015_02,2015,02,
218,Sidinda,3,8465.000000000000000,0.049288046585000,141,189,48,171.369560962000008,5.862704788560000,1450643.333540000021458,,,,172,178,2015_02,2015,02,
219,Simangani,4,7246.000000000000000,0.042190334974000,132,188,56,169.637087170000001,7.852943493930000,1229190.333630000008270,,,,171,179,2015_02,2015,02,
220,Unknown 16,5,1665.000000000000000,0.009694577385000,98,187,89,167.115115311000011,10.760295052900000,278246.666992000013124,,,,169,178,2015_02,2015,02,
221,Chidobe,6,1918.000000000000000,0.011167687342000,139,185,47,162.255822047000009,9.110968602690001,311206.666687000019010,,,,163,174,2015_02,2015,02,
222,Jambezi,7,3851.000000000000000,0.022422713219000,143,190,47,171.042066927999997,7.759116725390000,658682.999741000006907,,,,173,179,2015_02,2015,02,
223,Kachecheti,8,2626.000000000000000,0.015290066194000,132,189,57,162.231403946000000,9.531008366449999,426019.666763000015635,,,,162,175,2015_02,2015,02,
224,Mabale,9,1780.000000000000000,0.010364172820000,153,189,35,174.427528004000010,5.928311173520000,310480.999846999999136,,,,175,182,2015_02,2015,02,
225,Nekatambe,1,5882.000000000000000,0.034248350858000,107,187,80,159.845630707999987,10.899375016600001,940211.999824999948032,,,,161,172,2015_03,2015,03,
226,Nemananga,2,3134.000000000000000,0.018247931246000,130,188,58,162.259625540000002,9.535242967169999,508521.666443000023719,,,,163,174,2015_03,2015,03,
227,Sidinda,3,8465.000000000000000,0.049288046585000,137,188,51,163.305690099000003,5.924368366120000,1382382.666690000100061,,,,163,170,2015_03,2015,03,
228,Simangani,4,7246.000000000000000,0.042190334974000,129,189,60,158.356564539999994,8.222962021820001,1147451.666660000104457,,,,159,168,2015_03,2015,03,
229,Unknown 16,5,1665.000000000000000,0.009694577385000,99,178,79,156.116516617000002,9.448469570569999,259934.000167999998666,,,,157,167,2015_03,2015,03,
230,Chidobe,6,1918.000000000000000,0.011167687342000,132,187,55,155.419881843000013,8.998096761439999,298095.333373999979813,,,,155,167,2015_03,2015,03,
231,Jambezi,7,3851.000000000000000,0.022422713219000,138,189,51,162.931273320000003,7.702454299350000,627448.333557000034489,,,,163,172,2015_03,2015,03,
232,Kachecheti,8,2626.000000000000000,0.015290066194000,127,187,61,154.879030234999988,9.425889124910000,406712.333396999980323,,,,154,167,2015_03,2015,03,
233,Mabale,9,1780.000000000000000,0.010364172820000,147,188,41,169.485393232999996,7.480835146040000,301683.999953999998979,,,,170,179,2015_03,2015,03,
234,Nekatambe,1,5882.000000000000000,0.034248350858000,104,189,85,159.291284192999996,10.422785145200001,936951.333625999977812,,,,160,171,2015_04,2015,04,
235,Nemananga,2,3134.000000000000000,0.018247931246000,134,188,54,163.498723681000001,9.589798937839999,512405.000014999997802,,,,164,175,2015_04,2015,04,
236,Sidinda,3,8465.000000000000000,0.049288046585000,137,189,53,166.069226256000007,6.545345096230000,1405776.000259999884292,,,,166,175,2015_04,2015,04,
237,Simangani,4,7246.000000000000000,0.042190334974000,130,188,58,158.602355262000003,8.092897548940000,1149232.666230000089854,,,,159,169,2015_04,2015,04,
238,Unknown 16,5,1665.000000000000000,0.009694577385000,97,184,87,151.484083978999990,9.257126525860000,252220.999825000006240,,,,152,162,2015_04,2015,04,
239,Chidobe,6,1918.000000000000000,0.011167687342000,133,189,56,157.089503005000012,8.980703589470000,301297.666763000015635,,,,156,169,2015_04,2015,04,
240,Jambezi,7,3851.000000000000000,0.022422713219000,137,189,51,163.550246614000002,7.511003030680000,629831.999710000003688,,,,164,173,2015_04,2015,04,
241,Kachecheti,8,2626.000000000000000,0.015290066194000,127,189,62,156.274942818000000,9.433553598070000,410377.999840000004042,,,,156,168,2015_04,2015,04,
242,Mabale,9,1780.000000000000000,0.010364172820000,136,188,52,165.745318217999994,10.114490869200001,295026.666428000025917,,,,166,179,2015_04,2015,04,
243,Nekatambe,1,5882.000000000000000,0.034248350858000,100,181,81,152.196985270999988,7.750359684210000,895222.667366000008769,,,,153,161,2015_05,2015,05,
244,Nemananga,2,3134.000000000000000,0.018247931246000,137,186,50,159.063284484000008,8.266959660960000,498504.333571999974083,,,,159,170,2015_05,2015,05,
245,Sidinda,3,8465.000000000000000,0.049288046585000,134,183,49,159.512344990999992,5.239280229390000,1350272.000350000103936,,,,160,166,2015_05,2015,05,
246,Simangani,4,7246.000000000000000,0.042190334974000,131,186,55,151.186861851999993,6.705200585950000,1095500.000980000011623,,,,151,159,2015_05,2015,05,
247,Unknown 16,5,1665.000000000000000,0.009694577385000,96,178,82,143.845845999000005,6.760865536010000,239503.333588000008604,,,,144,151,2015_05,2015,05,
248,Chidobe,6,1918.000000000000000,0.011167687342000,138,186,48,157.879735809000010,7.980389444130000,302813.333281999977771,,,,158,168,2015_05,2015,05,
249,Jambezi,7,3851.000000000000000,0.022422713219000,137,180,43,157.568337213999996,5.671277529030000,606795.666610999964178,,,,158,165,2015_05,2015,05,
250,Kachecheti,8,2626.000000000000000,0.015290066194000,135,181,45,158.114622786000012,7.439737072230000,415208.999435000005178,,,,158,168,2015_05,2015,05,
251,Mabale,9,1780.000000000000000,0.010364172820000,139,180,41,157.476030011000006,7.959125408200000,280307.333419999980833,,,,158,167,2015_05,2015,05,
252,Nekatambe,1,5882.000000000000000,0.034248350858000,99,165,66,139.165476329999990,4.968289734330000,818571.331771999946795,,,,140,145,2015_06,2015,06,
253,Nemananga,2,3134.000000000000000,0.018247931246000,125,181,55,144.702935177999990,6.383915360650000,453498.998848000017460,,,,144,153,2015_06,2015,06,
254,Sidinda,3,8465.000000000000000,0.049288046585000,124,163,39,144.509194205000000,4.534085102070000,1223270.328949999995530,,,,144,150,2015_06,2015,06,
255,Simangani,4,7246.000000000000000,0.042190334974000,123,157,33,138.188287473000003,4.150156929660000,1001312.331030000001192,,,,138,143,2015_06,2015,06,
256,Unknown 16,5,1665.000000000000000,0.009694577385000,100,167,67,135.265865373999986,4.927534810270000,225217.665848000004189,,,,135,140,2015_06,2015,06,
257,Chidobe,6,1918.000000000000000,0.011167687342000,130,185,55,149.189607279999990,8.702149559750000,286145.666763000015635,,,,148,161,2015_06,2015,06,
258,Jambezi,7,3851.000000000000000,0.022422713219000,127,163,37,143.308317796000011,5.188607222960000,551880.331832999945618,,,,143,150,2015_06,2015,06,
259,Kachecheti,8,2626.000000000000000,0.015290066194000,127,174,47,148.771896373999994,7.473564441660000,390674.999878000002354,,,,148,158,2015_06,2015,06,
260,Mabale,9,1780.000000000000000,0.010364172820000,129,165,36,144.152246881999986,6.928616259790000,256590.999451000010595,,,,143,154,2015_06,2015,06,
261,Nekatambe,1,5882.000000000000000,0.034248350858000,106,151,45,133.474781288999992,3.720273120740000,785098.663544000010006,,,,134,137,2015_07,2015,07,
262,Nemananga,2,3134.000000000000000,0.018247931246000,121,156,34,136.375770523000000,4.142134549780000,427401.664817999990191,,,,136,142,2015_07,2015,07,
263,Sidinda,3,8465.000000000000000,0.049288046585000,123,154,31,136.624374046000014,3.497068898640000,1156525.326300000073388,,,,136,141,2015_07,2015,07,
264,Simangani,4,7246.000000000000000,0.042190334974000,122,155,34,133.349893815000001,3.102723247290000,966253.330581999965943,,,,134,137,2015_07,2015,07,
265,Unknown 16,5,1665.000000000000000,0.009694577385000,99,162,63,132.312312265999992,4.356459303910000,220299.999924000003375,,,,132,136,2015_07,2015,07,
266,Chidobe,6,1918.000000000000000,0.011167687342000,125,164,39,139.599756127000006,7.014227237260000,267752.332253000000492,,,,139,150,2015_07,2015,07,
267,Jambezi,7,3851.000000000000000,0.022422713219000,124,156,32,135.810870915000010,3.993514743700000,523007.663895000005141,,,,136,141,2015_07,2015,07,
268,Kachecheti,8,2626.000000000000000,0.015290066194000,123,163,39,139.546204039999992,6.249955981830000,366448.331810000003316,,,,139,147,2015_07,2015,07,
269,Mabale,9,1780.000000000000000,0.010364172820000,127,158,30,137.620973316999994,5.197332858310000,244965.332503999990877,,,,137,145,2015_07,2015,07,
270,Nekatambe,1,5882.000000000000000,0.034248350858000,105,146,41,130.568797111999999,3.104115583410000,768005.664611999993213,,,,131,134,2015_08,2015,08,
271,Nemananga,2,3134.000000000000000,0.018247931246000,120,144,24,132.319824995000005,3.461776901690000,414690.331535000004806,,,,132,136,2015_08,2015,08,
272,Sidinda,3,8465.000000000000000,0.049288046585000,121,147,26,131.916203198000005,2.528257497860000,1116670.660069999983534,,,,132,135,2015_08,2015,08,
273,Simangani,4,7246.000000000000000,0.042190334974000,121,144,23,130.718787080999988,2.471091561690000,947188.331191999954171,,,,131,133,2015_08,2015,08,
274,Unknown 16,5,1665.000000000000000,0.009694577385000,104,155,51,130.147947724999995,3.694082399360000,216696.332961999985855,,,,130,133,2015_08,2015,08,
275,Chidobe,6,1918.000000000000000,0.011167687342000,122,147,25,132.851754631000006,4.322341249880000,254809.665382000006502,,,,132,139,2015_08,2015,08,
276,Jambezi,7,3851.000000000000000,0.022422713219000,122,148,26,131.416341590999991,2.955570574370000,506084.331467000010889,,,,131,135,2015_08,2015,08,
277,Kachecheti,8,2626.000000000000000,0.015290066194000,121,149,27,133.373317444999998,4.056610598770000,350238.331612000009045,,,,133,138,2015_08,2015,08,
278,Mabale,9,1780.000000000000000,0.010364172820000,125,148,22,133.108613488000003,3.593820138180000,236933.332007999997586,,,,133,138,2015_08,2015,08,
279,Nekatambe,1,5882.000000000000000,0.034248350858000,111,139,28,129.744303892999994,3.033222414930000,763155.995498999953270,,,,130,133,2015_09,2015,09,
280,Nemananga,2,3134.000000000000000,0.018247931246000,121,144,24,131.112316235999998,3.465985340470000,410905.999084000010043,,,,131,136,2015_09,2015,09,
281,Sidinda,3,8465.000000000000000,0.049288046585000,121,143,22,130.367197132000001,2.067498475310000,1103558.323719999985769,,,,130,133,2015_09,2015,09,
282,Simangani,4,7246.000000000000000,0.042190334974000,121,138,17,129.460391299000008,2.196356335870000,938069.995354000013322,,,,130,132,2015_09,2015,09,
283,Unknown 16,5,1665.000000000000000,0.009694577385000,103,149,46,129.021220760000006,3.304431628580000,214820.332564999989700,,,,129,132,2015_09,2015,09,
284,Chidobe,6,1918.000000000000000,0.011167687342000,121,143,22,130.504170530000010,3.163076196510000,250306.999076999985846,,,,130,135,2015_09,2015,09,
285,Jambezi,7,3851.000000000000000,0.022422713219000,122,143,21,130.059550999999999,2.661636356820000,500859.330902000016067,,,,130,133,2015_09,2015,09,
286,Kachecheti,8,2626.000000000000000,0.015290066194000,121,143,22,131.018278288999994,2.821552987790000,344053.998787000018638,,,,131,134,2015_09,2015,09,
287,Mabale,9,1780.000000000000000,0.010364172820000,125,143,18,131.519662154000002,2.994280802980000,234104.998633999988670,,,,131,135,2015_09,2015,09,
288,Nekatambe,1,5882.000000000000000,0.034248350858000,112,174,62,131.451206934999988,4.931202323580000,773195.999191000009887,,,,132,137,2015_10,2015,10,
289,Nemananga,2,3134.000000000000000,0.018247931246000,120,146,26,131.487343157999987,3.557626275340000,412081.333457999979146,,,,132,136,2015_10,2015,10,
290,Sidinda,3,8465.000000000000000,0.049288046585000,120,168,48,132.057137118000014,2.903737176000000,1117863.665700000012293,,,,132,135,2015_10,2015,10,
291,Simangani,4,7246.000000000000000,0.042190334974000,120,158,38,130.934952431999989,3.300129194480000,948754.665321000036784,,,,131,134,2015_10,2015,10,
292,Unknown 16,5,1665.000000000000000,0.009694577385000,109,151,42,129.568768691000002,3.949070086950000,215731.999869999999646,,,,130,134,2015_10,2015,10,
293,Chidobe,6,1918.000000000000000,0.011167687342000,121,150,29,131.299617866999995,4.008899842480000,251832.667068000009749,,,,131,136,2015_10,2015,10,
294,Jambezi,7,3851.000000000000000,0.022422713219000,120,150,30,131.415909241000008,3.664244846280000,506082.666489000024740,,,,131,136,2015_10,2015,10,
295,Kachecheti,8,2626.000000000000000,0.015290066194000,119,153,34,131.078827165999996,3.229705387650000,344213.000136999995448,,,,131,135,2015_10,2015,10,
296,Mabale,9,1780.000000000000000,0.010364172820000,124,166,42,133.643071416999987,4.415916292160000,237884.667122000013478,,,,133,139,2015_10,2015,10,
297,Nekatambe,1,5882.000000000000000,0.034248350858000,109,183,75,137.132267974999991,7.301094216600000,806612.000228999997489,,,,138,145,2015_11,2015,11,
298,Nemananga,2,3134.000000000000000,0.018247931246000,121,165,44,136.864603124000013,5.188149409650000,428933.666191000025719,,,,137,143,2015_11,2015,11,
299,Sidinda,3,8465.000000000000000,0.049288046585000,121,180,59,140.609568854000003,4.914833657780000,1190260.000350000103936,,,,141,146,2015_11,2015,11,
300,Simangani,4,7246.000000000000000,0.042190334974000,119,171,52,137.062195279000008,5.343871417560000,993152.666991999954917,,,,137,143,2015_11,2015,11,
301,Unknown 16,5,1665.000000000000000,0.009694577385000,102,159,57,135.710911134000014,5.823552146590000,225958.667038000014145,,,,137,142,2015_11,2015,11,
302,Chidobe,6,1918.000000000000000,0.011167687342000,122,170,48,135.415710786999995,5.157618000650000,259727.333290000009583,,,,135,142,2015_11,2015,11,
303,Jambezi,7,3851.000000000000000,0.022422713219000,122,168,45,137.202458158000013,5.535034980760000,528366.666366999968886,,,,137,144,2015_11,2015,11,
304,Kachecheti,8,2626.000000000000000,0.015290066194000,121,158,37,135.130743856000009,4.877035885130000,354853.333365999977104,,,,135,141,2015_11,2015,11,
305,Mabale,9,1780.000000000000000,0.010364172820000,123,160,36,137.503557895000000,6.249108810980000,244756.333053999987897,,,,137,146,2015_11,2015,11,
306,Nekatambe,1,5882.000000000000000,0.034248350858000,107,182,76,151.285843852999989,12.366314570600000,889863.333542000036687,,,,153,167,2015_12,2015,12,
307,Nemananga,2,3134.000000000000000,0.018247931246000,126,186,60,158.299191723999996,12.460995209000000,496109.666862000012770,,,,160,173,2015_12,2015,12,
308,Sidinda,3,8465.000000000000000,0.049288046585000,131,190,59,162.270565135999988,8.254407721060000,1373620.333880000049248,,,,163,172,2015_12,2015,12,
309,Simangani,4,7246.000000000000000,0.042190334974000,124,184,60,153.692842100999997,8.856516613509999,1113658.333859999896958,,,,154,164,2015_12,2015,12,
310,Unknown 16,5,1665.000000000000000,0.009694577385000,110,174,65,152.701902111000010,9.280068958810000,254248.667015000013635,,,,154,163,2015_12,2015,12,
311,Chidobe,6,1918.000000000000000,0.011167687342000,127,180,53,154.066041060999993,10.141218941500000,295498.666756000020541,,,,155,167,2015_12,2015,12,
312,Jambezi,7,3851.000000000000000,0.022422713219000,132,190,58,159.705790750999995,9.251154332570000,615027.000182999996468,,,,160,171,2015_12,2015,12,
313,Kachecheti,8,2626.000000000000000,0.015290066194000,131,185,54,156.280020250000007,10.185025170999999,410391.333175999985542,,,,156,169,2015_12,2015,12,
314,Mabale,9,1780.000000000000000,0.010364172820000,128,185,57,151.852247174000013,11.211070202100000,270296.999968999996781,,,,150,167,2015_12,2015,12,
315,Nekatambe,1,5882.000000000000000,0.034248350858000,115,187,72,155.312308736999995,15.538724463900000,913546.999992000055499,,,,158,174,2016_01,2016,01,
316,Nemananga,2,3134.000000000000000,0.018247931246000,125,186,61,157.368538582000014,11.336676943800001,493192.999916000000667,,,,159,171,2016_01,2016,01,
317,Sidinda,3,8465.000000000000000,0.049288046585000,129,188,59,162.898641457999986,9.227610687429999,1378936.999940000008792,,,,164,174,2016_01,2016,01,
318,Simangani,4,7246.000000000000000,0.042190334974000,124,186,62,156.969224344999986,10.372426208700000,1137398.999599999981001,,,,157,170,2016_01,2016,01,
319,Unknown 16,5,1665.000000000000000,0.009694577385000,105,182,77,152.646646607999998,9.578629929280000,254156.666602999990573,,,,154,164,2016_01,2016,01,
320,Chidobe,6,1918.000000000000000,0.011167687342000,126,188,62,160.033715870000009,12.536579152600000,306944.667038000014145,,,,160,177,2016_01,2016,01,
321,Jambezi,7,3851.000000000000000,0.022422713219000,133,188,54,162.248506956999989,10.055225169700000,624819.000289999996312,,,,163,175,2016_01,2016,01,
322,Kachecheti,8,2626.000000000000000,0.015290066194000,128,188,60,158.103198778999996,10.287200495200000,415178.999991999997292,,,,159,171,2016_01,2016,01,
323,Mabale,9,1780.000000000000000,0.010364172820000,128,188,59,158.395880057999989,11.544100313100000,281944.666504000022542,,,,158,174,2016_01,2016,01,
324,Nekatambe,1,5882.000000000000000,0.034248350858000,114,188,74,160.494559629000008,15.081147958500001,944028.999741000006907,,,,164,178,2016_02,2016,02,
325,Nemananga,2,3134.000000000000000,0.018247931246000,127,190,63,158.275260575000004,10.966960799200001,496034.666641000017989,,,,159,172,2016_02,2016,02,
326,Sidinda,3,8465.000000000000000,0.049288046585000,128,189,60,164.999212472000011,9.112840012240000,1396718.333570000017062,,,,165,177,2016_02,2016,02,
327,Simangani,4,7246.000000000000000,0.042190334974000,118,189,71,160.285720862999995,11.751792589600001,1161430.333369999891147,,,,161,176,2016_02,2016,02,
328,Unknown 16,5,1665.000000000000000,0.009694577385000,105,179,74,152.896896911999988,10.246731674199999,254573.333359000011114,,,,154,165,2016_02,2016,02,
329,Chidobe,6,1918.000000000000000,0.011167687342000,131,187,55,161.829509913999999,9.433008612389999,310389.000014999997802,,,,162,174,2016_02,2016,02,
330,Jambezi,7,3851.000000000000000,0.022422713219000,130,188,58,164.531290434999988,10.651005540800000,633609.999466000008397,,,,166,178,2016_02,2016,02,
331,Kachecheti,8,2626.000000000000000,0.015290066194000,130,188,58,158.513836020000014,9.175449803390000,416257.333388999977615,,,,158,170,2016_02,2016,02,
332,Mabale,9,1780.000000000000000,0.010364172820000,139,189,51,167.237265752000013,9.372320745500000,297682.333037999982480,,,,168,179,2016_02,2016,02,
333,Nekatambe,1,5882.000000000000000,0.034248350858000,106,189,83,164.551569771999993,13.787990730000001,967892.333396999980323,,,,167,181,2016_03,2016,03,
334,Nemananga,2,3134.000000000000000,0.018247931246000,131,188,57,168.174962719000007,9.296680334830000,527060.333160000038333,,,,169,179,2016_03,2016,03,
335,Sidinda,3,8465.000000000000000,0.049288046585000,135,189,54,174.398779211999994,6.439318669260000,1476285.666029999963939,,,,176,181,2016_03,2016,03,
336,Simangani,4,7246.000000000000000,0.042190334974000,127,189,63,170.120204285000000,9.207795282890000,1232691.000250000040978,,,,171,181,2016_03,2016,03,
337,Unknown 16,5,1665.000000000000000,0.009694577385000,106,185,79,165.083684043000005,9.461013799020000,274864.333930999971926,,,,166,176,2016_03,2016,03,
338,Chidobe,6,1918.000000000000000,0.011167687342000,130,187,57,165.031282578000003,8.299972102670001,316529.999985000002198,,,,165,176,2016_03,2016,03,
339,Jambezi,7,3851.000000000000000,0.022422713219000,133,189,56,171.210767890000000,8.014934059520000,659332.667144999955781,,,,173,180,2016_03,2016,03,
340,Kachecheti,8,2626.000000000000000,0.015290066194000,139,187,49,166.398959139999988,8.000939394990001,436963.666702000016812,,,,166,177,2016_03,2016,03,
341,Mabale,9,1780.000000000000000,0.010364172820000,139,189,51,170.059925155999991,8.233607373610001,302706.666779000021052,,,,170,181,2016_03,2016,03,
342,Nekatambe,1,5882.000000000000000,0.034248350858000,103,189,86,161.798821335000014,11.711925829400000,951700.667091000010259,,,,163,175,2016_04,2016,04,
343,Nemananga,2,3134.000000000000000,0.018247931246000,142,188,46,167.963624842999991,8.725047369609999,526398.000258999993093,,,,169,178,2016_04,2016,04,
344,Sidinda,3,8465.000000000000000,0.049288046585000,134,189,55,168.882732782999994,6.370644080980000,1429592.333009999943897,,,,169,177,2016_04,2016,04,
345,Simangani,4,7246.000000000000000,0.042190334974000,135,189,54,166.032247665000000,8.750352601900000,1203069.666579999960959,,,,166,177,2016_04,2016,04,
346,Unknown 16,5,1665.000000000000000,0.009694577385000,124,183,60,160.633233143000012,7.848244619030000,267454.333182999980636,,,,161,171,2016_04,2016,04,
347,Chidobe,6,1918.000000000000000,0.011167687342000,141,188,47,163.938998838000003,8.445895513709999,314434.999771000002511,,,,163,175,2016_04,2016,04,
348,Jambezi,7,3851.000000000000000,0.022422713219000,137,188,51,167.810092717000003,8.309397037360000,646236.667052999953739,,,,169,177,2016_04,2016,04,
349,Kachecheti,8,2626.000000000000000,0.015290066194000,140,189,48,165.500380801999995,8.688054716530001,434603.999985000002198,,,,166,177,2016_04,2016,04,
350,Mabale,9,1780.000000000000000,0.010364172820000,144,189,45,169.671722969000001,8.292313300649999,302015.666885000013281,,,,171,180,2016_04,2016,04,
351,Nekatambe,1,5882.000000000000000,0.034248350858000,99,183,85,148.509293723000013,8.892539624970000,873531.665679999976419,,,,150,159,2016_05,2016,05,
352,Nemananga,2,3134.000000000000000,0.018247931246000,129,184,55,150.595405110999991,8.594558466420001,471965.999619000009261,,,,150,162,2016_05,2016,05,
353,Sidinda,3,8465.000000000000000,0.049288046585000,126,182,56,148.503406210000009,5.576680563830000,1257081.333559999940917,,,,148,155,2016_05,2016,05,
354,Simangani,4,7246.000000000000000,0.042190334974000,126,179,53,148.403348826000013,7.226938236310000,1075330.665599999949336,,,,148,158,2016_05,2016,05,
355,Unknown 16,5,1665.000000000000000,0.009694577385000,123,174,51,142.819419699999997,6.449740828440000,237794.333801000000676,,,,142,152,2016_05,2016,05,
356,Chidobe,6,1918.000000000000000,0.011167687342000,129,180,52,147.966979192999986,8.653994542470000,283800.666092000028584,,,,147,160,2016_05,2016,05,
357,Jambezi,7,3851.000000000000000,0.022422713219000,128,181,53,148.088115675000012,6.675171645670000,570287.333466000040062,,,,149,156,2016_05,2016,05,
358,Kachecheti,8,2626.000000000000000,0.015290066194000,126,187,61,151.098121106000008,8.794210448599999,396783.666023000027053,,,,151,162,2016_05,2016,05,
359,Mabale,9,1780.000000000000000,0.010364172820000,135,182,46,154.360112256999997,8.234687851329999,274760.999817000003532,,,,154,165,2016_05,2016,05,
360,Nekatambe,1,5882.000000000000000,0.034248350858000,99,187,87,138.743624361999991,6.486536304350000,816089.998496999964118,,,,139,146,2016_06,2016,06,
361,Nemananga,2,3134.000000000000000,0.018247931246000,122,170,48,139.403850244000012,5.928510019110000,436891.666664000018500,,,,139,148,2016_06,2016,06,
362,Sidinda,3,8465.000000000000000,0.049288046585000,122,160,37,138.625319859000001,4.253920835380000,1173463.332600000081584,,,,138,144,2016_06,2016,06,
363,Simangani,4,7246.000000000000000,0.042190334974000,121,175,54,139.849848208999987,5.716216252500000,1013352.000119999982417,,,,140,147,2016_06,2016,06,
364,Unknown 16,5,1665.000000000000000,0.009694577385000,113,168,55,136.045845751000002,5.556405543410000,226516.333175999985542,,,,135,143,2016_06,2016,06,
365,Chidobe,6,1918.000000000000000,0.011167687342000,123,160,38,137.981577891999990,5.916305643930000,264648.666397000022698,,,,138,146,2016_06,2016,06,
366,Jambezi,7,3851.000000000000000,0.022422713219000,123,163,40,138.369947246999999,4.972501715930000,532862.666847000014968,,,,138,144,2016_06,2016,06,
367,Kachecheti,8,2626.000000000000000,0.015290066194000,122,165,43,140.618177096000011,6.375112759750000,369263.333053999987897,,,,140,149,2016_06,2016,06,
368,Mabale,9,1780.000000000000000,0.010364172820000,129,186,57,142.087453084000003,6.577182725990000,252915.666488999995636,,,,141,151,2016_06,2016,06,
369,Nekatambe,1,5882.000000000000000,0.034248350858000,102,162,60,132.774736222000001,4.297967943020000,780980.998459000024013,,,,133,137,2016_07,2016,07,
370,Nemananga,2,3134.000000000000000,0.018247931246000,121,153,32,133.615187867999992,3.746435810300000,418749.998779000015929,,,,133,138,2016_07,2016,07,
371,Sidinda,3,8465.000000000000000,0.049288046585000,120,151,31,133.272218315000003,3.001859998310000,1128149.328029999975115,,,,133,137,2016_07,2016,07,
372,Simangani,4,7246.000000000000000,0.042190334974000,121,149,28,133.872849013999996,3.629035245360000,970042.663956000003964,,,,134,138,2016_07,2016,07,
373,Unknown 16,5,1665.000000000000000,0.009694577385000,113,163,50,132.212612318999987,4.374941755550000,220133.999512000009418,,,,132,137,2016_07,2016,07,
374,Chidobe,6,1918.000000000000000,0.011167687342000,122,150,28,133.072818616999996,4.093221024080000,255233.666106999997282,,,,133,138,2016_07,2016,07,
375,Jambezi,7,3851.000000000000000,0.022422713219000,122,148,26,132.971262214000006,3.524040661410000,512072.330788000021130,,,,133,137,2016_07,2016,07,
376,Kachecheti,8,2626.000000000000000,0.015290066194000,121,149,27,134.599390432000007,4.122228108960000,353457.999275000009220,,,,134,140,2016_07,2016,07,
377,Mabale,9,1780.000000000000000,0.010364172820000,126,156,30,135.365168165999989,4.104105127370000,240949.999336000008043,,,,135,141,2016_07,2016,07,
378,Nekatambe,1,5882.000000000000000,0.034248350858000,111,152,41,130.126374059999989,3.423677982180000,765403.332221999997273,,,,131,134,2016_08,2016,08,
379,Nemananga,2,3134.000000000000000,0.018247931246000,120,150,30,131.263135473000006,3.318340208410000,411378.666573000024073,,,,131,135,2016_08,2016,08,
380,Sidinda,3,8465.000000000000000,0.049288046585000,120,154,35,130.957235403999988,2.689791265050000,1108552.997699999948964,,,,131,134,2016_08,2016,08,
381,Simangani,4,7246.000000000000000,0.042190334974000,120,153,33,130.757336960000004,2.930249069460000,947467.663611999945715,,,,131,134,2016_08,2016,08,
382,Unknown 16,5,1665.000000000000000,0.009694577385000,112,160,47,129.982782417999999,3.721911199530000,216421.332725999993272,,,,130,133,2016_08,2016,08,
383,Chidobe,6,1918.000000000000000,0.011167687342000,122,148,26,131.058220084999988,3.676547569610000,251369.666121999995084,,,,131,136,2016_08,2016,08,
384,Jambezi,7,3851.000000000000000,0.022422713219000,121,151,30,130.458928165999993,3.183802236260000,502397.332366999995429,,,,130,134,2016_08,2016,08,
385,Kachecheti,8,2626.000000000000000,0.015290066194000,120,154,34,131.549377711999995,3.212752256000000,345448.665870999975596,,,,132,135,2016_08,2016,08,
386,Mabale,9,1780.000000000000000,0.010364172820000,124,152,28,132.502434432999991,3.798785279910000,235854.333290000009583,,,,132,137,2016_08,2016,08,
387,Nekatambe,1,5882.000000000000000,0.034248350858000,112,144,32,128.843080353999994,3.138736278150000,757854.998642000020482,,,,129,132,2016_09,2016,09,
388,Nemananga,2,3134.000000000000000,0.018247931246000,119,140,21,130.068495520999988,2.648855845740000,407634.664962999988347,,,,130,133,2016_09,2016,09,
389,Sidinda,3,8465.000000000000000,0.049288046585000,120,147,27,130.154202854000005,2.144104330170000,1101755.327160000102594,,,,130,133,2016_09,2016,09,
390,Simangani,4,7246.000000000000000,0.042190334974000,119,139,20,129.356242127999991,2.264909424160000,937315.330459999968298,,,,130,132,2016_09,2016,09,
391,Unknown 16,5,1665.000000000000000,0.009694577385000,116,150,34,128.771971795000013,3.127539385680000,214405.333038000011584,,,,129,131,2016_09,2016,09,
392,Chidobe,6,1918.000000000000000,0.011167687342000,121,144,22,130.254257671999994,3.333707598020000,249827.666213999997126,,,,130,135,2016_09,2016,09,
393,Jambezi,7,3851.000000000000000,0.022422713219000,121,143,23,129.501600800000006,2.649073201120000,498710.664679999987129,,,,129,133,2016_09,2016,09,
394,Kachecheti,8,2626.000000000000000,0.015290066194000,120,141,21,130.281543077999999,2.603080038050000,342119.332123000000138,,,,131,133,2016_09,2016,09,
395,Mabale,9,1780.000000000000000,0.010364172820000,124,147,23,131.008239395000004,3.459818409800000,233194.666121999995084,,,,131,135,2016_09,2016,09,
396,Nekatambe,1,5882.000000000000000,0.034248350858000,110,167,57,128.827892803999987,3.789591819010000,757765.665474000037648,,,,129,133,2016_10,2016,10,
397,Nemananga,2,3134.000000000000000,0.018247931246000,119,143,24,130.277281549000008,2.840949293520000,408289.000373999995645,,,,131,134,2016_10,2016,10,
398,Sidinda,3,8465.000000000000000,0.049288046585000,121,144,24,131.089820825000004,2.365628575290000,1109675.333279999904335,,,,131,134,2016_10,2016,10,
399,Simangani,4,7246.000000000000000,0.042190334974000,120,144,25,129.101020989000006,2.577728585200000,935465.998084999970160,,,,129,132,2016_10,2016,10,
400,Unknown 16,5,1665.000000000000000,0.009694577385000,113,150,37,128.125525286999988,3.251619915050000,213328.999603000003844,,,,128,131,2016_10,2016,10,
401,Chidobe,6,1918.000000000000000,0.011167687342000,120,148,28,130.170663819999987,3.457332415010000,249667.333206000010250,,,,130,134,2016_10,2016,10,
402,Jambezi,7,3851.000000000000000,0.022422713219000,120,163,43,130.395049029000006,3.206408165120000,502151.333808999974281,,,,130,135,2016_10,2016,10,
403,Kachecheti,8,2626.000000000000000,0.015290066194000,120,143,23,130.352373926000013,2.809450494440000,342305.333930999971926,,,,131,133,2016_10,2016,10,
404,Mabale,9,1780.000000000000000,0.010364172820000,123,162,39,132.153932690999994,4.646871074140000,235234.000190999999177,,,,132,138,2016_10,2016,10,
405,Nekatambe,1,5882.000000000000000,0.034248350858000,109,179,70,134.409497802999994,7.614127119590000,790596.666076999972574,,,,135,143,2016_11,2016,11,
406,Nemananga,2,3134.000000000000000,0.018247931246000,117,170,52,132.238140772999998,5.501572319980000,414434.333182999980636,,,,132,138,2016_11,2016,11,
407,Sidinda,3,8465.000000000000000,0.049288046585000,119,182,63,135.928489793000011,5.927569737670000,1150634.666100000031292,,,,135,143,2016_11,2016,11,
408,Simangani,4,7246.000000000000000,0.042190334974000,117,172,54,132.166390602000007,4.904878465260000,957677.666305999970064,,,,132,138,2016_11,2016,11,
409,Unknown 16,5,1665.000000000000000,0.009694577385000,109,152,44,130.578378144999988,4.783076703990000,217412.999611000006553,,,,130,137,2016_11,2016,11,
410,Chidobe,6,1918.000000000000000,0.011167687342000,118,171,53,134.505039939000000,6.163216162480000,257980.666602999990573,,,,134,141,2016_11,2016,11,
411,Jambezi,7,3851.000000000000000,0.022422713219000,120,178,58,133.436336788000006,6.293554326120000,513863.332969999988563,,,,132,141,2016_11,2016,11,
412,Kachecheti,8,2626.000000000000000,0.015290066194000,118,173,54,133.277481491999993,5.661999064160000,349986.666397000022698,,,,133,139,2016_11,2016,11,
413,Mabale,9,1780.000000000000000,0.010364172820000,121,167,46,135.708052439999989,7.077163263010000,241560.333344000013312,,,,135,145,2016_11,2016,11,
414,Nekatambe,1,5882.000000000000000,0.034248350858000,109,187,78,154.787883978999986,13.965498801500001,910462.333564999978989,,,,157,172,2016_12,2016,12,
415,Nemananga,2,3134.000000000000000,0.018247931246000,108,182,74,143.940012811999992,14.925602662399999,451108.000153000000864,,,,141,167,2016_12,2016,12,
416,Sidinda,3,8465.000000000000000,0.049288046585000,119,187,68,151.624847445000000,11.271027807399999,1283504.333630000008270,,,,151,167,2016_12,2016,12,
417,Simangani,4,7246.000000000000000,0.042190334974000,120,187,67,148.214785132000003,11.246378866400001,1073964.333069999935105,,,,148,163,2016_12,2016,12,
418,Unknown 16,5,1665.000000000000000,0.009694577385000,111,182,71,149.260060073999995,12.523327693100001,248518.000023000000510,,,,147,169,2016_12,2016,12,
419,Chidobe,6,1918.000000000000000,0.011167687342000,110,185,75,147.751303245999992,12.878088865900001,283386.999626000004355,,,,147,165,2016_12,2016,12,
420,Jambezi,7,3851.000000000000000,0.022422713219000,113,182,69,146.669869342999988,12.206597780299999,564825.666839999961667,,,,146,163,2016_12,2016,12,
421,Kachecheti,8,2626.000000000000000,0.015290066194000,111,186,75,143.801599474999989,12.638841723400001,377623.000220999994781,,,,144,160,2016_12,2016,12,
422,Mabale,9,1780.000000000000000,0.010364172820000,116,188,73,153.890449493999995,11.072304633300000,273925.000098999997135,,,,153,169,2016_12,2016,12,
